date,strategy,soc_start_kwh,soc_end_kwh,plan_kwh,charge_kwh,discharge_kwh,emergency_kwh,spill_kwh,original_plan_kwh,increase_kwh,decrease_kwh,original_cost_yuan,increase_cost_yuan,decrease_cost_yuan,emergency_cost_yuan,total_cost_yuan,emergency_intervals
2025-02-01,q4_2_ridge,9902.8112878703687,2544.8929316879744,37360.101636695763,12540.832983516253,16780.201237212324,0,7221.2939570585031,37360.101636695763,0,0,16537.57324997742,0,0,0,16537.57324997742,0
2025-02-02,q4_2_ridge,2544.8929316879744,2725.4261543553712,92671.914161566805,21921.837000872922,17594.208070306406,0,9988.0072810002985,92671.914161566805,0,0,65653.779239087075,0,0,0,65653.779239087075,0
2025-02-03,q4_2_ridge,2725.4261543553712,2405.1957968888014,89479.604381148631,21070.530957289375,17355.337397124305,0,5547.4943209835592,89479.604381148631,0,0,64344.086247555198,0,0,0,64344.086247555198,0
2025-02-04,q4_2_ridge,2405.1957968888014,2512.5776439885544,90023.191096096722,24733.404520268465,19937.413999027678,0,4032.3366248559405,90023.191096096722,0,0,64106.066638359676,0,0,0,64106.066638359676,0
2025-02-05,q4_2_ridge,2512.5776439885544,1323.1766066987734,83069.957316772401,22709.67861152855,19465.300608898928,1168.5128029191799,245.66513372862184,83069.957316772401,0,0,58776.647190053583,0,0,6703.9817365417775,65480.628926595353,9
2025-02-06,q4_2_ridge,1323.1766066987734,1289.2605136849434,86562.952341949946,24414.830364460307,19806.537078925299,99.783461097711211,1783.3853008459823,86562.952341949946,0,0,61269.421888176839,0,0,478.80586726366329,61748.227755440501,4
2025-02-07,q4_2_ridge,1289.2605136849434,1200,39663.060698412541,21732.01503693511,17683.266642233895,698.32322048121921,4506.955857525877,39663.060698412541,0,0,16435.819462914344,0,0,2301.1511527431257,18736.970615657468,5
2025-02-08,q4_2_ridge,1200,1200,35239.687735231302,20896.136670374999,16925.870703003751,1365.0758276482234,1057.3348788416167,35239.687735231302,0,0,14524.077243946906,0,0,6083.5376092093229,20607.614853156228,10
2025-02-09,q4_2_ridge,1200,1209.5646817746283,81788.049013092474,23285.703757127838,18852.811829676386,2314.202980102551,113.94409907691693,81788.049013092474,0,0,56783.527330015975,0,0,13493.221845582168,70276.749175598146,23
2025-02-10,q4_2_ridge,1209.5646817746283,1200,82125.012051434052,21201.738503711953,17182.016401603847,555.10652398681282,4333.7588899794227,82125.012051434052,0,0,55944.644979003497,0,0,2163.0849281540382,58107.72990715754,16
2025-02-11,q4_2_ridge,1200,1258.6525646872838,80603.861418488494,23544.42154886336,19018.194146360765,740.67736457431965,1597.7142472268724,80603.861418488494,0,0,54793.867011409733,0,0,4422.0421403885803,59215.909151798311,11
2025-02-12,q4_2_ridge,1258.6525646872838,1326.9877540515092,82529.966785642668,24556.820677776399,19829.523078571088,127.04685450881172,2662.9799076128502,82529.966785642668,0,0,55855.766469598631,0,0,697.30865918557902,56553.075128784214,6
2025-02-13,q4_2_ridge,1326.9877540515092,1536.506316053323,81743.494544837886,21588.798222623504,17298.359854523409,0,6123.5771600711323,81743.494544837886,0,0,55238.291257829376,0,0,0,55238.291257829376,0
2025-02-14,q4_2_ridge,1536.506316053323,1200,35070.104413121211,20644.078022742997,17024.558882869816,711.87812720632076,2360.6615837876816,35070.104413121211,0,0,14611.684753630041,0,0,3042.2289401731341,17653.913693803177,9
2025-02-15,q4_2_ridge,1200,1200,35464.36994929731,19842.760546837948,16072.636042938739,387.00596930924394,2801.160314707347,35464.36994929731,0,0,15297.847611976082,0,0,1216.3127963531842,16514.160408329266,5
2025-02-16,q4_2_ridge,1200,1451.6965885541081,79731.648487777056,24000.697891371387,19214.038362312123,971.87932428970362,539.48918300749756,79731.648487777056,0,0,53679.250647281173,0,0,5439.6004066320529,59118.851053913226,8
2025-02-17,q4_2_ridge,1451.6965885541081,1377.0388578943957,78567.964383748942,21847.75800643699,17763.87594280771,60.289087938263378,3360.5082413912733,78567.964383748942,0,0,52732.625446780803,0,0,375.95492307978088,53108.580369860581,2
2025-02-18,q4_2_ridge,1377.0388578943957,1600.9282157384432,78149.758987915731,22260.090076528842,17829.172539928717,8.6395906775750291,1636.0932586598533,78149.758987915731,0,0,51927.972004415336,0,0,45.380273261242429,51973.352277676575,2
2025-02-19,q4_2_ridge,1600.9282157384432,1260.7464015005769,78244.958322126404,22598.568196275934,18611.003871797584,456.56844460655861,1834.6350589212793,78244.958322126404,0,0,51902.95199273029,0,0,2371.0356583636149,54273.987651093899,10
2025-02-20,q4_2_ridge,1260.7464015005769,1905.7739805557662,78709.348258074984,23218.041998694687,18226.089197793022,39.417515381135786,2763.6792392211291,78709.348258074984,0,0,52724.676278662148,0,0,221.15197004586233,52945.828248708007,1
2025-02-21,q4_2_ridge,1905.7739805557662,1443.3209399812802,34638.111823552725,19749.98949300911,16413.699225854412,19.844737735839317,5761.4042608005384,34638.111823552725,0,0,14767.955765270051,0,0,89.883053377314525,14857.838818647368,2
2025-02-22,q4_2_ridge,1443.3209399812802,1806.4065273065503,35243.752634865217,18812.726986423699,14911.531830410451,0,3497.7945955186374,35243.752634865217,0,0,15137.839194124079,0,0,0,15137.839194124079,0
2025-02-23,q4_2_ridge,1806.4065273065503,1924.0906367690652,78001.617976353184,24644.700601281191,19856.291788521499,0,1681.3554802601611,78001.617976353184,0,0,51764.324349519353,0,0,0,51764.324349519353,0
2025-02-24,q4_2_ridge,1924.0906367690652,1576.6141024146373,75675.640920949314,21149.853849565297,17444.110499066875,31.583814696927561,3798.4477684811459,75675.640920949314,0,0,50150.010713598414,0,0,161.37750119395139,50311.388214792372,1
2025-02-25,q4_2_ridge,1576.6141024146373,1684.5814483230101,76059.031256387272,20593.223503682522,16583.340426665305,41.058208573737033,6268.8831546104684,76059.031256387272,0,0,49421.023851784514,0,0,211.45373370719017,49632.47758549171,2
2025-02-26,q4_2_ridge,1684.5814483230101,1917.34773646544,76002.257958845003,23586.224117364378,18895.351875736953,116.17424197881826,2612.7119258630755,76002.257958845003,0,0,49842.991856194858,0,0,749.26577364238847,50592.257629837244,1
2025-02-27,q4_2_ridge,1917.34773646544,2023.6884696182594,74570.86045080841,23674.477468327277,19080.620089507567,532.13671169436725,3552.5555836830581,74570.86045080841,0,0,47613.968782155702,0,0,2798.5722490199682,50412.541031175664,5
2025-02-28,q4_2_ridge,2023.6884696182594,1621.8831599506375,33469.898905780137,17649.275522754146,14657.537952131723,0,7185.5677851577175,33469.898905780137,0,0,14044.893100910147,0,0,0,14044.893100910147,0
2025-03-01,q4_2_ridge,1621.8831599506375,1940.4161011893066,34636.573114998762,17792.28055442424,14125.067601968825,0,7310.5942292100181,34636.573114998762,0,0,14366.653760625422,0,0,0,14366.653760625422,0
2025-03-02,q4_2_ridge,1940.4161011893066,1550.0284900390523,73237.199064113069,19203.491154992706,15906.176685579327,3893.2631039999501,1474.8406320329693,73237.199064113069,0,0,47891.874752057265,0,0,24453.721321353631,72345.59607341091,8
2025-03-03,q4_2_ridge,1550.0284900390523,1393.8667654114606,73959.630137004104,22707.39311037273,18533.533971566751,3255.9672316525293,1024.5915965173117,73959.630137004104,0,0,48136.429009795829,0,0,19621.249475700308,67757.678485496144,15
2025-03-04,q4_2_ridge,1393.8667654114606,1970.6991168410568,76097.278519512562,22658.203174247908,17833.995454854165,0,2073.6128667854964,76097.278519512562,0,0,49545.325950647988,0,0,0,49545.325950647988,0
2025-03-05,q4_2_ridge,1970.6991168410568,1974.8798284035358,78969.391527466403,20656.843602551446,16728.280677660445,0,8910.3565859087466,78969.391527466403,0,0,50784.396436031609,0,0,0,50784.396436031609,0
2025-03-06,q4_2_ridge,1974.8798284035358,1796.4989784304375,76354.51158515946,20111.647857712967,16450.977529723292,0,6753.1871238364529,76354.51158515946,0,0,49406.769326021662,0,0,0,49406.769326021662,0
2025-03-07,q4_2_ridge,1796.4989784304375,1698.5142085562295,33087.262721117164,16760.088702352768,13663.858141792531,0,9068.7466272235979,33087.262721117164,0,0,13801.458092643685,0,0,0,13801.458092643685,0
2025-03-08,q4_2_ridge,1698.5142085562295,1756.3412389921118,31818.830872667975,17069.200987175507,13774.00847221987,0,9460.4988410456735,31818.830872667975,0,0,13294.132004427183,0,0,0,13294.132004427183,0
2025-03-09,q4_2_ridge,1756.3412389921118,2133.2001297239908,74922.998431367567,22005.789842987942,17485.516771161547,0,7069.2003095411719,74922.998431367567,0,0,47412.938512876492,0,0,0,47412.938512876492,0
2025-03-10,q4_2_ridge,2133.2001297239908,1540.976745490434,71102.933502942033,20975.062224325608,17522.801447513943,487.8588153849546,96.460091515320073,71102.933502942033,0,0,46492.069199082398,0,0,3137.4200417406432,49629.489240823037,1
2025-03-11,q4_2_ridge,1540.976745490434,1992.0929411763955,73358.037820079131,22093.375783305077,17489.62980835975,0,4815.373045133796,73358.037820079131,0,0,46562.934650413707,0,0,0,46562.934650413707,0
2025-03-12,q4_2_ridge,1992.0929411763955,1448.1789620746113,70925.9577056407,20316.832524526479,16946.156926058058,0,5119.747423838945,70925.9577056407,0,0,44690.323896285707,0,0,0,44690.323896285707,0
2025-03-13,q4_2_ridge,1448.1789620746113,1625.742233131142,69968.865372793574,21523.260066604274,17274.033709998581,2348.7530206624315,522.77402018366081,69968.865372793574,0,0,44678.970819323018,0,0,14068.907593404418,58747.878412727434,10
2025-03-14,q4_2_ridge,1625.742233131142,1602.1402425940239,30253.455191915764,16427.766912629988,13327.732990713695,217.5384569193229,11341.533743585465,30253.455191915764,0,0,12370.611629047256,0,0,661.90003655961971,13032.511665606877,3
2025-03-15,q4_2_ridge,1602.1402425940239,1200,30461.214280507145,16329.812726916789,13589.07452713722,366.4412739386097,7162.7922046661852,30461.214280507145,0,0,12687.761131896073,0,0,1174.8272915117279,13862.5884234078,5
2025-03-16,q4_2_ridge,1200,2123.3120923814918,72223.593980860402,21651.412301292188,16706.66308090333,4.4333262410442558,3932.231153379259,72223.593980860402,0,0,45296.857655694286,0,0,14.55882355298189,45311.416479247273,2
2025-03-17,q4_2_ridge,2123.3120923814918,1956.839806233721,70260.840518283279,19972.119074823888,16327.241508140345,0,8757.8315182663937,70260.840518283279,0,0,43047.387889452788,0,0,0,43047.387889452788,0
2025-03-18,q4_2_ridge,1956.839806233721,1604.8573068073829,66480.225005049811,21485.942255678696,17720.397476583457,1114.9094483721628,2703.6313076600691,66480.225005049811,0,0,41003.187901834855,0,0,6073.6726475103369,47076.860549345191,8
2025-03-19,q4_2_ridge,1604.8573068073829,2237.7437597669773,68121.226288262507,22850.84769730247,17939.588827151369,198.14488870998073,3942.6418568213985,68121.226288262507,0,0,41749.834722939486,0,0,993.99620274000256,42743.830925679489,3
2025-03-20,q4_2_ridge,2237.7437597669773,1798.6007120507948,67583.276501929096,21093.806279195585,17481.211829092987,0,1761.7202351598366,67583.276501929096,0,0,42458.661921823266,0,0,0,42458.661921823266,0
2025-03-21,q4_2_ridge,1798.6007120507948,1276.6517425239508,29670.659519366745,17306.684606462924,14488.168603809132,317.46892294066072,15136.14792298694,29670.659519366745,0,0,12170.336339672565,0,0,945.48552933437668,13115.821869006943,4
2025-03-22,q4_2_ridge,1276.6517425239508,2261.2289830343789,31223.081968046641,16600.099681024756,12559.961225170666,0,11301.74377885922,31223.081968046641,0,0,12796.954436987498,0,0,0,12796.954436987498,0
2025-03-23,q4_2_ridge,2261.2289830343789,1871.5835315973384,66645.261907743392,20548.145496996141,16994.678758860209,0,4322.0750529408033,66645.261907743392,0,0,41010.397399852343,0,0,0,41010.397399852343,0
2025-03-24,q4_2_ridge,1871.5835315973384,1670.4851139477109,64864.767542829257,21343.063329070654,17468.869872431897,0,2992.077002857161,64864.767542829257,0,0,39795.331826605623,0,0,0,39795.331826605623,0
2025-03-25,q4_2_ridge,1670.4851139477109,1477.4070477196867,64757.628998072454,22295.944080333516,18233.484964675372,553.34860229677736,298.39376804442747,64757.628998072454,0,0,39618.784535825282,0,0,3090.6126781292814,42709.397213954566,9
2025-03-26,q4_2_ridge,1477.4070477196867,1700.0746467457088,65588.365709785154,20751.723917945827,16608.495534412705,0,5852.5824595853665,65588.365709785154,0,0,39743.662220959428,0,0,0,39743.662220959428,0
2025-03-27,q4_2_ridge,1700.0746467457088,1715.6619778299107,65032.387767380758,20867.677400841865,16888.790096706136,0,2336.5110632450287,65032.387767380758,0,0,39499.759506554939,0,0,0,39499.759506554939,0
2025-03-28,q4_2_ridge,1715.6619778299107,1717.8166433655288,29236.306517021592,17114.362285414783,13860.694252203921,74.88287585201833,15235.640592996082,29236.306517021592,0,0,11859.991644525369,0,0,261.45859819745618,12121.450242722827,2
2025-03-29,q4_2_ridge,1717.8166433655288,1702.2459019159141,29962.257783891531,18456.361539842692,14963.666514577239,0,18762.353575292749,29962.257783891531,0,0,12025.021940263714,0,0,0,12025.021940263714,0
2025-03-30,q4_2_ridge,1702.2459019159141,2260.3970409120998,63583.536599010578,21587.13342370294,16983.242048102817,0,3634.0255234104534,63583.536599010578,0,0,38190.330678060927,0,0,0,38190.330678060927,0
2025-03-31,q4_2_ridge,2260.3970409120998,1722.6551634321534,60878.28158460313,20657.031397372011,17216.163121603284,270.49863287134701,756.52245837242072,60878.28158460313,0,0,36885.037149818781,0,0,1809.500604592876,38694.537754411656,1
2025-04-01,q4_2_ridge,1722.6551634321534,1731.142483637874,62383.922139187191,18542.372968134761,15011.683516004003,1511.5462279077842,155.92739829755487,62383.922139187191,0,0,38933.155787012314,0,0,9875.4935457392221,48808.649332751542,4
2025-04-02,q4_2_ridge,1731.142483637874,1720.3332754241806,62933.307044692876,21196.688531067859,17179.045997557289,1930.0793808390872,410.40849202139941,62933.307044692876,0,0,38309.657253991973,0,0,10493.926718291248,48803.583972283217,12
2025-04-03,q4_2_ridge,1720.3332754241806,1972.6676473954556,65344.683006943204,22291.908646529955,17829.345068915114,128.76955643467596,5147.3587190963717,65344.683006943204,0,0,39735.630062281794,0,0,673.83416433953971,40409.464226621334,2
2025-04-04,q4_2_ridge,1972.6676473954556,1644.6192615266973,27855.61617162947,16374.739068593861,13558.782192842913,20.933997719638612,18629.791043598161,27855.61617162947,0,0,10943.957959185627,0,0,65.554813859048309,11009.512773044677,1
2025-04-05,q4_2_ridge,1644.6192615266973,1622.1543683995578,28915.808564755534,15043.965561007864,12205.830508230796,0,14033.55852864513,28915.808564755534,0,0,11637.715538608158,0,0,0,11637.715538608158,0
2025-04-06,q4_2_ridge,1622.1543683995578,2161.7840846185195,63546.296760595651,21539.540916901205,16961.361398092908,0,4558.0409751206917,63546.296760595651,0,0,38681.339553461534,0,0,0,38681.339553461534,0
2025-04-07,q4_2_ridge,2161.7840846185195,1602.5469534792549,61452.587245259259,20352.088160653984,16988.50482815507,0,4846.2846294270066,61452.587245259259,0,0,36941.171503713311,0,0,0,36941.171503713311,0
2025-04-08,q4_2_ridge,1602.5469534792549,1372.4203772584301,62490.935225629299,21844.59961438871,17901.239606253595,0,4194.381600827528,62490.935225629299,0,0,37473.177101804482,0,0,0,37473.177101804482,0
2025-04-09,q4_2_ridge,1372.4203772584301,1414.6611782438877,62153.338660541354,19505.927456680321,15761.784519024151,1780.7116346010546,1055.5963408195685,62153.338660541354,0,0,37318.234150970908,0,0,11522.782393758178,48841.016544729086,4
2025-04-10,q4_2_ridge,1414.6611782438877,1737.0230157622402,63059.144517933906,21261.647531645562,16931.808846866385,0,4268.6679331547311,63059.144517933906,0,0,37798.435075940906,0,0,0,37798.435075940906,0
2025-04-11,q4_2_ridge,1737.0230157622402,1259.5597030194169,27036.989999561112,14444.247449357963,12129.557415448489,0,19405.649798984974,27036.989999561112,0,0,10732.422872728283,0,0,0,10732.422872728283,0
2025-04-12,q4_2_ridge,1259.5597030194169,1881.1087253504252,28808.871111858894,14777.398805497371,11410.298912354958,0,16416.610668716483,28808.871111858894,0,0,11186.00856751034,0,0,0,11186.00856751034,0
2025-04-13,q4_2_ridge,1881.1087253504252,1688.317526355956,60059.575352671192,20949.748489440477,17142.808355541812,0,1976.2767354392049,60059.575352671192,0,0,36481.599166490443,0,0,0,36481.599166490443,0
2025-04-14,q4_2_ridge,1688.317526355956,1538.5386244425663,59555.191977696952,20852.157815655515,17025.048842403023,59.911654310593349,3259.9628587550505,59555.191977696952,0,0,35363.361778537044,0,0,383.61181970264693,35746.973598239689,2
2025-04-15,q4_2_ridge,1538.5386244425663,2071.4277151140213,60968.228808232976,20563.662719512267,16176.966621200627,0,6442.1038765880048,60968.228808232976,0,0,36096.147906951286,0,0,0,36096.147906951286,0
2025-04-16,q4_2_ridge,2071.4277151140213,1426.8446478822348,59003.085064721061,18949.486651034724,15929.208947846731,217.5994305077125,420.81484204078822,59003.085064721061,0,0,35849.3836947288,0,0,1461.0574510015147,37310.441145730314,2
2025-04-17,q4_2_ridge,1426.8446478822348,1925.4457404830014,60619.636345003062,20966.311183335667,16533.971075161204,0,3318.9538868285949,60619.636345003062,0,0,36009.110051384603,0,0,0,36009.110051384603,0
2025-04-18,q4_2_ridge,1925.4457404830014,1721.041947766503,26429.210331673294,15279.444487641607,12560.313448434552,0,17355.962109132903,26429.210331673294,0,0,10307.316920735468,0,0,0,10307.316920735468,0
2025-04-19,q4_2_ridge,1721.041947766503,1790.0840566703605,27164.899565838881,15808.339581708629,12742.617163170515,0,17314.49789730076,27164.899565838881,0,0,10731.506003067505,0,0,0,10731.506003067505,0
2025-04-20,q4_2_ridge,1790.0840566703605,2043.471348379692,59029.796637363557,21020.926109177868,16798.901585895677,0,2850.0272307480318,59029.796637363557,0,0,35188.850031274866,0,0,0,35188.850031274866,0
2025-04-21,q4_2_ridge,2043.471348379692,1496.8988456483032,58549.889216342708,19407.962505348762,16212.364881790752,0,6837.3812094513778,58549.889216342708,0,0,34544.655873331554,0,0,0,34544.655873331554,0
2025-04-22,q4_2_ridge,1496.8988456483032,1752.4662920825745,57076.888035746022,20857.435088850172,16664.511720177794,0,731.03535040698284,57076.888035746022,0,0,34272.431513133357,0,0,0,34272.431513133357,0
2025-04-23,q4_2_ridge,1752.4662920825745,1949.2518261348878,58593.527298822162,18722.441818435738,14988.070892285865,0,3459.2396560056222,58593.527298822162,0,0,35327.409302035841,0,0,0,35327.409302035841,0
2025-04-24,q4_2_ridge,1949.2518261348878,1611.3366499192516,57348.826788346036,18726.819230891426,15472.847235616127,0,7004.7480930707443,57348.826788346036,0,0,34148.976762586724,0,0,0,34148.976762586724,0
2025-04-25,q4_2_ridge,1611.3366499192516,1207.7515953720888,24754.056624615518,13911.644092233644,11631.658263801703,296.21077203999391,20769.923918223569,24754.056624615518,0,0,9254.1984015270518,0,0,736.27115952035103,9990.4695610474027,4
2025-04-26,q4_2_ridge,1207.7515953720888,1226.6512236867766,26669.332883504074,15010.291339270914,12141.326319326223,13.212661617412152,23743.38689184346,26669.332883504074,0,0,10270.041019726719,0,0,24.562558367990295,10294.60357809471,2
2025-04-27,q4_2_ridge,1226.6512236867766,1526.9614621689168,55288.549292024385,20300.595892553305,16173.203458334252,1024.4030805097382,3612.0887549817376,55288.549292024385,0,0,32348.474581936185,0,0,6635.4600046171363,38983.934586553318,3
2025-04-28,q4_2_ridge,1526.9614621689168,1520.5444240739166,55345.026327382358,15614.787721892308,12653.753389018275,4398.1434907078719,160.16816854953981,55345.026327382358,0,0,33406.89037862957,0,0,27660.627232799248,61067.517611428826,13
2025-04-29,q4_2_ridge,1520.5444240739166,1862.6544186255815,58858.032189579317,18472.796302172872,14655.066009663531,182.08049668274202,7789.1686770860524,58858.032189579317,0,0,34306.921185007755,0,0,1205.0087270463869,35511.92991205414,1
2025-04-30,q4_2_ridge,1862.6544186255815,1555.3567059470304,56235.860621958564,18090.542692711755,14929.907522507219,0,4818.3710184206957,56235.860621958564,0,0,33103.64562746328,0,0,0,33103.64562746328,0
2025-05-01,q4_2_ridge,1555.3567059470304,1226.7096462740078,55292.070585400827,19705.10960706781,16256.921135430652,2600.9273340206942,3433.430647784362,55292.070585400827,0,0,33771.225908075139,0,0,14096.57317553847,47867.799083613601,21
2025-05-02,q4_2_ridge,1226.7096462740078,1200,24967.414606591523,14551.315167339304,11810.603967191437,3927.3376949029707,11863.721018013297,24967.414606591523,0,0,9975.917579851528,0,0,16137.396972591654,26113.314552443182,23
2025-05-03,q4_2_ridge,1200,1200,26321.421272375261,15974.525603971526,12939.365739216935,2044.6618421068674,16463.751599727537,26321.421272375261,0,0,10217.434916069962,0,0,8275.6673247888557,18493.102240858818,11
2025-05-04,q4_2_ridge,1200,1231.495133549857,55356.048903957679,18170.542738438831,14689.793997940578,2429.8961827702715,2570.529012896357,55356.048903957679,0,0,33646.306163646608,0,0,12632.7989525047,46279.105116151317,22
2025-05-05,q4_2_ridge,1231.495133549857,1200,57043.542556154745,20351.349127391226,16512.938413381766,2841.2354667868972,970.36050893218828,57043.542556154745,0,0,34381.546194081777,0,0,14982.797472983742,49364.343667065521,28
2025-05-06,q4_2_ridge,1200,1200,55343.250694037073,20536.583258034065,16634.632439007604,3720.0024258721733,2291.2199342161171,55343.250694037073,0,0,33653.605081239992,0,0,18819.978279910487,52473.583361150471,28
2025-05-07,q4_2_ridge,1200,1399.5313223111352,63778.039145463015,20573.3901050118,16484.867794979538,527.56392566723719,5149.2348110979892,63778.039145463015,0,0,39092.198939406437,0,0,3609.2718284197799,42701.470767826213,2
2025-05-08,q4_2_ridge,1399.5313223111352,3576.5943461067272,66418.997101983143,20089.022256288634,14312.751306177764,0,4816.2137518722702,66418.997101983143,0,0,42127.874297370814,0,0,0,42127.874297370814,0
2025-05-09,q4_2_ridge,3576.5943461067272,3322.6790988097619,29717.946308909759,14485.329689231181,11961.640770844526,0,18694.871540523098,29717.946308909759,0,0,13264.630334916559,0,0,0,13264.630334916559,0
2025-05-10,q4_2_ridge,3322.6790988097619,2879.9524338986021,29850.175220043122,13394.530687877159,11248.023855600542,0,15582.623104433165,29850.175220043122,0,0,13519.04628340427,0,0,0,13519.04628340427,0
2025-05-11,q4_2_ridge,2879.9524338986021,2843.860412786199,63577.378772473763,18167.083691927521,14747.82060946246,34.144212122226236,4708.180818797593,63577.378772473763,0,0,39970.729598927435,0,0,226.44063258235946,40197.170231509794,2
2025-05-12,q4_2_ridge,2843.860412786199,3139.7207855662205,64877.965268015272,15887.099878054121,12602.276565721821,0,9661.9467223496467,64877.965268015272,0,0,40815.633701635394,0,0,0,40815.633701635394,0
2025-05-13,q4_2_ridge,3139.7207855662205,3382.5057200402071,64457.370571618158,17892.074101983078,14274.073581579707,0,7710.157284548126,64457.370571618158,0,0,40125.462661632228,0,0,0,40125.462661632228,0
2025-05-14,q4_2_ridge,3382.5057200402071,2699.2830538726421,63271.69209513667,16581.690732836927,14046.06989314872,0,7721.922472115135,63271.69209513667,0,0,39244.29462584159,0,0,0,39244.29462584159,0
2025-05-15,q4_2_ridge,2699.2830538726421,3216.6730533294344,62477.792431025635,19185.878174455393,15074.910321797754,0,5601.7662950346676,62477.792431025635,0,0,39014.346609554057,0,0,0,39014.346609554057,0
2025-05-16,q4_2_ridge,3216.6730533294344,1687.0129516178965,26401.050014454551,12178.711061889688,11241.45005167103,0,22748.282470902563,26401.050014454551,0,0,11548.086988744555,0,0,0,11548.086988744555,0
2025-05-17,q4_2_ridge,1687.0129516178965,2404.7070339537672,29520.942761657367,13985.342181526186,10682.202492933928,0,15769.003989731777,29520.942761657367,0,0,12723.84222601926,0,0,0,12723.84222601926,0
2025-05-18,q4_2_ridge,2404.7070339537672,3110.1912173882506,61776.568400432137,19126.732737799146,14857.717752526269,0,3831.3853151592657,61776.568400432137,0,0,38544.576272302889,0,0,0,38544.576272302889,0
2025-05-19,q4_2_ridge,3110.1912173882506,2285.7586935116769,59803.806372859166,16019.268284909082,13717.596582265276,12.233166666666648,9999.1512868820264,59803.806372859166,0,0,37000.567892371138,0,0,83.246699166666531,37083.814591537812,1
2025-05-20,q4_2_ridge,2285.7586935116769,2125.2433820773686,59648.044984808963,17467.397316606828,14293.055606742413,0,1946.3084582778865,59648.044984808963,0,0,36986.115361817123,0,0,0,36986.115361817123,0
2025-05-21,q4_2_ridge,2125.2433820773686,2361.1774843224584,61162.058777370039,16774.960582140899,13375.377379513549,0,6399.8602914093553,61162.058777370039,0,0,38105.194692478246,0,0,0,38105.194692478246,0
2025-05-22,q4_2_ridge,2361.1774843224584,2504.3310887097823,58558.952903870493,18785.634045307404,15087.525332750407,2.57000000000005,4046.7833746468368,58558.952903870493,0,0,36059.878107786812,0,0,16.864340000000329,36076.742447786812,1
2025-05-23,q4_2_ridge,2504.3310887097823,2300.6490391633038,26267.832626515712,13262.902645406559,10926.264987371145,325.69973858086104,17835.94582372783,26267.832626515712,0,0,11152.882810027313,0,0,631.12840855603838,11784.011218583351,6
2025-05-24,q4_2_ridge,2300.6490391633038,2865.4299820636352,28497.578956692472,13960.511407145024,10799.71139117717,0,21582.277557391288,28497.578956692472,0,0,12541.820771748193,0,0,0,12541.820771748193,0
2025-05-25,q4_2_ridge,2865.4299820636352,2440.2319392275513,58249.979675034519,15974.419186871834,13321.957779918661,0,7052.508084748014,58249.979675034519,0,0,36178.458239593718,0,0,0,36178.458239593718,0
2025-05-26,q4_2_ridge,2440.2319392275513,1844.5350805594946,57717.237183035744,18716.480828321532,15696.476643741691,57.34798873527361,174.74803719117892,57717.237183035744,0,0,36045.394862894456,0,0,368.81289791766352,36414.207760812118,2
2025-05-27,q4_2_ridge,1844.5350805594946,2493.6527842767205,59433.95276815031,17440.328394800519,13542.460066442914,0,6145.7171397927068,59433.95276815031,0,0,36726.5359576872,0,0,0,36726.5359576872,0
2025-05-28,q4_2_ridge,2493.6527842767205,2790.824395627928,58388.61479187417,19511.043827952661,15536.491050425573,0,2140.2379143470853,58388.61479187417,0,0,36467.220964861706,0,0,0,36467.220964861706,0
2025-05-29,q4_2_ridge,2790.824395627928,1862.7624360062825,57091.313032650585,17968.210002772335,15389.505865905066,17.817433333333497,420.30282911665188,57091.313032650585,0,0,35552.598646271283,0,0,119.80442173333444,35672.403068004613,1
2025-05-30,q4_2_ridge,1862.7624360062825,1932.1954124240704,26995.681048097875,14527.324352598867,11704.643046829075,0,17576.766475661418,26995.681048097875,0,0,11562.404056814683,0,0,0,11562.404056814683,0
2025-05-31,q4_2_ridge,1932.1954124240704,2190.5254948108923,27393.539356854126,14209.132589834842,11276.90032361808,49.158590232715525,16121.284130870081,27393.539356854126,0,0,11288.529523763174,0,0,140.50731587936517,11429.03683964254,2
2025-06-01,q4_2_ridge,2190.5254948108923,1200,58701.962027175294,12208.906079063405,10780.686869371166,13995.726923461283,44.643440944337726,58701.962027175294,0,0,39657.387235577175,0,0,85399.522039289499,125056.90927486666,50
2025-06-02,q4_2_ridge,1200,1200,65756.397165183822,19848.679338719245,16077.430264362585,7164.9714016016387,509.31204242881051,65756.397165183822,0,0,43495.067891667,0,0,45050.058783408516,88545.126675075517,26
2025-06-03,q4_2_ridge,1200,1200,65266.901778385072,19834.371719796978,16065.841093035553,6731.2352190156598,37.239537305981116,65266.901778385072,0,0,42935.860052464603,0,0,41752.599007319681,84688.459059784276,34
2025-06-04,q4_2_ridge,1200,1200,70559.111737785657,20380.990023517348,16508.601919049055,3230.5062303286049,271.96904697931234,70559.111737785657,0,0,46926.016458983184,0,0,19774.612385881235,66700.628844864419,25
2025-06-05,q4_2_ridge,1200,1200,72014.282585226407,22448.420763371534,18183.220818330949,3459.3403861130473,59.105009632210795,72014.282585226407,0,0,48559.140579792846,0,0,19980.073939011836,68539.214518804671,31
2025-06-06,q4_2_ridge,1200,1200,31128.58517574532,14523.915627937988,11764.371658629774,4652.4936100808391,2166.5394165179468,31128.58517574532,0,0,15171.687834030436,0,0,21124.861261308582,36296.549095339011,31
2025-06-07,q4_2_ridge,1200,1200,33713.011887721164,17998.30972887604,14578.63088038959,1725.3799626333548,892.19983520140318,33713.011887721164,0,0,16340.532233356926,0,0,9107.8162330914311,25448.348466448355,12
2025-06-08,q4_2_ridge,1200,3301.9982038329708,85118.381053383433,16470.259642707428,11449.111927143342,0,14912.310071152684,85118.381053383433,0,0,57833.096048315841,0,0,0,57833.096048315841,0
2025-06-09,q4_2_ridge,3301.9982038329708,2792.6561553806628,80611.475637363415,17996.655336592026,15035.698666246622,18.629680608601802,6736.4359142932863,80611.475637363415,0,0,56329.33531132841,0,0,131.03998794101196,56460.375299269421,2
2025-06-10,q4_2_ridge,2792.6561553806628,2848.613433876048,81905.202240052255,20274.73957953884,16372.177508780609,0,6384.1959359606935,81905.202240052255,0,0,56488.631402076753,0,0,0,56488.631402076753,0
2025-06-11,q4_2_ridge,2848.613433876048,2315.9732499829979,83388.653523133515,23346.118718447069,19389.732327445869,0,3347.8208154656541,83388.653523133515,0,0,57402.225832241558,0,0,0,57402.225832241558,0
2025-06-12,q4_2_ridge,2315.9732499829979,3571.4687584765961,86085.105783114122,20063.360911340584,15121.376380541633,0,8690.7298189818448,86085.105783114122,0,0,60023.88532114125,0,0,0,60023.88532114125,0
2025-06-13,q4_2_ridge,3571.4687584765961,2715.822564905799,36579.326168574466,14025.772207726874,12130.957062472487,0,6339.1973233200861,36579.326168574466,0,0,19210.818034410582,0,0,0,19210.818034410582,0
2025-06-14,q4_2_ridge,2715.822564905799,2811.3801800588226,38148.684144898361,13980.9621611066,11238.577496858627,0,9212.9567306503923,38148.684144898361,0,0,20198.075228084785,0,0,0,20198.075228084785,0
2025-06-15,q4_2_ridge,2811.3801800588226,3492.8917149853805,85509.792801262927,19583.265529601504,15249.08469754332,0,10548.637635871417,85509.792801262927,0,0,59233.095822205636,0,0,0,59233.095822205636,0
2025-06-16,q4_2_ridge,3492.8917149853805,2993.3401203414514,82962.829457431886,18827.323982081212,15699.728860665316,0,7141.1815193493194,82962.829457431886,0,0,58209.6361485093,0,0,0,58209.6361485093,0
2025-06-17,q4_2_ridge,2993.3401203414514,2213.5170346781379,82481.034002622095,20170.302406776791,17039.785726586182,0,4713.5061057648272,82481.034002622095,0,0,57253.666985799253,0,0,0,57253.666985799253,0
2025-06-18,q4_2_ridge,2213.5170346781379,2761.6976789914252,84611.160907864891,18670.015185083645,14629.349720035789,0,9642.1045428170455,84611.160907864891,0,0,58805.682438489952,0,0,0,58805.682438489952,0
2025-06-19,q4_2_ridge,2761.6976789914252,2324.7785505499064,82429.779156112447,19711.772335967074,16359.762807730702,90.784518480411862,10909.049946356481,82429.779156112447,0,0,56131.284983640333,0,0,627.0942665587861,56758.379250199112,2
2025-06-20,q4_2_ridge,2324.7785505499064,2202.6837078798376,35800.943795731015,13491.171230102887,11037.734054786404,0,10946.925770414528,35800.943795731015,0,0,18390.216772623982,0,0,0,18390.216772623982,0
2025-06-21,q4_2_ridge,2202.6837078798376,2987.481042118925,36174.425365601113,16166.106737859282,12388.228856850839,0,13061.807084592678,36174.425365601113,0,0,18168.9741817334,0,0,0,18168.9741817334,0
2025-06-22,q4_2_ridge,2987.481042118925,2681.5213653076321,79241.664405575662,17765.924409829426,14665.762481091995,0,8684.1613768382322,79241.664405575662,0,0,54558.419216568604,0,0,0,54558.419216568604,0
2025-06-23,q4_2_ridge,2681.5213653076321,2048.1247871544119,79229.842259671714,18971.152303160998,15936.690285898309,7.2247863921206772,9141.3190288011465,79229.842259671714,0,0,53633.021082106803,0,0,50.217076089262179,53683.238158196065,2
2025-06-24,q4_2_ridge,2048.1247871544119,2020.7626069724074,77965.216013581899,21643.635296862485,17555.970552622421,3380.8399005502915,989.59891989212952,77965.216013581899,0,0,54045.567506383362,0,0,21369.453778550404,75415.021284933755,12
2025-06-25,q4_2_ridge,2020.7626069724074,2451.1076478128721,80782.490590989852,20553.418833557706,16260.958718425321,0,6052.6091091908129,80782.490590989852,0,0,55004.359992989521,0,0,0,55004.359992989521,0
2025-06-26,q4_2_ridge,2451.1076478128721,2148.2841245753493,79008.126271719171,20012.59524109518,16482.743316200867,40.005361151498846,7970.8958746430317,79008.126271719171,0,0,53091.128831450886,0,0,281.39012015284379,53372.518951603735,2
2025-06-27,q4_2_ridge,2148.2841245753493,2114.9007600475952,32942.018245419626,14534.931697722855,11803.339703230489,75.406124830537152,10514.186509091136,32942.018245419626,0,0,16348.057067432594,0,0,149.23324699309865,16497.290314425692,3
2025-06-28,q4_2_ridge,2114.9007600475952,1929.6798516714268,33158.452253509502,14570.609940333579,11968.892869208754,0,8779.8090657180073,33158.452253509502,0,0,16226.400489260002,0,0,0,16226.400489260002,0
2025-06-29,q4_2_ridge,1929.6798516714268,2664.9440891269373,79585.924207225355,20601.036839783301,16025.102026514522,0,5742.2208606232307,79585.924207225355,0,0,54184.041313059046,0,0,0,54184.041313059046,0
2025-06-30,q4_2_ridge,2664.9440891269373,1817.5837804845539,79193.059454650298,20001.720042215384,16964.017511972608,15.744691318741388,6293.4176323929387,79193.059454650298,0,0,53578.087275076337,0,0,109.35475355431831,53687.442028630656,1
2025-07-01,q4_2_ridge,1817.5837804845539,1200,77586.574306133669,20195.691672984289,16914.335657553376,5124.8044599772948,563.4787173467173,77586.574306133669,0,0,56686.292409120993,0,0,34587.162248857276,91273.454657978262,36
2025-07-02,q4_2_ridge,1200,1880.4420922888685,90953.572173778171,16490.260160837406,12744.712847218318,151.71401797087628,14454.972511463282,90953.572173778171,0,0,67125.146836942644,0,0,1297.6686907595542,68422.815527702187,5
2025-07-03,q4_2_ridge,1880.4420922888685,1279.5358805157298,82507.092224513995,21682.372048186498,18103.536949626883,1417.507567144964,585.34575976600127,82507.092224513995,0,0,61674.791165308059,0,0,10726.584177936631,72401.375343244697,19
2025-07-04,q4_2_ridge,1279.5358805157298,1200,36193.142954262876,13906.717992717564,11336.023866565383,5243.4937900587311,9985.0751515027641,36193.142954262876,0,0,20561.842030894033,0,0,19604.668886980173,40166.510917874206,50
2025-07-05,q4_2_ridge,1200,1200,36249.157634099713,13082.338209310241,10596.693949541292,5390.2565590025697,10363.689966666665,36249.157634099713,0,0,19817.305425632941,0,0,24451.147423670744,44268.452849303678,47
2025-07-06,q4_2_ridge,1200,1200,73091.001136344799,19008.270646234894,15396.699223450267,10401.713525046618,87.161688606809776,73091.001136344799,0,0,53471.20308158065,0,0,79336.284837387138,132807.48791896779,40
2025-07-07,q4_2_ridge,1200,1229.9040310441337,73304.275363236142,20372.769476126381,16475.029647722647,4096.419829703209,93.472597868960747,73304.275363236142,0,0,53333.912983357135,0,0,25782.618191900532,79116.531175257667,35
2025-07-08,q4_2_ridge,1229.9040310441337,2508.4130454220181,87643.917868576231,22178.440298356472,16813.878528728645,60.810347582293161,6768.779429864031,87643.917868576231,0,0,64614.219390157945,0,0,514.75635977706543,65128.975749935009,2
2025-07-09,q4_2_ridge,2508.4130454220181,3329.4055583874042,89258.914513655618,19909.396161381723,15387.717629050352,0,10678.510964657575,89258.914513655618,0,0,66273.070172715321,0,0,0,66273.070172715321,0
2025-07-10,q4_2_ridge,3329.4055583874042,2947.6883424931298,86111.02145030773,16915.88001134721,14045.408303496091,0,10386.926359123274,86111.02145030773,0,0,65286.964708307576,0,0,0,65286.964708307576,0
2025-07-11,q4_2_ridge,2947.6883424931298,2687.7755168997624,44591.734985815201,14066.520980299203,11627.803537076386,0,9634.24039259239,44591.734985815201,0,0,26584.662414935017,0,0,0,26584.662414935017,0
2025-07-12,q4_2_ridge,2687.7755168997624,2855.9967336758791,46590.225171964208,14705.562074649828,11760.106185367858,0,12560.525949348907,46590.225171964208,0,0,27276.115403277836,0,0,0,27276.115403277836,0
2025-07-13,q4_2_ridge,2855.9967336758791,3644.1201887573375,88701.890851828721,17939.564549088649,13821.736175188493,2.9012941129172987,15319.243372041488,88701.890851828721,0,0,64288.474520580858,0,0,25.161473194275271,64313.635993775133,1
2025-07-14,q4_2_ridge,3644.1201887573375,2816.0716602135603,85156.909990331362,16851.879184656686,14395.265815261311,0,10892.617404269324,85156.909990331362,0,0,62596.481968498258,0,0,0,62596.481968498258,0
2025-07-15,q4_2_ridge,2816.0716602135603,3940.3146088499839,88020.166310206492,18609.940924263625,14062.233494880755,0,10723.408297490298,88020.166310206492,0,0,65209.75199019174,0,0,0,65209.75199019174,0
2025-07-16,q4_2_ridge,3940.3146088499839,2070.4812066491372,78844.470000809932,17364.315452116472,15747.945578195106,108.68629516731846,5202.2230387225491,78844.470000809932,0,0,58907.397525536238,0,0,910.69403993743185,59818.091565473667,3
2025-07-17,q4_2_ridge,2070.4812066491372,2349.7429026520877,82654.487926167712,21518.767648824152,17178.86626914491,0,5594.1704798218034,82654.487926167712,0,0,60975.707135022516,0,0,0,60975.707135022516,0
2025-07-18,q4_2_ridge,2349.7429026520877,1701.042408069545,41549.904358813736,13214.963135142509,11287.950584589718,0,8348.6437082609464,41549.904358813736,0,0,23859.328989444341,0,0,0,23859.328989444341,0
2025-07-19,q4_2_ridge,1701.042408069545,2005.0756833390942,43761.248481217466,14128.274125488046,11170.272093902722,0,13620.427399632141,43761.248481217466,0,0,25049.108645434004,0,0,0,25049.108645434004,0
2025-07-20,q4_2_ridge,2005.0756833390942,3038.0848672702336,84096.847872707309,20382.053121297169,15579.754762712686,0,7204.5712974561684,84096.847872707309,0,0,61272.911658354751,0,0,0,61272.911658354751,0
2025-07-21,q4_2_ridge,3038.0848672702336,2404.667796098302,82659.548926186879,20648.900306944437,17295.684612679732,0.18947977828156581,5316.7733617004578,82659.548926186879,0,0,61597.056993527855,0,0,1.6406106602509376,61598.697604188106,1
2025-07-22,q4_2_ridge,2404.667796098302,2257.2545040626037,83717.209267082129,20337.185439868852,16605.792169125896,68.661517323704174,6259.3328969962222,83717.209267082129,0,0,61561.725098371127,0,0,583.15599510244692,62144.881093473581,3
2025-07-23,q4_2_ridge,2257.2545040626037,2047.5484893252628,81865.971915669012,20199.693355063253,16550.487030864846,14.532854272119152,4014.7513290760594,81865.971915669012,0,0,60014.576755653106,0,0,124.1853336257725,60138.762089278884,3
2025-07-24,q4_2_ridge,2047.5484893252628,2113.2643612147476,82173.670848475667,19675.218682665629,15877.78284825863,12.710501021573464,4772.4735150902397,82173.670848475667,0,0,60448.056083272691,0,0,106.2264812140609,60554.282564486755,2
2025-07-25,q4_2_ridge,2113.2643612147476,1286.5727712673404,40878.426434113455,13580.026717184703,11743.844071872274,171.56372869332978,12708.487950827684,40878.426434113455,0,0,23420.338211910246,0,0,361.26808076244197,23781.606292672688,8
2025-07-26,q4_2_ridge,1286.5727712673404,1940.2719558291985,42985.098406750112,15498.811793951481,11965.708286995028,0,10982.903333126993,42985.098406750112,0,0,24466.789225879569,0,0,0,24466.789225879569,0
2025-07-27,q4_2_ridge,1940.2719558291985,2755.2930072856179,82474.048779207282,22432.553114069815,17436.849076085775,0,3793.1549412232598,82474.048779207282,0,0,60476.509690954597,0,0,0,60476.509690954597,0
2025-07-28,q4_2_ridge,2755.2930072856179,1544.159352511798,80672.086585459881,19459.037700347093,16851.84082657758,1316.1222525684007,1426.134730925432,80672.086585459881,0,0,59580.454906696032,0,0,11032.099826334639,70612.554733030673,6
2025-07-29,q4_2_ridge,1544.159352511798,2567.6050782793591,85738.537628488499,21306.468834367075,16337.138602646528,0,4699.9614467679594,85738.537628488499,0,0,62956.792400087856,0,0,0,62956.792400087856,0
2025-07-30,q4_2_ridge,2567.6050782793591,1981.8061619446642,80934.715140971908,20529.279428952352,17155.935362152632,0,3458.1170241722025,80934.715140971908,0,0,60195.082051375488,0,0,0,60195.082051375488,0
2025-07-31,q4_2_ridge,1981.8061619446642,1779.1135973300056,81444.846203049994,20905.224292371982,17115.654984974492,367.1341362649182,3327.4147652507527,81444.846203049994,0,0,59107.927911046034,0,0,3145.957882012784,62253.885793058813,8
2025-08-01,q4_2_ridge,1779.1135973300056,1300.7831507549138,39591.128838636978,13203.53173620539,11125.358108243947,732.74546964534079,16994.341013654212,39591.128838636978,0,0,22565.287697720021,0,0,2017.1412518050545,24582.428949525078,12
2025-08-02,q4_2_ridge,1300.7831507549138,1712.9694951984238,41019.059455418595,15574.941649639302,12244.735026208677,30.266301442393683,16792.094200097024,41019.059455418595,0,0,22734.625425786988,0,0,161.7735395909086,22896.398965377899,2
2025-08-03,q4_2_ridge,1712.9694951984238,1590.68630278659,77601.9395346948,18384.352584528096,15001.380466638408,297.38635333956245,11676.873786811324,77601.9395346948,0,0,55081.913880921886,0,0,2265.6974554437256,57347.611336365619,13
2025-08-04,q4_2_ridge,1590.68630278659,1814.0904282948331,75419.867140362912,19429.902310181427,15537.157158289541,24.056356769648232,6135.5232619073468,75419.867140362912,0,0,54359.653262694155,0,0,195.21173179103675,54554.864994485193,2
2025-08-05,q4_2_ridge,1814.0904282948331,2088.5981163162082,75342.231312644726,18486.976367909541,14727.393938787493,38.973214887244694,6469.3123650765847,75342.231312644726,0,0,54442.442916938831,0,0,320.3041071108438,54762.747024049677,3
2025-08-06,q4_2_ridge,2088.5981163162082,1200,68062.114027361138,17584.679043583077,15043.328329986882,2861.7834734929597,268.14752059124498,68062.114027361138,0,0,50384.280975008027,0,0,22992.990723778323,73377.271698786353,12
2025-08-07,q4_2_ridge,1200,1483.5195345969546,70279.638110383064,20544.531833456422,16385.903203962444,151.64093974319781,2884.6651706322946,70279.638110383064,0,0,51364.191561789041,0,0,936.0063584997356,52300.197920288774,5
2025-08-08,q4_2_ridge,1483.5195345969546,1200,37860.951832014522,12872.234953760762,10681.677893683482,720.55017114133875,20615.773693078576,37860.951832014522,0,0,20909.348476877658,0,0,2001.1174399020833,22910.46591677974,25
2025-08-09,q4_2_ridge,1200,1258.5732851053622,38891.914676498673,14174.664685585865,11428.762438729722,123.0783617507368,17347.161791393264,38891.914676498673,0,0,21613.66570270685,0,0,291.59561267953683,21905.261315386386,6
2025-08-10,q4_2_ridge,1258.5732851053622,1749.7497394391958,69420.183437209009,18701.421987399197,14706.093000892895,300.59781881070433,420.83321951342066,69420.183437209009,0,0,51755.610690321628,0,0,2617.3565113151471,54372.967201636769,3
2025-08-11,q4_2_ridge,1749.7497394391958,1619.9286486511244,72462.913527489203,19235.586156166384,15697.663768204033,67.061617816802709,4430.7994240103371,72462.913527489203,0,0,52281.715290629392,0,0,561.31562711547974,52843.030917744865,5
2025-08-12,q4_2_ridge,1619.9286486511244,1885.6790308153418,71278.217016199691,19249.800023848584,15353.16267536956,1107.2379888517926,728.27400657245028,71278.217016199691,0,0,52509.928291163873,0,0,9125.488375514542,61635.416666678415,7
2025-08-13,q4_2_ridge,1885.6790308153418,1691.9147235984165,69605.965211354385,19006.453169413955,15569.61494372054,225.86771623534486,274.01525189631889,69605.965211354385,0,0,51062.907724715129,0,0,1892.40578472833,52955.313509443455,5
2025-08-14,q4_2_ridge,1691.9147235984165,1694.8820775502254,70610.196487190711,19979.913620200856,16181.059413806066,996.88383574936074,1881.9351332119468,70610.196487190711,0,0,51441.199020217231,0,0,6547.2519836610718,57988.451003878312,12
2025-08-15,q4_2_ridge,1694.8820775502254,1200,37342.874892246902,13353.943001573361,11262.087701069624,1741.3263466312146,19832.619055041047,37342.874892246902,0,0,20962.076962105108,0,0,4932.4202841858296,25894.497246290939,32
2025-08-16,q4_2_ridge,1200,1367.5566816597243,38991.752998800366,13713.659329013046,10957.263043006817,230.35108458315307,19536.427430710621,38991.752998800366,0,0,21844.683269698333,0,0,1025.6867578321182,22870.370027530455,6
2025-08-17,q4_2_ridge,1367.5566816597243,1883.5925632967028,70079.892590349045,19752.585622313083,15535.162060600313,118.84198302829464,2815.9173949978995,70079.892590349045,0,0,51267.221265468281,0,0,988.46734461221126,52255.688610080484,5
2025-08-18,q4_2_ridge,1883.5925632967028,1992.5563628622565,70511.421596664353,20534.694063683106,16535.034771974322,145.50596214591553,2263.1526504348212,70511.421596664353,0,0,51762.955548109123,0,0,1235.0162265421814,52997.971774651305,4
2025-08-19,q4_2_ridge,1992.5563628622565,2014.7403082125388,72167.099857484893,18382.880295254108,14870.167488340576,99.036294246987495,4435.7632948183518,72167.099857484893,0,0,53190.477386943312,0,0,840.75888290086971,54031.236269844179,3
2025-08-20,q4_2_ridge,2014.7403082125388,1284.2662978829856,68513.292779489886,16550.64569267616,14063.449620364287,4875.533269235455,250.93890974680176,68513.292779489886,0,0,51199.265837734558,0,0,35044.58323324535,86243.849070979923,15
2025-08-21,q4_2_ridge,1284.2662978829856,1663.9465135638925,72630.708618283388,19857.22568687368,15742.640612254869,17.358730534332608,2689.0637908655763,72630.708618283388,0,0,52980.402107178692,0,0,140.36056839745805,53120.762675576145,4
2025-08-22,q4_2_ridge,1663.9465135638925,1210.319277868939,37849.144235995831,13251.625090246183,11142.080835224862,1345.8998189484068,15854.930399922916,37849.144235995831,0,0,21411.274429281344,0,0,4726.0999953204446,26137.374424601789,21
2025-08-23,q4_2_ridge,1210.319277868939,1605.6380767337243,40619.9855457792,13191.249596354515,10329.125254068851,2.4277289146057903,15230.282782408136,40619.9855457792,0,0,22565.560420195769,0,0,5.6141231150258903,22571.174543310794,1
2025-08-24,q4_2_ridge,1605.6380767337243,1686.3746242581203,72342.628664031392,19969.184303053007,16102.376392700979,331.90333642903352,5074.1346067750746,72342.628664031392,0,0,52756.757721392045,0,0,2597.4844411478225,55354.242162539871,6
2025-08-25,q4_2_ridge,1686.3746242581203,1482.3006080643434,72131.634550517279,18568.798544133107,15224.393435322221,2178.924816642902,193.06724168264373,72131.634550517279,0,0,52986.966264228511,0,0,18384.471134427513,71371.437398656009,6
2025-08-26,q4_2_ridge,1482.3006080643434,2225.3292052966008,75348.281227763495,20423.680641210856,15874.455581871774,20.982854760152463,5291.2206398512335,75348.281227763495,0,0,54226.655804043869,0,0,176.94841419236573,54403.604218236229,1
2025-08-27,q4_2_ridge,2225.3292052966008,1451.2133040949127,70961.124386859708,20409.990202889327,17228.796375421873,813.89801218605805,679.67970491165318,70961.124386859708,0,0,52059.691145379838,0,0,6931.4575866963596,58991.148732076203,3
2025-08-28,q4_2_ridge,1451.2133040949127,1544.8261994267898,72975.185672692984,19197.999599725212,15466.128069978728,1973.7075428770181,449.22670249019814,72975.185672692984,0,0,53294.114361032392,0,0,16166.664671424551,69460.779032456951,7
2025-08-29,q4_2_ridge,1544.8261994267898,1295.5465994013696,40077.979694369904,14541.721309386256,12003.145900625748,387.28991546361942,15371.47385107302,40077.979694369904,0,0,22553.438391716321,0,0,1103.5470866144137,23656.985478330738,4
2025-08-30,q4_2_ridge,1295.5465994013696,1304.0388670165082,40979.877132546855,13529.208927946105,10951.016190782719,243.25567239800262,20132.220234448141,40979.877132546855,0,0,23115.194628039666,0,0,500.30464178502154,23615.499269824693,10
2025-08-31,q4_2_ridge,1304.0388670165082,2580.42430120586,74622.10977279392,21515.231845740589,16278.590904279465,92.552976610875817,2831.3987246103493,74622.10977279392,0,0,53513.120634377665,0,0,764.48486832849062,54277.605502706159,4
2025-09-01,q4_2_ridge,2580.42430120586,5472.4465402914093,73842.289866000472,19290.407043688756,13022.409690210901,0,14000.157979189287,73842.289866000472,0,0,48086.858617501479,0,0,0,48086.858617501479,0
2025-09-02,q4_2_ridge,5472.4465402914093,3088.6845634271453,58155.593107603512,16688.068400736884,15662.721183774709,722.50464465419861,3794.9946852955418,58155.593107603512,0,0,38499.964535464016,0,0,3899.8865795734214,42399.85111503744,6
2025-09-03,q4_2_ridge,3088.6845634271453,2764.9565986314938,60310.954686891811,18300.541108535141,15114.793466229547,0,1577.4897945862112,60310.954686891811,0,0,40343.617652773712,0,0,0,40343.617652773712,0
2025-09-04,q4_2_ridge,2764.9565986314938,2056.5646921188595,58666.06070845401,19350.525457743006,16311.478336633209,418.28426958042536,2119.7323069246468,58666.06070845401,0,0,38764.870153285439,0,0,2279.4682966466989,41044.33844993214,5
2025-09-05,q4_2_ridge,2056.5646921188595,1295.6361240442488,28638.526564045384,12858.039839516861,11099.847981275809,1361.5541026007816,21417.627141738449,28638.526564045384,0,0,13348.187621769372,0,0,4763.1843878758827,18111.372009645253,7
2025-09-06,q4_2_ridge,1295.6361240442488,2765.9776773370868,32489.871274601275,16277.300971334209,11861.306388817155,519.34385380985191,20872.136845894078,32489.871274601275,0,0,15110.101802524654,0,0,1686.9963310538305,16797.098133578485,6
2025-09-07,q4_2_ridge,2765.9776773370868,3038.9541155541319,59445.794145641194,19983.429522431965,15940.899118774549,143.83962686091505,586.1197521780357,59445.794145641194,0,0,39201.499090240191,0,0,724.27851169414384,39925.777601934336,2
2025-09-08,q4_2_ridge,3038.9541155541319,1200,49578.833866091947,13114.360591343919,12277.690782987294,10653.405475598007,0,49578.833866091947,0,0,32463.582461055925,0,0,61512.24451320729,93975.826974263211,45
2025-09-09,q4_2_ridge,1200,1200,53849.688271151805,19108.934169272172,15478.236677110457,5065.5188986981839,2181.6754110216052,53849.688271151805,0,0,34599.550335357177,0,0,27979.749047438017,62579.299382795187,34
2025-09-10,q4_2_ridge,1200,1200,57565.161187871738,16371.617309491576,13261.010020688176,6941.7257836463414,80.281032714681487,57565.161187871738,0,0,37494.684979448502,0,0,42909.412718239299,80404.097697687801,33
2025-09-11,q4_2_ridge,1200,1302.3332536241828,60135.793471073506,21188.4460525828,17070.541374330307,1534.7153514157669,4056.5183609034507,60135.793471073506,0,0,37884.982415119506,0,0,8411.473592257862,46296.456007377375,19
2025-09-12,q4_2_ridge,1302.3332536241828,1200,26988.153491825065,13462.298746773635,10996.561913148405,4115.3409900107572,17086.101448210597,26988.153491825065,0,0,11906.225033725525,0,0,13837.36954129213,25743.594575017654,35
2025-09-13,q4_2_ridge,1200,1200,29405.580217079128,15385.424630983514,12462.193951096649,2094.3645930640896,20569.612646923022,29405.580217079128,0,0,12704.790148440796,0,0,8392.1875368053079,21096.977685246104,25
2025-09-14,q4_2_ridge,1200,1224.7918887167766,57481.215720283886,17258.501369609254,13957.073409538396,6076.4381887249938,156.90119893803023,57481.215720283886,0,0,37218.463301180804,0,0,37148.851370345175,74367.314671525965,28
2025-09-15,q4_2_ridge,1224.7918887167766,1229.2589494264653,62995.993844817815,21422.026289219073,17347.820939628735,680.40165449688027,4535.1595163910306,62995.993844817815,0,0,40329.838125459471,0,0,3665.7962960982591,43995.634421557726,12
2025-09-16,q4_2_ridge,1229.2589494264653,1200,61132.272262222235,19698.121357476379,15981.811354039688,2181.0173094926608,105.20958494487297,61132.272262222235,0,0,39802.46826627884,0,0,12750.916131328102,52553.384397606947,22
2025-09-17,q4_2_ridge,1200,1970.1929501659317,68548.120742788,21033.366341904028,16343.853081792922,0,3898.4890826769088,68548.120742788,0,0,44463.678316260535,0,0,0,44463.678316260535,0
2025-09-18,q4_2_ridge,1970.1929501659317,1397.6257308634692,65013.636032352995,20123.766724576824,16815.561544279444,69.589854547364169,2818.9695899363196,65013.636032352995,0,0,41664.816766344629,0,0,321.52535512362226,41986.342121468253,5
2025-09-19,q4_2_ridge,1397.6257308634692,1200,31673.646041900429,15631.153262265119,12839.09730021187,322.69994547421038,13102.937708654719,31673.646041900429,0,0,14447.499469959766,0,0,826.82877992505337,15274.328249884818,8
2025-09-20,q4_2_ridge,1200,1619.4062508201353,32930.766884623023,16599.928020832831,13068.476071136476,77.086336516303788,13830.96753810964,32930.766884623023,0,0,14364.428550065817,0,0,364.35805526454607,14728.786605330362,5
2025-09-21,q4_2_ridge,1619.4062508201353,2029.5852070819153,68520.760531739259,19579.286066685323,15490.060653379509,0,6144.047635100118,68520.760531739259,0,0,44620.705545851153,0,0,0,44620.705545851153,0
2025-09-22,q4_2_ridge,2029.5852070819153,1437.3523111824716,68439.986938300426,19361.091577442199,16215.493784037684,18.634908240185723,4699.0041698027508,68439.986938300426,0,0,45083.491687258771,0,0,122.00744742170453,45205.499134680475,2
2025-09-23,q4_2_ridge,1437.3523111824716,2127.8633064079213,71378.029409108756,21459.28445904305,16760.560516121968,10.234366666666801,4572.9242495210092,71378.029409108756,0,0,46385.581160661852,0,0,66.272641350000868,46451.853802011858,1
2025-09-24,q4_2_ridge,2127.8633064079213,2556.6245769043462,71995.145505776163,20020.773843119041,15830.941669479645,0,6742.0882321367744,71995.145505776163,0,0,47113.792119475591,0,0,0,47113.792119475591,0
2025-09-25,q4_2_ridge,2556.6245769043462,2220.9691003112089,70122.181227574765,19386.751186302368,16005.358389838748,15.37166666666667,6420.7111977778022,70122.181227574765,0,0,45828.06093255365,0,0,106.25664583333337,45934.317578386988,1
2025-09-26,q4_2_ridge,2220.9691003112089,1661.4843775301224,33040.605971621495,15063.066255094127,12704.619917129221,0,12987.91613365659,33040.605971621495,0,0,14989.281110672222,0,0,0,14989.281110672222,0
2025-09-27,q4_2_ridge,1661.4843775301224,1269.9041582725476,34053.662521806786,16109.996095670527,13401.519034824947,0,13543.883210961207,34053.662521806786,0,0,15722.180142911686,0,0,0,15722.180142911686,0
2025-09-28,q4_2_ridge,1269.9041582725476,3051.3633266913334,73871.579127656354,23040.364163207651,17059.381720621292,5.8683333333333394,4408.8358517366714,73871.579127656354,0,0,48391.423324522948,0,0,40.071914166666708,48431.495238689618,1
2025-09-29,q4_2_ridge,3051.3633266913334,2001.340358052913,72112.905339077231,19286.468315274946,16567.060007147284,5.6203833333333932,6639.2258142828969,72112.905339077231,0,0,47758.6855169146,0,0,37.527299516667064,47796.212816431274,1
2025-09-30,q4_2_ridge,2001.340358052913,2990.0544789072801,74727.351315306427,21408.536107545624,16451.071538343018,0,4347.7119794371629,74727.351315306427,0,0,49574.774343450117,0,0,0,49574.774343450117,0
2025-10-01,q4_2_ridge,2990.0544789072801,4905.03295799635,75590.598927274405,18252.106998127008,13060.726037302713,0,20737.696433116776,75590.598927274405,0,0,47740.515138873372,0,0,0,47740.515138873372,0
2025-10-02,q4_2_ridge,4905.03295799635,3895.867887138796,65103.344556061529,18831.56923345977,16161.819642874214,0,10702.811848809313,65103.344556061529,0,0,41184.788042930115,0,0,0,41184.788042930115,0
2025-10-03,q4_2_ridge,3895.867887138796,3337.4888350033257,30130.72453699075,14927.524654441226,12593.836117019313,0,19979.882299568846,30130.72453699075,0,0,13106.712350470056,0,0,0,13106.712350470056,0
2025-10-04,q4_2_ridge,3337.4888350033257,4065.6883601527779,32824.663345286819,15335.50185146464,11766.37692705185,0,16159.555987540702,32824.663345286819,0,0,14699.072164532454,0,0,0,14699.072164532454,0
2025-10-05,q4_2_ridge,4065.6883601527779,4869.6922186129705,66189.361573399729,19331.166493384084,14934.641387026941,0,7056.8754003759332,66189.361573399729,0,0,42408.582051749749,0,0,0,42408.582051749749,0
2025-10-06,q4_2_ridge,4869.6922186129705,4121.0323800838214,65675.516595555266,18537.936279056408,15689.522240711922,0,5093.9933072107942,65675.516595555266,0,0,43556.419354518337,0,0,0,43556.419354518337,0
2025-10-07,q4_2_ridge,4121.0323800838214,4544.233166103696,66925.559359491483,21327.9022943663,16894.720151018817,0,4720.8142161440119,66925.559359491483,0,0,43121.182606247974,0,0,0,43121.182606247974,0
2025-10-08,q4_2_ridge,4544.233166103696,1796.2007188684013,61468.112956272133,18367.133964268185,17350.607713569003,0,3973.091038906291,61468.112956272133,0,0,38976.80677778981,0,0,0,38976.80677778981,0
2025-10-09,q4_2_ridge,1796.2007188684013,1734.5224628623507,64873.763907877976,20579.600023145318,16724.986449153163,0,5259.1686505524867,64873.763907877976,0,0,40608.559888782125,0,0,0,40608.559888782125,0
2025-10-10,q4_2_ridge,1734.5224628623507,1200,30329.481403379912,16470.428143646252,13822.117012929579,291.63509369152234,18629.194449688097,30329.481403379912,0,0,12549.213856438164,0,0,594.01112057040666,13143.224977008571,5
2025-10-11,q4_2_ridge,1200,1741.8285672102979,33066.545531999116,17674.952051802971,13829.065451471142,0,15114.345348333954,33066.545531999116,0,0,13587.950701069762,0,0,0,13587.950701069762,0
2025-10-12,q4_2_ridge,1741.8285672102979,1457.7021134525028,64681.942161352403,21534.277454709321,17698.47854669657,120.66973898293065,2451.8570089892537,64681.942161352403,0,0,39974.567952495927,0,0,774.05282411054543,40748.620776606476,2
2025-10-13,q4_2_ridge,1457.7021134525028,1599.2503757386744,66857.723108487713,22186.608202850213,17843.759208251118,0,5487.4788138886242,66857.723108487713,0,0,41662.994734988679,0,0,0,41662.994734988679,0
2025-10-14,q4_2_ridge,1599.2503757386744,1524.0384024376237,66930.726516130264,21474.076802571315,17461.692986053713,42.011795078884461,2186.5252113582083,66930.726516130264,0,0,42195.090516120414,0,0,279.50447265981836,42474.594988780227,1
2025-10-15,q4_2_ridge,1524.0384024376237,1717.3958658764882,66956.267913186835,20971.438880395544,16812.843776025409,0,877.64915881669901,66956.267913186835,0,0,42353.04204945633,0,0,0,42353.04204945633,0
2025-10-16,q4_2_ridge,1717.3958658764882,1582.2409475297698,66397.450573348367,21313.037623792687,17385.199901784123,1285.6604310747059,788.80033241452065,66397.450573348367,0,0,42287.862726789754,0,0,8351.8736877344272,50639.736414524181,2
2025-10-17,q4_2_ridge,1582.2409475297698,1204.0466403214302,31947.605712705823,16523.148243510328,13724.124953730869,210.97799371633596,13355.361099976037,31947.605712705823,0,0,13419.639442818907,0,0,355.98854415299616,13775.627986971904,5
2025-10-18,q4_2_ridge,1204.0466403214302,1756.1497811954314,32951.975535044097,16944.690944914943,13228.306838594506,0,13158.998162056989,32951.975535044097,0,0,13747.400428645136,0,0,0,13747.400428645136,0
2025-10-19,q4_2_ridge,1756.1497811954314,1686.4154158629403,68078.371855206715,22323.294146664095,18144.629187597158,1573.9175972082774,1587.9019600147351,68078.371855206715,0,0,43132.634519021623,0,0,10119.920021961354,53252.554540982987,7
2025-10-20,q4_2_ridge,1686.4154158629403,1511.7986459377362,70132.784309563576,21508.330983872525,17578.903189869434,337.3252914337852,2099.8994403275924,70132.784309563576,0,0,44947.959573430388,0,0,1784.3076410804056,46732.267214510801,4
2025-10-21,q4_2_ridge,1511.7986459377362,1973.8259039057584,72584.293527768823,22900.962796950815,18133.955333358943,0,1354.7047141769613,72584.293527768823,0,0,46751.190177230121,0,0,0,46751.190177230121,0
2025-10-22,q4_2_ridge,1973.8259039057584,1503.3678988103243,72413.227019040321,21955.882226848473,18207.676808333152,502.65536406910337,3612.7802645941074,72413.227019040321,0,0,46635.142258153632,0,0,2614.2992506845121,49249.44150883815,5
2025-10-23,q4_2_ridge,1503.3678988103243,2035.9452347689935,73818.372646200209,23145.800797925684,18268.779043957002,0,5561.853858898191,73818.372646200209,0,0,46980.773977486038,0,0,0,46980.773977486038,0
2025-10-24,q4_2_ridge,2035.9452347689935,1200,31513.534481434417,16533.304996240335,14144.327758246773,560.18068194753801,11264.687208721722,31513.534481434417,0,0,13354.275626902392,0,0,1762.8808001881475,15117.156427090542,15
2025-10-25,q4_2_ridge,1200,1340.4519196718841,34300.6286182611,18190.110329525694,14607.582639211118,0,11319.668194613194,34300.6286182611,0,0,14429.958052882201,0,0,0,14429.958052882201,0
2025-10-26,q4_2_ridge,1340.4519196718841,2093.5840999261136,73744.066249284195,21867.38758105892,17034.764978428924,0,4367.1316299875216,73744.066249284195,0,0,47352.180360690894,0,0,0,47352.180360690894,0
2025-10-27,q4_2_ridge,2093.5840999261136,1322.4313415608954,73133.99475717028,21350.831546312587,17988.211035041895,153.53868594384699,6372.3312651767701,73133.99475717028,0,0,46798.894590614422,0,0,968.98264699161837,47767.877237606044,1
2025-10-28,q4_2_ridge,1322.4313415608954,2224.6662592621055,74954.302841831028,21810.458297399338,16854.459794962382,0,4025.8826393940681,74954.302841831028,0,0,48509.547181977723,0,0,0,48509.547181977723,0
2025-10-29,q4_2_ridge,2224.6662592621055,1501.9837464410639,73126.347626506758,21710.770904704852,18236.138694349858,743.0363276859282,1082.4949438377053,73126.347626506758,0,0,48130.379900544693,0,0,4748.8254237671381,52879.205324311835,7
2025-10-30,q4_2_ridge,1501.9837464410639,1779.3728588236986,74355.155970814099,21292.140182846917,16996.983346961631,0,5272.1814849288203,74355.155970814099,0,0,48930.005809092894,0,0,0,48930.005809092894,0
2025-10-31,q4_2_ridge,1779.3728588236986,1228.3237175229999,33461.226180939346,16839.645483875698,14136.057069109947,0,6853.3456995069355,33461.226180939346,0,0,14400.845137286067,0,0,0,14400.845137286067,0
2025-11-01,q4_2_ridge,1228.3237175229999,2159.323317431541,35544.175100924171,18494.35652107175,14142.529142150437,0,8648.3092886695267,35544.175100924171,0,0,14794.203208324008,0,0,0,14794.203208324008,0
2025-11-02,q4_2_ridge,2159.323317431541,1898.5983817733375,76028.612116465083,24191.71291855289,19829.939906120235,0,2870.4551706990974,76028.612116465083,0,0,49803.709376639978,0,0,0,49803.709376639978,0
2025-11-03,q4_2_ridge,1898.5983817733375,2001.4296292127301,76531.668615996212,20944.110045475816,16872.181014139958,0,2954.8093013270222,76531.668615996212,0,0,51429.248370268477,0,0,0,51429.248370268477,0
2025-11-04,q4_2_ridge,2001.4296292127301,1919.8328860171614,78153.50599990059,21349.63764941015,17366.643564898233,11.610229797411534,6602.05011185275,78153.50599990059,0,0,51440.042103007108,0,0,55.564616471130051,51495.606719478237,2
2025-11-05,q4_2_ridge,1919.8328860171614,2190.5163949331272,78113.273925090252,22098.100907258209,17655.846576854783,0,3992.9995280201692,78113.273925090252,0,0,52377.922993123866,0,0,0,52377.922993123866,0
2025-11-06,q4_2_ridge,2190.5163949331272,1797.677483317415,76360.547770711535,22262.037129695414,18385.805095507425,1002.3367472895862,2117.0679338131467,76360.547770711535,0,0,51354.333097000446,0,0,5428.18530286442,56782.518399864872,7
2025-11-07,q4_2_ridge,1797.677483317415,1451.2416063566777,34927.472564182783,17793.539412532344,14724.559213415865,0,8540.0305817329736,34927.472564182783,0,0,14925.80389005954,0,0,0,14925.80389005954,0
2025-11-08,q4_2_ridge,1451.2416063566777,1357.3696352570262,34874.783550760367,17985.477809035259,14652.721799308252,0,7750.8204410333583,34874.783550760367,0,0,14593.232691621877,0,0,0,14593.232691621877,0
2025-11-09,q4_2_ridge,1357.3696352570262,1541.4036709221302,77858.233825872099,21931.980352178725,17599.273453166174,223.54813748978407,2402.2578810160121,77858.233825872099,0,0,51935.920825875808,0,0,1356.689001432122,53292.609827307933,4
2025-11-10,q4_2_ridge,1541.4036709221302,1537.7977502437127,79571.507795168902,23039.145128141601,18664.952882405269,0,1338.8724494325643,79571.507795168902,0,0,54349.789327048078,0,0,0,54349.789327048078,0
2025-11-11,q4_2_ridge,1537.7977502437127,2029.5628653893873,80278.414593829395,21728.115082548684,17157.18461323333,0,4148.4644578473744,80278.414593829395,0,0,54211.137063550981,0,0,0,54211.137063550981,0
2025-11-12,q4_2_ridge,2029.5628653893873,1726.5620324721447,79789.7631909989,21860.941715752699,17980.063539385206,11.773333333333426,4964.6705979647413,79789.7631909989,0,0,53936.03896112545,0,0,60.579686666667136,53996.618647792122,1
2025-11-13,q4_2_ridge,1726.5620324721447,1863.7363809941492,79721.776121540111,21100.061010077428,16967.592504492921,0,3193.4362992889332,79721.776121540111,0,0,54860.440369077027,0,0,0,54860.440369077027,0
2025-11-14,q4_2_ridge,1863.7363809941492,1610.8248333279944,35933.299914933581,18112.39859494373,14898.663254803967,0,5121.1092747938219,35933.299914933581,0,0,15293.168564162846,0,0,0,15293.168564162846,0
2025-11-15,q4_2_ridge,1610.8248333279944,1445.7002003242787,35937.751584369544,19205.542664617707,15705.101728043688,0,4225.4237311288571,35937.751584369544,0,0,15566.360766304117,0,0,0,15566.360766304117,0
2025-11-16,q4_2_ridge,1445.7002003242787,1721.3685352533585,82238.218433424074,22916.811859659858,18314.516104888316,0,3201.3782953192076,82238.218433424074,0,0,56485.307856744505,0,0,0,56485.307856744505,0
2025-11-17,q4_2_ridge,1721.3685352533585,2030.2244951076375,82596.176262290654,21839.163715085833,17411.752245350679,0,5473.0104592221769,82596.176262290654,0,0,56895.794497514609,0,0,0,56895.794497514609,0
2025-11-18,q4_2_ridge,2030.2244951076375,1845.285714062546,81374.714483905089,21600.466888786075,17662.823082857307,0,2546.5188446429847,81374.714483905089,0,0,56057.069096001564,0,0,0,56057.069096001564,0
2025-11-19,q4_2_ridge,1845.285714062546,1450.5901270702407,81303.288536733831,22218.750522714858,18352.413951692106,0,2068.6403657110914,81303.288536733831,0,0,56843.669032468555,0,0,0,56843.669032468555,0
2025-11-20,q4_2_ridge,1450.5901270702407,1678.6422448248125,82934.115373951587,21467.608155291597,17183.515699807074,0,3856.9468851337429,82934.115373951587,0,0,56929.209587832578,0,0,0,56929.209587832578,0
2025-11-21,q4_2_ridge,1678.6422448248125,1365.7906258167532,36256.711400619432,18557.563470208417,15313.192867976071,0,4147.9567317204237,36256.711400619432,0,0,15934.335968298468,0,0,0,15934.335968298468,0
2025-11-22,q4_2_ridge,1365.7906258167532,1438.0205297066643,37573.865613248192,19352.122960873905,15610.212684806942,0,3612.1258538478974,37573.865613248192,0,0,16191.978510151139,0,0,0,16191.978510151139,0
2025-11-23,q4_2_ridge,1438.0205297066643,1802.8906888202951,83894.124510277674,22429.94475825784,17839.872110986587,0,4071.9555796730865,83894.124510277674,0,0,58306.974653201236,0,0,0,58306.974653201236,0
2025-11-24,q4_2_ridge,1802.8906888202951,1200,82468.958009602604,20021.218780081388,16759.788831804195,128.18526864898126,5173.7696299743948,82468.958009602604,0,0,57179.317244406258,0,0,512.42081132922453,57691.738055735485,7
2025-11-25,q4_2_ridge,1200,1510.6512946797759,83714.925606903329,22159.072832385915,17669.262829020787,0,3056.4551368715415,83714.925606903329,0,0,57815.064678077717,0,0,0,57815.064678077717,0
2025-11-26,q4_2_ridge,1510.6512946797759,2003.7860623225702,83863.801422706063,22940.031572799486,18137.604283089073,0,2303.7072496623186,83863.801422706063,0,0,58256.147737408864,0,0,0,58256.147737408864,0
2025-11-27,q4_2_ridge,2003.7860623225702,1794.0393661072226,83507.435733484046,21425.240860407685,17543.217123524042,0,3844.5192632670719,83507.435733484046,0,0,58708.286169632178,0,0,0,58708.286169632178,0
2025-11-28,q4_2_ridge,1794.0393661072226,1494.084874746801,37354.369576776415,19545.663413829971,16101.946407426656,85.151166666662846,3074.5651870397619,37354.369576776415,0,0,15703.766232109801,0,0,426.73507174998082,16130.501303859783,1
2025-11-29,q4_2_ridge,1494.084874746801,1504.7757201280119,38847.034387684282,19751.876468424613,15989.39817858085,0,155.10599784051863,38847.034387684282,0,0,16424.446462375374,0,0,0,16424.446462375374,0
2025-11-30,q4_2_ridge,1504.7757201280119,1505.2555697001271,85760.927298845549,23382.916524071112,18939.730519882702,23.600895930722231,1096.5140739211943,85760.927298845549,0,0,60189.606367738044,0,0,155.89571807038567,60345.502085808432,1
2025-12-01,q4_2_ridge,1505.2555697001271,1321.2283041212738,86499.59065946973,23417.289891035154,19133.629350759449,4679.6713991258875,596.67378498658161,86499.59065946973,0,0,64710.88800179564,0,0,30633.485923901706,95344.373925697349,17
2025-12-02,q4_2_ridge,1321.2283041212738,1464.4939865923661,89151.795252551819,24147.785559119635,19430.767188662918,4289.1626178551087,86.129549950219712,89151.795252551819,0,0,66906.455591257021,0,0,29790.953849453286,96697.409440710311,15
2025-12-03,q4_2_ridge,1464.4939865923661,3632.3856094092453,98849.516115984967,25905.104666876312,19032.032319634625,0,4813.6952020766148,98849.516115984967,0,0,75829.109988594486,0,0,0,75829.109988594486,0
2025-12-04,q4_2_ridge,3632.3856094092453,3843.0860471657206,96716.707224829675,22107.688681548185,17717.597438073208,62.29414930207588,5617.7013806567766,96716.707224829675,0,0,75050.699065743174,0,0,442.2360804887378,75492.935146231903,2
2025-12-05,q4_2_ridge,3843.0860471657206,3929.943715630322,52183.025665961482,19932.07468161032,16066.808590486224,0,7006.1318915040547,52183.025665961482,0,0,25326.766350366834,0,0,0,25326.766350366834,0
2025-12-06,q4_2_ridge,3929.943715630322,3705.8269320801091,51510.836170562237,20622.198582253608,16905.68595682062,0,4129.6927284625863,51510.836170562237,0,0,24934.196760812607,0,0,0,24934.196760812607,0
2025-12-07,q4_2_ridge,3705.8269320801091,3724.3677349753762,98369.073347869518,22071.652190853893,17861.35155198591,14.417585245082137,6520.5090442466253,98369.073347869518,0,0,75866.627775525005,0,0,99.207404071410181,75965.835179596412,1
2025-12-08,q4_2_ridge,3724.3677349753762,3886.8367255014873,104926.10016782972,20623.466567031828,16558.785827822277,0,13014.208311953502,104926.10016782972,0,0,81574.998559666477,0,0,0,81574.998559666477,0
2025-12-09,q4_2_ridge,3886.8367255014873,3631.7590715465585,104412.9502672103,21675.703019727,17786.889334538311,0,13135.682315354952,104412.9502672103,0,0,80131.575102304225,0,0,0,80131.575102304225,0
2025-12-10,q4_2_ridge,3631.7590715465585,2393.5601089225015,97621.770701271249,20583.584197640721,17787.082266450638,0,6437.6503034144971,97621.770701271249,0,0,75138.240549434006,0,0,0,75138.240549434006,0
2025-12-11,q4_2_ridge,2393.5601089225015,2577.9913162526277,99656.040738304495,22703.186073035416,18223.592632561576,0,9215.1925978306517,99656.040738304495,0,0,74594.437652544206,0,0,0,74594.437652544206,0
2025-12-12,q4_2_ridge,2577.9913162526277,2155.5869951639784,51369.091611978103,19748.358728507894,16376.334459071177,0,4282.6538592080569,51369.091611978103,0,0,24273.220705637999,0,0,0,24273.220705637999,0
2025-12-13,q4_2_ridge,2155.5869951639784,2598.043356807766,53901.110453740257,20576.113007313666,16268.440810444663,0,5794.9048735379201,53901.110453740257,0,0,25692.585094316226,0,0,0,25692.585094316226,0
2025-12-14,q4_2_ridge,2598.043356807766,2507.0965386845824,99015.636962654913,22769.714378196219,18525.3207826498,0,5992.5215671085016,99015.636962654913,0,0,76182.607866034305,0,0,0,76182.607866034305,0
2025-12-15,q4_2_ridge,2507.0965386845824,2150.5629157188241,98579.531261367956,23621.405672064229,19454.21885504121,0,4942.7864776782726,98579.531261367956,0,0,75616.191031738228,0,0,0,75616.191031738228,0
2025-12-16,q4_2_ridge,2150.5629157188241,2112.6240198514724,99158.095687156892,24612.019558953245,19969.88084903275,0,5097.8656439030528,99158.095687156892,0,0,75385.235940642713,0,0,0,75385.235940642713,0
2025-12-17,q4_2_ridge,2112.6240198514724,1888.2174038058106,97401.24412430654,22727.624003446515,18611.341397232776,0,5093.1144514261305,97401.24412430654,0,0,74182.589747396152,0,0,0,74182.589747396152,0
2025-12-18,q4_2_ridge,1888.2174038058106,1747.3263225819978,96174.974306928169,24690.235135682502,20125.892433004265,0,4244.3646375832723,96174.974306928169,0,0,72258.906577975111,0,0,0,72258.906577975111,0
2025-12-19,q4_2_ridge,1747.3263225819978,1200,50800.394668294612,20499.144874660084,17096.901038798467,2.533067387686458,4492.2925998206829,50800.394668294612,0,0,23445.87752913795,0,0,4.9610124787839274,23450.838541616733,1
2025-12-20,q4_2_ridge,1200,1553.2294133224998,51545.912891539905,21649.128007890362,17217.887214400937,0,4258.3198480504871,51545.912891539905,0,0,23733.515897105637,0,0,0,23733.515897105637,0
2025-12-21,q4_2_ridge,1553.2294133224998,1823.5124556924009,97265.366091883014,25262.340161704706,20219.240792847901,23.77676224029176,3208.2616185998395,97265.366091883014,0,0,73261.235161352612,0,0,167.18630369261152,73428.42146504522,1
2025-12-22,q4_2_ridge,1823.5124556924009,1410.1522457010881,96801.783053234729,24134.254886721144,19920.770647236313,120.61926331758359,3771.4909937341549,96801.783053234729,0,0,74175.730151024414,0,0,606.38508545539128,74782.115236479804,6
2025-12-23,q4_2_ridge,1410.1522457010881,1740.5979511509013,97040.609446600953,23680.705660490785,18883.970450092704,0,4985.7817028695481,97040.609446600953,0,0,73159.73346440529,0,0,0,73159.73346440529,0
2025-12-24,q4_2_ridge,1740.5979511509013,1329.3928639899136,94941.932507437261,24528.260397666396,20237.975500554669,151.16788395449635,2948.256177613363,94941.932507437261,0,0,71231.14306682357,0,0,1000.5225573403521,72231.665624163928,4
2025-12-25,q4_2_ridge,1329.3928639899136,1487.5395767894913,94891.183479004045,23914.782913718398,19228.642118592285,86.336903992838984,2478.9310545374296,94891.183479004045,0,0,71389.578241300856,0,0,696.89937749921774,72086.477618800083,2
2025-12-26,q4_2_ridge,1487.5395767894913,1577.5917178871043,49315.970585589093,23111.91123774763,18639.601175587726,0,1836.0380900958651,49315.970585589093,0,0,22691.746363572587,0,0,0,22691.746363572587,0
2025-12-27,q4_2_ridge,1577.5917178871043,1583.7825189716054,49388.801347732908,21680.206779856398,17555.395770707633,0,1925.1812719174823,49388.801347732908,0,0,22073.157695724141,0,0,0,22073.157695724141,0
2025-12-28,q4_2_ridge,1583.7825189716054,1818.8596010748838,95344.091429284599,23422.724835079443,18760.837742521398,82.393138301571412,3955.3427250281247,95344.091429284599,0,0,71081.625062452309,0,0,613.54281525413012,71695.167877706437,3
2025-12-29,q4_2_ridge,1818.8596010748838,1317.0244894582538,94355.034683035687,22719.123349081918,18854.141513211322,0,2966.2865804984317,94355.034683035687,0,0,70750.29857638519,0,0,0,70750.29857638519,0
2025-12-30,q4_2_ridge,1317.0244894582538,1434.5755934277543,93599.745460838385,24115.660066435383,19427.888660240114,246.19175797040975,2933.7632126135404,93599.745460838385,0,0,68951.305527901248,0,0,1752.2322797080708,70703.537807609318,3
2025-12-31,q4_2_ridge,1434.5755934277543,1263.4742243032285,93061.596185989387,25052.647342840479,20446.635579912858,875.07746529321344,684.2389550216426,93061.596185989387,0,0,69342.312891392241,0,0,5876.6804425681421,75218.993333960389,10
