case_id,year,paper_code,paper_id,title,problem_types,models,validation_methods,core_problem,data_features,card_path,source_pdf
case-001,2012,A335,1191829,葡萄酒的质量分析与评价,评价 | 聚类 | 回归,双因素方差分析 | 置信区间异常修正 | K-Means | 优势矩阵 | 相关分析 | 逐步回归 | 多级嵌套回归,F检验 | 回归显著性检验 | 拟合优度 | 处理方法对比,在评酒员主观差异、葡萄与葡萄酒多层理化指标并存时，先识别可信评分，再完成葡萄分级并判断理化指标能否解释酒质。,红、白葡萄及其葡萄酒的配对理化/芳香物质指标，两组评酒员的重复评分；指标量纲多、变量多且评分带明显评委效应。,cases/case-001.md,2012/A335——2012高教社杯全国大学生数学建模竞赛_[1191829].pdf
case-002,2012,A441,1699440,葡萄酒的评价,评价 | 聚类 | 回归,正态性检验 | 差异显著性检验 | 逐步回归 | 聚类分析 | 判别分析 | 相关系数筛选,显著性检验 | 分类正确率 | R2 | 回归系数显著性,从两组主观评分中选择可信组，联合葡萄、葡萄酒理化指标与芳香物质建立分级和质量评价体系。,评委评分矩阵与多组理化、芳香物质指标；高维、强相关、量纲不一，且 PDF 文本编码异常，本卡对关键页做了可视核验。,cases/case-002.md,2012/A441——2012高教社杯全国大学生数学建模竞赛_[1699440].pdf
case-003,2012,B017,1699242,基于递归算法的建筑外表面光伏电池布局优化分析与设计,优化 | 机理 | 仿真,Hay斜面辐射模型 | 二维矩形排样 | 贪心递归 | 无约束优化 | 三次样条插值,经济指标核算 | 情景比较 | 方案复用检验,同时决定光伏组件、逆变器、墙面排样、倾角朝向和建筑外形，在发电量、单位电量成本与可制造约束之间求可实施方案。,典型气象年逐时辐射、不同朝向表面、光伏与逆变器离散规格、35年寿命和带门窗的二维可用区域；连续能量计算与组合排样耦合。,cases/case-003.md,2012/B017——2012高教社杯全国大学生数学建模竞赛_[1699242].pdf
case-004,2013,,1700250,北京市水资源短缺风险综合评价模型,评价 | 预测 | 聚类,逐步回归 | 主成分分析 | 主成分回归 | Logistic回归 | 模糊综合评价 | K-Means | ARIMA,累计方差贡献率 | 拟合优度 | F检验 | 历史等级对照,从31年高维水资源指标中识别主风险因子，构造概率×损失的年度风险度并分级，再预测未来两年风险。,北京1979—2009年31个年度样本，初始25项供水、用水、经济、生活、生态和工程技术指标；小样本、高维且指标强相关。,cases/case-004.md,2013/北京市水资源短缺风险综合评价模型-厦门大学_[1700250].pdf
case-005,2013,,1700221,古塔的变形,机理 | 预测 | 优化,"最小二乘平面拟合 | 条件极值 | 空间曲线曲率 | 坐标旋转 | GM(1,1)",残差检验 | 相对误差 | 指标趋势一致性,从四次三维测量的层级观测点恢复各层中心，定义可解释的倾斜、弯曲、扭曲指标，并在极小时间样本下预测趋势。,1986、1996、2009、2011四次测量；13层、每层约8个三维点和塔尖点，含缺失值；空间层级明确但时间样本仅4个。,cases/case-005.md,2013/古塔的变形-成都工业学院_[1700221].pdf
case-006,2013,,1700251,垃圾分类处理与清运方案设计,优化 | 网络 | 评价,成本收益分析 | 最短路径 | 设施选址 | 分区优化 | 碳排放核算,优化前后成本对比 | 耗油量对比 | 碳排放核算,在设备容量、转运站位置、车辆载重与分类去向约束下，联合决定处理设备、中心位置和清运路线，并同时评价经济和环境效果。,38个转运站、道路/地图距离、四类垃圾量、大小设备能力与成本、拖车和收集车油耗；空间网络与容量、趟次离散决策并存。,cases/case-006.md,2013/垃圾分类处理与清运方案设计-南京大学_[1700251].pdf
case-007,2013,,1700213,城市公共自行车服务系统运行状况和效率分析,评价 | 聚类 | 网络,描述统计 | 随机效用模型 | 分布拟合 | 道路图像细化 | K-Means | 社会福利优化,多距离口径对比 | 分布拟合诊断 | 高峰稳定性检查,从20天借还车日志识别用户时长偏好、站点时空供需和潮汐现象，进而评价站点/锁桩配置并提出调度与选址建议。,637336条清洗后记录、180个站点、20天时间戳与借车卡；另有站点地图坐标。数据量大、时空依赖强，含站点号、时间格式和时长字段错误。,cases/case-007.md,2013/城市公共自行车服务系统运行状况和效率分析_[1700213].pdf
case-008,2013,,1700247,碎纸复原模型与算法,组合优化 | 分类 | 图像处理,碎纸距离模型 | TSP | 模拟退火 | 层次特征分类 | 人机协同,复原图目视核对 | 人工干预度评价 | 正反面一致性检查,把大量无序碎片的版面复原转化为可计算的相邻代价与全局排序，并用行层次分类降低二维和双面拼接的组合复杂度。,输入为规则矩形的黑白文字碎片图像；一维问题每页19条，二维问题可按11行、每行19片组织，双面数据正反两图绑定。文字方向、行距、页边距提供强结构先验。,cases/case-008.md,2013/碎纸复原模型与算法-广东财经大学_[1700247].pdf
case-009,2013,,1700228,碎纸片的拼接复原,图像处理 | 聚类 | 组合排序,左右边界匹配 | 行特征匹配 | 上下边界匹配 | 两层筛选 | 双面一致性约束,人工答案对照 | 拼接正确率 | 双面约束一致性,从规则切割文字碎片的像素边界与版面行特征中恢复横向邻接、行归属和纵向次序，并把双面信息作为额外一致性约束。,BMP碎片大小相同、边缘平滑、无倾斜和噪声；一维每页19条，二维每页11×19片，双面每个实体有a/b两幅绑定图像。数据结构规则但对阈值、版式和语种敏感。,cases/case-009.md,2013/碎纸片的拼接复原-西南交通大学_[1700228].pdf
case-010,2013,,1700246,车道被占用对城市道路通行能力的影响,评价 | 预测 | 仿真 | 机理分析,背景差分图像处理 | 方差分析 | 通径分析 | 二流理论 | BP神经网络 | 遗传算法 | 元胞自动机,正态性检验 | 方差齐性检验 | 显著性检验 | 样本拟合 | 重复仿真,从事故视频估计流量、通行能力和队列长度，辨别占道位置的影响机制，并预测队列何时到达上游路口。,两段定点交通视频提供按分钟车辆计数、车型、上游流量和像素队列长度；样本存在透视尺度、遮挡与时间波动，最终预测还给定140米、1500 pcu/h等情景参数。,cases/case-010.md,2013/车道被占用对城市道路通行能力的影响-华南理工大学_[1700246].pdf
case-011,2013,,1700244,车道被占用对城市道路通行能力的影响,排队 | 回归 | 仿真 | 预测,饱和流率估计 | 单服务台多队列 | 概率HRRN | 多元回归 | 元胞自动机,显著性检验 | 视频对照 | 重复仿真 | 模型间交叉核验,用有限事故视频定义并估计实际最大通行能力，解释不同车道占用的差异，再以排队与车辆级仿真预测队列传播时间。,两段视频中提取断面车流、车种、速度、车道分配、上游流量及六次排队事件；数据时间序列短、事件样本少，第四问需把总入流1500 pcu/h分配到车道和时刻。,cases/case-011.md,2013/车道被占用对城市道路通行能力的影响-周晨阳周登岳孔垂烨_[1700244].pdf
case-012,2014,A012,1700764,嫦娥三号软着陆轨道设计与控制策略,优化 | 机理/动力学 | 仿真,二体动力学 | Pontryagin极大值原理 | 自适应模拟退火遗传算法 | 蒙特卡洛,替代算法交叉验证 | 蒙特卡洛打靶 | 误差分析 | 敏感性分析,在月球软着陆六阶段的端点状态、推力和姿态约束下，反求准备轨道端点并设计最小燃耗制导与避障控制策略。,轨道端点和发动机参数已知，高程图用于避障；连续动力学、分阶段状态约束与多源扰动并存。,cases/case-012.md,2014/A012_1A1509-A012嫦娥三号软着陆轨道设计与控制策略-山东大学-论文_[1700764].pdf
case-013,2014,A063,1700760,嫦娥三号软着陆轨道设计与控制策略,机理模型 | 优化 | 图像处理 | 敏感性分析,二维动力学 | 三维动力学 | 参数优化 | 边缘检测 | 坡度筛选 | 误差转移矩阵,误差传播 | 5%扰动实验 | 参数敏感性分析 | 量级检查,在轨道定位、燃料消耗、阶段末状态与月面避障的多重约束下设计六阶段软着陆轨迹，并评价控制策略对初始误差和关键参数的鲁棒性。,数据混合轨道/探测器物理参数与月面数字高程图；状态连续、阶段目标不同，且近月点搜索为连续空间，粗避障和精避障分别需要不同尺度的地形判据。,cases/case-013.md,2014/A063_1A2311-A063嫦娥三号软着陆轨道设计与控制策略-西南交通大学峨眉校区-论文下载_[1700760].pdf
case-014,2014,A377,1700785,嫦娥三号软着陆轨道设计与控制策略,优化 | 机理/动力学 | 图像评价,牛顿动力学 | 轨迹离散化 | 全局最优模型 | 平坦度评价,局部灵敏度分析 | 分阶段误差分析,由月球轨道和高程图确定准备轨道、六阶段最小燃耗控制及安全着陆点，并评估推力和初始高度扰动。,连续动力学和离散高程图并存；六阶段具有不同状态约束，主减速段水平位移占主导。,cases/case-014.md,2014/A377_1A1102-A377-嫦娥三号软着陆轨道设计与控制策略-中国计量学院-论文_[1700785].pdf
case-015,2014,A398,1700769,嫦娥三号软着陆轨道设计与控制策略,机理模型 | 非线性优化 | 图像分析 | 敏感性分析,坐标变换 | 霍曼转移 | 离散动力学 | 非线性规划 | 高程筛选 | 控制变量法,单因素敏感性 | 联合扰动分析 | 轨迹仿真 | 约束可行性检查,将月球软着陆从轨道定位、六阶段制导到误差分析统一为有物理初值的离散动力学优化，并利用地形数据选择安全落区。,连续状态与控制按时间离散；输入含轨道要素、推力/比冲、阶段高度速度条件及数字高程图。部分轨道要素不是题目直接给定，论文采用假设值，因此位置结果带条件性。,cases/case-015.md,2014/A398_1A1917-A398嫦娥三号软着陆轨道设计与控制策略-华南农业大学-论文下载_[1700769].pdf
case-016,2014,A499,1700772,嫦娥三号软着陆轨道设计与控制策略,优化 | 机理/动力学 | 图像处理,二维极坐标动力学 | 非线性规划 | 加权评分 | 局部避障规划,系统误差分析 | 单因素±5%灵敏度 | 稳定性说明,在六阶段软着陆中联合求取轨道位置、燃耗最小控制和粗精两级避障着陆区，并量化主要工程误差。,动力学参数、发动机推力范围、粗细两幅高程图和端点状态约束共同驱动模型。,cases/case-016.md,2014/A499_1A1108-A499嫦娥三号软着陆轨道设计与控制策略-浙江工业大学-论文_[1700772].pdf
case-020,2014,A题,1700789,嫦娥三号软着陆轨道设计与控制策略,优化 | 机理/动力学 | 聚类,二体模型 | 非线性规划 | 序列化遗传算法 | K均值聚类 | 空间线性回归,相对误差分析 | 初值与约束灵敏度,逆推软着陆初始轨道，求六阶段低燃耗控制，并从高程图识别安全着陆区与评估方案对初值扰动的稳定性。,边值动力学、非凸控制变量和两级高程图叠加；正向解析条件不足，需仿真逆推。,cases/case-020.md,2014/嫦娥三号软着陆轨道设计与控制策略-东南大学-论文_[1700789].pdf
case-017,2014,B009,1700523,创意平板折叠桌的设计加工,几何建模 | 多目标优化 | 参数化设计,直纹曲面 | 空间解析几何 | 多目标非线性优化 | 参数方程 | 动态仿真,几何闭合检查 | 约束可行性检查 | MATLAB动态图 | 目标形状对照,由木条、铰链、钢筋和滑槽的运动几何反推桌脚曲面、槽长与加工参数，并在稳固、节料和易加工之间选择设计。,输入为板长宽厚、木条宽度、桌高/桌面直径和客户期望边缘曲线；木条离散但运动可由连续参数描述，几何、运动、稳定和加工约束耦合。,cases/case-017.md,2014/B009_1B1616-B009创意平板折叠桌的设计加工-信阳师范学院-论文下载_[1700523].pdf
case-018,2014,B336,1700755,创意平板折叠桌的优化设计,机构建模 | 多目标优化 | 曲线拟合,定轴转动 | 空间解析几何 | MOP非线性规划 | 图解可行域 | 最小二乘曲线逼近,可行域检查 | 动态仿真 | 目标曲线距离 | 约束复核,刻画折叠桌构件从平板到桌态的运动，并在稳定、材料与加工目标之间求可制造参数；进一步把任意客户轮廓转成最接近的桌脚边缘。,板与木条尺寸离散且对称；设计变量主要为板长、钢筋位置和旋转状态，约束含几何、运动和静力平衡；第三问输入为客户提供的连续边缘曲线。,cases/case-018.md,2014/B336_1B0104-B336创意平板折叠桌的优化设计-兰州理工大学-论文下载_[1700755].pdf
case-019,2014,C055,1700430,关于生猪养殖场经营管理的研究,盈亏分析 | 整数优化 | 生产计划,盈亏平衡方程 | 容量规划 | 最小二乘拟合 | 0-1规划 | 多期利润优化,收支平衡核对 | 容量与流量守恒检查 | 拟合图检查 | 情景对照,在繁育周期、存栏容量、种猪替代、生产/出栏时序和价格条件下，确定养猪场能否盈亏平衡及三年经营策略。,题目数据与外部收集的成本/价格混合；生猪具有繁育、生长、淘汰和出栏时滞，总存栏上限10000头；价格数据为年度小样本，第三问还使用题目预测曲线。,cases/case-019.md,2014/C055_1C1501-C055关于生猪养殖场经营管理的研究-论文下载_[1700430].pdf
case-021,2015,A048,1700970,太阳影子定位的多目标优化模型,机理建模 | 反问题 | 多目标优化 | 参数辨识,太阳位置解析模型 | 多目标L1优化 | 粗细两级网格搜索 | 二次曲线拟合,角度残差表 | 影长回代 | 候选解对比 | 误差分析,从一段竖杆影长和方向随时间的观测，反演地点、日期与杆长，并处理天文反问题的多解性。,附件1为已知日期下21个时刻的二维影端点；附件2、3还未知日期；附件4来自视频。未知量连续、目标非凸，季节和南北半球对称会产生多个候选解。,cases/case-021.md,2015/A048_1A23003-A048太阳影子定位的多目标优化模型-数学建模竞赛优秀论文下载_[1700970].pdf
case-022,2015,A095,1699712,太阳影子定位模型,机理建模 | 多目标规划 | 全局优化 | 计算机视觉,太阳位置解析模型 | 双目标规划 | 网格逼近 | 粒子群优化 | Hough变换与透视矫正,残差比 | 算法结果交叉比较 | 敏感性分析 | 真实资料对照,联合使用影长和方位变化反演地点与日期，并在搜索维度增加后以粒子群降低穷举成本。,短时影端点序列既含尺度信息也含方向信息；坐标轴朝向未知，日期与地点存在对称候选；视频为斜视投影，需先几何矫正。,cases/case-022.md,2015/A095_1A27002-A095太阳影子定位模型-数学建模竞赛优秀论文下载_[1699712].pdf
case-023,2015,A135,1699713,太阳影子定位,机理建模 | 分层多目标优化 | 非线性规划 | 视频追踪,太阳位置解析模型 | 词典序多目标规划 | 遍历搜索 | 非线性最小二乘 | 动态影端追踪,公式误差校正 | 局部最优点扫描 | 残差地形可视化 | 资料对照,在天文公式存在系统误差、逆问题具有局部最优的条件下，用分层目标和误差地形寻找地点日期候选。,附件为短时影端点；时间、经纬度和日期进入周期性天文函数，目标面多峰；视频追踪能得到像素轨迹但论文未做通用透视矫正。,cases/case-023.md,2015/A135_1A32001-A135太阳影子定位-数学建模竞赛优秀论文下载_[1699713].pdf
case-024,2015,A220,1700969,基于L-M优化算法的太阳影子定位模型,非线性回归 | 参数辨识 | 机理建模 | 视频量测,太阳影长解析模型 | Levenberg-Marquardt算法 | 非线性最小二乘 | 两阶段拟合 | 视频抽帧,理论值回代 | 偏差检查 | 参数初值风险分析,把地点、日期、杆长和视频视角作为非线性回归参数，通过趋势预筛与两阶段L-M拟合完成定位。,影长为天文参数的强非线性函数；附件2、3日期未知而参数冗余；视频每2分钟抽帧，观测到的是投影长度；L-M对初值敏感。,cases/case-024.md,2015/A220_1A18006-A220基于L-M 优化算法的太阳影子定位模型-数学建模竞赛优秀论文下载_[1700969].pdf
case-025,2015,A428,1700968,太阳影子定位,机理建模 | 单目标与多目标优化 | 智能优化 | 图像处理,太阳影长解析模型 | 拟牛顿法 | 人工鱼群算法 | Canny边缘检测 | 透视变换,误差传递 | 文献数据检验 | 替代数据回代 | 单因素敏感性分析,把经纬度、日期、杆高的反演按未知量逐步升级，并用不同优化器匹配单目标局部求解和多目标全局搜索。,附件1—3为二维影端点序列，问题三日期未知导致维度和多峰性增加；视频需灰度化、二值化、边缘提取和透视变换。,cases/case-025.md,2015/A428_1A17011-A428太阳影子定位-数学建模竞赛优秀论文下载_[1700968].pdf
case-026,2015,B006,1699718,“互联网+”时代的出租车资源配置模型,评价 | 聚类 | 优化 | 仿真,供求匹配度 | 参数均值聚类 | 三次样条插值 | 线性规划 | 动态任务分派,跨城市对比 | 补贴前后对比 | 随机场景模拟,构造时空供求匹配与打车难指标，评价既有补贴，并设计兼顾分布均衡、动态派单和等待时间的新补贴机制。,城市级出租车供需数据稀疏且时空异质，需插值；补贴影响通过等待时间、空载率和供需刺激函数传导。,cases/case-026.md,2015/B006_1B27007_B006“互联网+”时代的出租车资源配置模型-数学建模竞赛优秀论文下载_[1699718].pdf
case-027,2015,B013,1699785,“互联网+”时代的出租车资源配置,综合评价 | 供需匹配 | 政策仿真 | 动态资源配置,里程利用率-供求比二维距离 | 补贴缓解率模型 | 指数响应函数 | 分区动态补贴 | 计算机仿真,场景对比 | 补贴前后仿真 | 时空分组结果检查,构造可比较的供需失衡指标，判断现有补贴是否缓解打车难，并按区域实时配置补贴。,宏观统计与西安分时分区平台数据混合；乘客和司机空间分布、补贴响应函数均依赖强假设，政策效果缺少随机对照。,cases/case-027.md,2015/B013_1B27002_B013“互联网+”时代的出租车资源配置--数学建模竞赛优秀论文下载_[1699785].pdf
case-028,2015,B285,1699714,“互联网+”时代的出租车资源配置,时空分析 | 聚类 | 路径与行为仿真 | 福利优化,空间插值 | 聚簇分析 | 供求满意度函数 | 网格最短路径矩阵 | 社会福利最大化,拟合优度R2 | 输入扰动敏感性 | 场景趋势比较 | 鲁棒性检查,从时空样本构造供需图景，将司机巡游和乘客需求嵌入网格行为模型，再优化司乘双向补贴的社会福利。,工作日/节假日、城区/郊区的异质时空样本；出租车与乘客采样点不一一对应；100个网格形成最短路、需求和交易概率矩阵。,cases/case-028.md,2015/B285_1B09001-B285“互联网+_时代的出租车资源配置-数学建模竞赛优秀论文下载_[1699714].pdf
case-029,2015,B309,1699715,“互联网+”时代的出租车资源配置模型,时空评价 | 回归 | 政策仿真,最近邻匹配度 | 时空半径指标 | S曲线拟合 | 补贴情景模拟,时空分布对照 | 拟合显著性 | 反例情景检验,以乘客周边可达出租车数量定义时空匹配难度，评价补贴成效并根据失效原因设计热点引导补贴。,2015年成都逐时出租车与需求位置数据，另含平台补贴、订单使用率、等待时间和空驶率等外部数据。,cases/case-029.md,2015/B309_1B23006-B309“互联网+”时代的出租车资源配置模型-数学建模竞赛优秀论文下载_[1699715].pdf
case-030,2015,B340,1699784,“互联网+”时代基于动态补贴的出租车资源优化配置,模糊综合评价 | 回归 | 政策仿真 | 约束优化,模糊综合评价 | 多元回归 | 高斯响应模型 | Logit模型 | 等步长搜索 | 动态补贴,宏微观结果对照 | 补贴情景仿真 | 匹配次数比较 | 模型局限分析,同时处理宏观城市评价、微观时空供需估计和补贴行为响应，并在供需改善与平台成本间折中。,宏观城市指标、深圳GPS/需求数据和平台补贴规则异源；坏值和经纬偏差需清理；拒单/拼车响应主要由假设函数刻画。,cases/case-030.md,2015/B340_1B27003-B340“互联网+”时代基于动态补贴的出租车资源优化配置-数学建模竞赛优秀论文下载_[1699784].pdf
case-031,2015,C019,1700972,古典诗词中天文知识的研究,机理建模 | 规则判定 | 时空枚举 | 模型校验,太阳与月亮位置模型 | 球面坐标转换 | 儒略日计算 | 时间区间交集 | 城市筛选算法,天文资料对照 | 高度角与方位角误差图 | 多城市计算 | 结果合理性检查,把文学意象定义为太阳、月亮高度角和观测几何的可计算阈值，再筛选时空上同时满足的日期与时段。,输入主要为城市经纬度、日期和天文常数；输出是离散时段集合。意象阈值来自人为几何假设，模型误差与阈值不确定性共同影响发生次数。,cases/case-031.md,2015/C019_1C14001-C019古典诗词中天文知识的研究-数学建模竞赛优秀论文下载_[1700972].pdf
case-032,2015,C049,1700971,“月上柳梢头，人约黄昏后”数学模型的建立,机理建模 | 时间区间筛选 | 阈值判定 | 空间推广,太阳赤纬与时角模型 | 月亮黄经黄纬模型 | 球面三角 | 区间交叠判定 | 全年枚举,天文资料逐时刻对照 | 最大最小时间误差 | 七城市结果比较,以可解释的视觉几何定义诗词意象，计算日月事件时段，并研究发生次数随城市纬度的变化。,城市经纬度和全年日期可穷举；模型采用简化天文公式，时间误差以分钟计；发生次数对月亮高度15°～18°和至少5分钟交叠阈值敏感。,cases/case-032.md,"2015/C049_1C12001-C049“月上柳梢头,人约黄昏后”数学模型的建立-数学建模竞赛优秀论文下载_[1700971].pdf"
case-033,2015,D001,1700975,众筹筑屋规划方案设计,财务核算 | 整数规划 | 多目标优化 | 政策约束,土地增值税分段核算 | 满意度最大化整数规划 | 分层序列多目标法 | 迭代调价,Excel复核 | 约束可行性检查 | 方案III/IV对比 | 迭代终止检查,在房型套数、容积率、税收和回报率约束下配置住宅，并处理满意度与投资回报的目标冲突。,11类房型、套数整数上下界和面积约束；税率/免税规则形成分段非光滑收益；满意比例来自问卷，方案比较高度依赖目标定义。,cases/case-033.md,2015/D001_1D11001-D001众筹筑屋规划方案设计-数学建模优秀论文下载_[1700975].pdf
case-034,2015,D020,1700974,众筹筑屋规划方案设计模型,财务核算 | 非线性规划 | 比例匹配 | 可行性优化,土地增值税核算 | 归一化需求比例 | 最小二乘非线性规划 | 回报率约束,核算闭环 | 约束检查 | 方案I/II/III比较,让规划房型比例尽量贴近参筹者满意需求比例，并在容积率、套数边界和最低回报率下保持可执行。,11房型的满意比例、面积、成本、售价与套数上下界；比例目标的分母含总套数，形成非线性；税收和容积率要求严格核算。,cases/case-034.md,2015/D020_1D22001-D020众筹筑屋规划方案设计模型-数学建模优秀论文下载_[1700974].pdf
case-039,2016,A28,1699719,系泊系统设计（原PDF首页题名缺失）,机理 | 多目标优化 | 数值求解,静力平衡递推模型 | 锚链触底修正 | 最小二乘循环搜索 | 熵权多目标规划 | 变步长搜索,步长缩小精度检验 | 约束可行性检查 | 灵敏度分析 | 情景分析,在风、水流与水深变化下，确定锚链型号/长度和重物球质量，使浮标吃水、游动半径及钢桶倾角尽可能小，同时满足锚点角度等安全约束。,物理参数和少量离散情景为主，无训练样本；系统由浮标、4节钢管、钢桶、约210节链环和锚组成，变量经构件递推强耦合，且存在锚链部分触底的状态切换。,cases/case-039.md,2016/A28——2016高教社杯全国大学生数学建模竞赛论文展示-组委会指定唯一发布网站_[1699719].pdf
case-035,2016,C014,1699792,电池剩余放电时间预测,预测 | 回归拟合,二次多项式回归 | 对数电流-系数回归 | 差值比外推模型,决定系数R² | 平均相对误差MRE | 残差分析 | 近邻实测值对比,由当前电压、恒定放电电流和电池衰减状态，预测到9V保护电压前的剩余放电时间，并把只在9个电流档位可用的曲线推广到20A-100A任意电流。,附件含20A至100A共9组恒流放电的电压-时间序列，以及新电池和多个衰减状态的曲线；电压随时间单调下降，各组长度和量纲一致，但衰减状态3只有前段观测。,cases/case-035.md,2016/C014——2016高教社杯全国大学生数学建模竞赛论文展示-组委会指定唯一发布网站_[1699792].pdf
case-036,2016,D016,1701573,风电场运行状况分析及优化研究,评价 | 回归拟合 | 优化,风能资源指标体系 | 二次功率曲线拟合 | 整数规划 | 循环排班,国家标准阈值核对 | R²与RMSE比较 | 模型改进前后对比 | 约束可行性检查,用一年运行数据评价风资源与利用效率，判断新旧风机匹配，并在维护法规、人员连续工作与发电损失约束下安排124台风机的两次年度维护。,一年15分钟风速和日输出功率，含缺失、录入错误及离群点；另有6台典型风机位置数据、5种机型参数、124台风机和4组维修人员。评价、拟合与离散排班共用月份发电收益。,cases/case-036.md,2016/D016——2016高教社杯全国大学生数学建模竞赛论文展示-组委会指定唯一发布网站_[1701573].pdf
case-037,2016,D034,1701574,风电场运行状况分析及优化模型,评价 | 概率建模 | 多目标优化,风资源参数评价 | Weibull风速分布 | 功率曲线拟合 | 双目标规划 | 启发式排班,数据完整性与合理性检验 | 行业基准对比 | 额定功率-实际功率双角度核对 | 约束可行性检查,将风速统计分布转化为资源储量和机型年发电量，再在维护安全、连续工作与工作量均衡之间求取可实施的双目标排班。,全年15分钟风速与日功率，含少量缺失和格式错误；典型机位风速、现有/候选机型参数；124台风机、4组人员。风速是时间序列，但论文主要按经验分布和月份聚合使用。,cases/case-037.md,2016/D034——2016高教社杯全国大学生数学建模竞赛论文展示-组委会指定唯一发布网站_[1701574].pdf
case-038,2016,D056,1699789,风电场运行状况分析及维护计划优化,评价 | 回归拟合 | 多目标优化,标准化风资源评价 | 定积分利用率模型 | 偏差标准差与协方差 | 容量系数选型 | 双目标启发式调度,完整性与合理性检验 | 趋势一致性分析 | 多指标机型核对 | 人员台次均衡检查,从有错误的全年风速/功率数据中恢复可信资源评价，同时用容量系数和有效风时选机型，并在风速信息有无两种情境下均衡年度维修任务。,全年15分钟序列有1个缺失和9个无效值；理论功率与实际功率粒度不同，需要插值和积分；6个机位、5种机型；排班为人员×风机×维护段的高维0-1问题。,cases/case-038.md,2016/D056——2016高教社杯全国大学生数学建模竞赛论文展示-组委会指定唯一发布网站_[1699789].pdf
case-040,2017,A298,1699823,CT系统参数标定及反投影重建成像,逆问题 | 图像重建 | 评价,简化离散标定模型 | Radon变换 | R-L滤波反投影 | Wiener自适应滤波 | 归一化均方差评价,已知模板反演 | 滤波器对比 | 归一化均方差 | 参数步长稳定性分析,利用已知几何模板的投影数据反标定CT旋转中心、探测器间距和180个射线方向，再据此重建两个未知介质并评估标定精度与稳定性。,标定数据为180×512投影矩阵，模板为256×256吸收率图；旋转中心偏离托盘中心、数据经过未知增益，未知介质数据还可能含噪。几何结构已知，但直接方程组规模巨大。,cases/case-040.md,2017/A298_2017年全国大学生数学建模竞赛论文展示(A298)_[1699823].pdf
case-041,2017,D035,1699811,基于最短路模型和背包模型的巡检线路排班方案,网络 | 优化 | 排班,无向赋权图 | 分段最短路启发式 | 背包分段模型 | 轮岗轮班,约束逐项核验 | 情景对比 | 吃饭时间灵敏度 | 中间点稳健性分析,在巡检周期、服务时长和道路网络约束下，确定覆盖26点的短回路、每班最少人数及固定/错时上班方案，并均衡三班和个人工作量。,26个节点、稀疏无向边及行走时间；各点巡检周期和服务时长不同；每天三班，每班8小时，另有休息/吃饭情景。路径、周期覆盖与人员分段互相耦合。,cases/case-041.md,2017/D035_2017年全国大学生数学建模竞赛论文展示(D035)_[1699811].pdf
case-042,2018,A229,1699835,基于非稳态导热的高温作业专用服装设计,机理 | 数值求解 | 优化,一维非稳态热传导方程 | 后向Euler有限差分 | 黄金分割搜索 | 二维网格搜索,实测皮肤温度拟合 | 反向空间差分检验 | 约束可行性检查 | 厚度响应曲线,由一次高温假人实验标定四层服装的边界换热，再在不同环境温度和作业时长下选择II/IV层最小或折中厚度，使皮肤温度与高温持续时间受控。,四层材料密度、比热、导热率和厚度已知；附件2给5400秒皮肤外侧温度序列。空间上是异质分层介质，时间上非稳态；问题2/3改变环境温度和厚度，属于模型外推。,cases/case-042.md,2018/A229_2018年全国大学生数学建模竞赛论文展示(A229)_[1699835].pdf
case-043,2018,A440,1699834,高温作业服设计,机理 | 参数估计 | 多目标优化,一维非稳态传热模型 | 显式有限差分 | 最小二乘参数估计 | 厚度约束优化 | 辐射扩展模型,实测拟合 | 显式格式稳定性检验 | 热辐射对照 | 厚度作用对比实验,从皮肤温度实验估计服装两端换热系数，求四层瞬态温度场，并设计II/IV层厚度以兼顾安全、节材、稳定与研发效率。,多层异质介质、末端温度5400秒观测、两个未知边界换热系数；优化变量少但每次评价为瞬态PDE。问题3包含成本、舒适、稳定等难统一量纲的目标。,cases/case-043.md,2018/A440_2018年全国大学生数学建模竞赛论文展示(A440)_[1699834].pdf
case-044,2018,A466,1699833,高温作业专用服装设计,机理 | 参数估计 | 优化,一维复合介质导热 | Crank-Nicolson有限差分 | 均方根误差标定 | 定步长-区域搜索,实测误差曲线 | 厚度灵敏度 | 换热系数灵敏度 | 约束可行域检查,用稳定的隐式差分求多层服装瞬态温度，标定两端对流换热系数，并在安全约束下搜索最节材的II/IV层组合。,四层复合材料、一个皮肤温度时间序列、两个未知换热系数；厚度制造存在偏差，需判断结果对各层与参数误差是否敏感。,cases/case-044.md,2018/A466_2018年全国大学生数学建模竞赛论文展示(A466)_[1699833].pdf
case-045,2018,B203,1699831,基于0-1规划的单RGV动态调度模型,优化 | 调度 | 仿真,0-1规划 | 双目标规划 | 启发式调度 | 蒙特卡洛故障仿真,理想产量上界对比 | 三组参数交叉检验 | 两种调度策略对比 | 仿真数据再检验,在8台CNC共享1辆RGV的离散制造系统中，联合决定服务次序和双工序刀具布局，使8小时内成料数最大，并把随机故障纳入同一事件推进框架。,仅有3组确定性作业参数；系统具有位置、奇偶机台上下料时间、工序先后和8小时截止等离散约束，故障概率与维修时长则人为设定。,cases/case-045.md,2018/B203_2018年全国大学生数学建模竞赛论文展示(B203)_[1699831].pdf
case-046,2018,B217,1699832,基于多原则比较和蒙特卡洛模拟的RGV动态调度模型,优化 | 调度 | 仿真,0-1规划 | 就近调度 | FIFO | HRRN | 蒙特卡洛搜索,三种规则横向比较 | 256种布局遍历 | 蒙特卡洛再搜索 | 故障情景对比,把复杂制造时序写成一般化规划约束，再用就近、先到先服务和高响应比三种在线规则以及随机搜索，寻找单/双工序RGV调度方案。,8台CNC与1辆RGV构成小型离散事件系统，只有3组确定作业参数；双工序另含256种二元刀具布局，故障通过人为随机变量注入。,cases/case-046.md,2018/B217_2018年全国大学生数学建模竞赛论文展示(B217)_[1699832].pdf
case-047,2018,B334,1699829,RGV的动态调度优化问题,优化 | 调度 | 仿真,状态转移图 | 多阶段决策 | 平衡分配 | 随机故障仿真,理论产能上界比较 | 三组参数测试 | 故障前后偏差率 | 程序结果复核,把RGV—CNC制造过程抽象为事件状态转移，在每个决策时刻选择下一台机床，并让双工序前后段产能尽量平衡。,8台机床、4个物理位置、1辆RGV、有限班次；加工和运输时间确定，机床故障随机。状态维度虽小，但完整服务序列呈指数增长。,cases/case-047.md,2018/B334_2018年全国大学生数学建模竞赛论文展示(B334)_[1699829].pdf
case-048,2018,C008,1699824,基于RFMT模型的百货商场会员画像描绘,评价 | 聚类 | 回归 | 关联分析,RFMT | AHP | K-Means | 因子分析 | 线性回归 | 关联规则,AHP一致性检验 | 聚类中心解释 | 回归拟合 | 模型局限分析,把多表交易数据转化为会员价值、生命周期状态、非活跃会员激活概率和商品连带促销建议，形成从画像到营销行动的完整链路。,会员、销售流水、会员消费明细、商品和数据字典五张异构表；消费金额与频次长尾、会员状态随时间变化，促销—激活样本时间点较少且存在强混杂。,cases/case-048.md,2018/C008_2018年全国大学生数学建模竞赛论文展示(C008)_[1699824].pdf
case-049,2018,C052,1699836,基于RFMS指标的大型百货商场会员画像数据挖掘,评价 | 时间窗口分析 | 回归 | 关联分析,FMS评分 | RF状态模型 | 滑动时间窗口 | 线性回归 | 交叉连带率,随机样本人工核验 | 窗口间趋势比较 | 回归显著性检查 | 会员与非会员对照,用透明的行为评分刻画会员购买力，以滑动窗口追踪消费状态，再评估非活跃会员激活与促销活动的关系并设计连带促销。,清洗后约39.27万条本地会员消费记录、4.394万条会员信息；行为分布长尾，窗口级促销—激活配对仅有少量时间点。,cases/case-049.md,2018/C052_2018年全国大学生数学建模竞赛论文展示(C052)_[1699836].pdf
case-050,2018,C101,1699825,大型百货商场会员画像描述,聚类 | 状态转移 | 关联分析 | 描述统计,K-Means | 规则生命周期 | 马尔可夫转移矩阵 | 多项式回归 | FP-Growth,类内类间距离比 | 聚类中心解释 | 相关系数与R2 | 支持度和置信度,从会员交易数据识别购买力层级和生命周期状态，估计月度活跃迁移，并挖掘商品共购规则以支持精准营销。,交易与会员表需数据库聚合；购买力长尾、钻石会员仅17人；生命周期按人工阈值划分，促销分析只有12个月聚合点且会员/非会员观察期不一致。,cases/case-050.md,2018/C101_2018年全国大学生数学建模竞赛论文展示(C101)_[1699825].pdf
case-051,2018,D014,1699828,汽车总装线配置方案,排序 | 多约束调度 | 启发式优化,分层优先规则 | 构造式启发算法 | 局部微调,七日数据复算 | 人工可行性检查 | 属性计数核对,在品牌、喷涂线、颜色、驱动、动力和配置的多重工艺要求下，构造每日460辆汽车的可执行装配顺序并尽量减少切换。,七天确定性生产计划；每辆车有5类属性，两条喷涂线按序号交替分流；黑色占比大且换色代价高，四驱/柴油等有成组和间隔要求。,cases/case-051.md,2018/D014_2018年全国大学生数学建模竞赛论文展示(D014)_[1699828].pdf
case-052,2018,D027,1699827,汽车总装线配置的优化模型研究,整数优化 | 图论 | 路径搜索 | 生产排序,0-1规划 | 有向图 | TSP遗传算法 | 广度优先搜索 | 分解启发式,Excel联动校验 | 全路径成本复算 | 特殊喷涂线约束检查 | 七日结果核对,将460辆汽车的巨型多属性排序分解为关键属性位置优化、人工确定大块结构和小规模残余有向图精确枚举，并输出可核验排程。,每天460辆、5类属性、相邻切换成本与长度为3/6/11的局部窗口约束；全排列不可解，但人工/优化预填后残余通常约15个顶点。,cases/case-052.md,2018/D027_2018年全国大学生数学建模竞赛论文展示(D027)_[1699827].pdf
case-053,2018,D029,1699826,确定汽车装配顺序问题的算法,多目标优化 | 生产排序 | 启发式算法 | 敏感性分析,序贯多目标规划 | 黑车分组优化 | 构造式排序 | AHP式成本量化,七日实例 | 成本分项计算 | 黑白车数量扰动 | 趋势对比,把品牌、颜色、驱动、动力和配置的冲突目标按优先级拆成串行子问题，构造满足工艺约束且成本较低的七日汽车装配序列。,每日460辆、两班各230辆；黑车约251～269辆占多数，蓝/金等颜色稀少；约束包含连续组长度、批次间隔、喷涂线可用性与邻接切换。,cases/case-053.md,2018/D029_2018年全国大学生数学建模竞赛论文展示(D029)_[1699826].pdf
case-054,2019,B136,1699855,齐心舞动“同心鼓”，齐力牵起“协力绳”,机理/动力学 | 优化 | 仿真,碰撞守恒模型 | 二阶常系数微分方程 | 欧拉刚体旋转 | 多目标规划 | 模拟退火,九工况仿真 | 小角度近似误差论证 | 现实可行性分析,建立鼓—球碰撞与鼓体平动/转动模型，求低能耗协作节奏，并在发力偏差和球偏移时优化拉力、时机与站位。,8人以上对称拉绳的多体力学系统；控制存在力度、时机和位置偏差，输出含高度、速度、倾角和团队能耗。,cases/case-054.md,2019/B136_2019全国大学生数学建模竞赛论文展示(B136)_[1699855].pdf
case-055,2019,C044,1699856,机场的出租车问题,决策 | 排队仿真 | 优化,0-1收益决策 | 队列模拟曲线拟合 | 泊位数优化 | 收益平衡阈值,实际情形对照 | 控制变量依赖分析 | 目标函数偏导,从司机收益与机场效率两侧决定是否排队、配置多少上客泊位，并以收益平衡设计短途车优先规则。,人车流随时段变化，等待时间需由队列模拟估计；司机决策受队列长度、市区距离和单位时间收入共同影响。,cases/case-055.md,2019/C044_2019全国大学生数学建模竞赛论文展示(C044)_[1699856].pdf
case-056,2019,C137,1699857,基于系统模拟的机场出租车决策与安排模型,决策 | 离散事件仿真 | 多目标优化,收益最大化决策 | 乘车区系统模拟 | 单目标泊位优化 | 双目标优先排队,生活实际对比 | 仿真截止时间稳定性 | 权重敏感性,预测司机等待/返城选择，通过系统模拟配置上车点，并按空载率与收益差最小确定短途车插队位置。,航班动态、节假日/工作日和忙闲期分层；排队、乘客与车辆过程具有随机性和截止时间效应。,cases/case-056.md,2019/C137_2019全国大学生数学建模竞赛论文展示(C137)_[1699857].pdf
case-057,2019,C308,1699858,机场出租车司机综合决策及机场出租车管理模型,预测 | 排队决策 | 优化 | 蒙特卡洛,生灭过程排队模型 | 净收益决策 | 队列平衡曲线 | 泊位效率优化 | 优先插队模型,灵敏度分析 | 加噪声鲁棒性 | 准确率 | 蒙特卡洛重复模拟,预测机场人车流并给司机动态决策，设计高效率矩阵泊位及收益均衡的短途车优先位置。,航班、天气和时间驱动乘客到达；出租车队列为随机生灭过程，管理方案需模拟吞吐量。,cases/case-057.md,2019/C308_2019全国大学生数学建模竞赛论文展示(C308)_[1699858].pdf
case-058,2019,D001,1699860,空气质量数据的校准,数据分析 | 回归 | 校准,时间对齐 | 灰色关联分析 | 多元线性回归 | 分段线性插值,回归显著性 | R² | 校准前后残差对比,对齐国控点与高频自建点数据，识别污染物/气象因素导致的测量差异，并把稀疏可靠基准扩展为全时段校准值。,国控点4137条、自建点197341条，时间粒度不一致；六污染物与五气象因素共11个候选影响量，存在缺口、相关和交叉干扰。,cases/case-058.md,2019/D001_2019全国大学生数学建模竞赛论文展示(D001)_[1699860].pdf
case-059,2019,D005,1699861,空气质量数据的校准,数据分析 | 关联分析 | 预测校准,三次样条插值 | 灰色关联 | 加权平均校准 | RBF神经网络 | 逐步多元回归,多模型并行比较 | 分布统计 | 关联度阈值,清洗并对齐两类监测站数据，分析气象因素与测量误差关联，再比较加权、神经网络和回归校准路线。,六污染物时间序列含异常、重复和不同时间戳；气象变量与误差可能非线性相关。,cases/case-059.md,2019/D005_2019全国大学生数学建模竞赛论文展示(D005)_[1699861].pdf
case-060,2019,D013,1699862,空气质量监测数据校准模型研究,数据分析 | 回归 | 传感器校准,小时均值零点漂移 | 日标准差量程漂移 | 多元回归 | 仿射归一校准,绝对误差 | 相对误差 | 校准前后图形对照,区分自建传感器的零点、量程、交叉污染物和气象误差，并依据国控点的零点与量程进行校准。,六污染物与气象序列含异常；误差既有加性漂移，也有尺度漂移和多变量交叉影响。,cases/case-060.md,2019/D013_2019全国大学生数学建模竞赛论文展示(D013)_[1699862].pdf
case-061,2019,E026,1699443,“薄利多销”分析,数据分析 | 回归 | 分组比较,营业额与利润率核算 | 折扣率指标 | 分阶段回归 | 分品类回归,总体与分阶段对照 | 分品类对照 | 优化筛选样本复核,从零售流水还原日营业额、利润率和折扣力度，检验降价是否带来销量增长及其在不同品类中的适用边界。,两年多逐笔销售记录含无效数据与部分成本价缺失；总体关系存在阶段和品类异质性。,cases/case-061.md,2019/E026_2019全国大学生数学建模竞赛论文展示(E026)_[1699443].pdf
case-062,2019,E038,1613991,基于打折力度概念的“薄利多销”模型,数据处理 | 鲁棒回归 | 异质性分析,打折力度复合指标 | 迭代加权最小二乘 | 需求价格弹性分析,鲁棒权重迭代 | 分品类对照 | 数据补全比例审计,从大规模销售流水补全成本并构造折扣力度，稳健估计其与营业额、利润率的关系及不同品类的价格弹性差异。,2016-11-30至2019-01-02流水，783524条成本缺失；异常值、商品类别异质性和人为补全不确定性显著。,cases/case-062.md,2019/E038_2019全国大学生数学建模竞赛论文展示(E038)_[1613991].pdf
case-063,2020,A070,1609388,基于热传导与牛顿冷却定律的回焊炉炉温曲线优化,机理/动力学 | 参数估计 | 单目标优化 | 多目标优化,热传导方程 | 牛顿冷却模型 | 分段参数最小二乘 | 有限差分 | 二分法 | 模拟退火,候选机理拟合误差比较 | RMSE | MAE | 误差分析 | 结果检验,由实测炉温识别分温区传热参数，在制程界限下最大化速度、最小化高温面积并兼顾曲线对称性。,炉区设定温度分段，电路板温度连续；实验曲线用于参数反演，决策变量含速度和四组温区温度。,cases/case-063.md,2020/A070_2020全国大学生数学建模竞赛论文展示(A070)_[1609388].pdf
case-064,2020,A147,1609389,基于一维热传递与混合启发式搜索的回焊炉优化,机理/动力学 | 参数估计 | 优化,一维热传导 | 牛顿冷却 | 有限差分 | 网格遍历 | 爬山算法 | A星搜索,实测曲线最小二乘拟合 | 制程约束可行性检查 | 模型讨论,识别回焊炉一维传热参数，并在制程约束下用离散搜索优化速度、温区设定、高温面积与对称性。,四个待估参数、分段炉温边界与一条实测曲线；决策空间经温度和速度步长离散。,cases/case-064.md,2020/A147_2020全国大学生数学建模竞赛论文展示(A147)_[1609389].pdf
case-065,2020,A195,1609391,基于分层序列遗传算法的回焊炉温曲线优化,机理/动力学 | 参数估计 | 多目标优化,一维均匀介质热传导 | 有限差分 | 分段参数拟合 | 遗传算法 | 分层序列法,多次独立求解 | 算法参数调整 | 制程可行性检查,建立可辨识的一维传热模型，逐步搜索最大可行速度，并用接力式遗传优化处理面积与对称性的层级目标。,区间空气温度近似线性；热传导参数部分共享、扩散系数分温区；启发式输出有随机性。,cases/case-065.md,2020/A195_2020全国大学生数学建模竞赛论文展示(A195)_[1609391].pdf
case-066,2020,A212,1609392,基于分区热时间常数的回焊炉温曲线优化,机理/动力学 | 非线性规划 | 多目标优化,稳态传热 | 能量守恒微分方程 | 牛顿冷却 | 最小二乘 | 多重搜索 | 模拟退火,实测曲线拟合 | 约束边界核验 | 迭代收敛结果,分区拟合升温/降温机理，在全部制程约束下搜索最大速度，并优化高温面积和左右对称性。,炉内稳态空间温度与移动电路板瞬态温度耦合；不同区域热时间常数不同。,cases/case-066.md,2020/A212_2020全国大学生数学建模竞赛论文展示(A212)_[1609392].pdf
case-067,2020,B078,1609502,基于最优化、决策函数与博弈论的穿越沙漠策略,动态优化 | 随机决策 | 博弈,资源状态递推 | 贪心与回溯 | 期望收益决策 | 蒙特卡洛 | 支付矩阵,灵敏度分析 | 蒙特卡洛仿真 | 多算法/软件求解,在负重、天气、补给、挖矿和期限约束下最大化终点资金，并扩展到随机天气与多人竞争策略。,离散图路径、日级天气状态、水食物双资源和资金耦合；多人时节点收益相互依赖。,cases/case-067.md,2020/B078_2020全国大学生数学建模竞赛论文展示(B078)_[1609502].pdf
case-068,2020,B108,1609501,基于图动态规划、随机模拟与静态博弈的穿越沙漠策略,动态规划 | 随机仿真 | 博弈,图动态规划 | 天气情景穷举 | 抽样统计 | 随机模拟 | 静态博弈,穷举天气基准 | 随机模拟对比 | 失败概率 | 灵敏度分析,以可优化的图动态规划求确定关卡，再从大量最优解提炼随机天气规则，并用博弈模型处理多人竞争。,状态空间由位置、时间、物资、资金和天气组成；随机关卡情景数快速增长，需抽样与复杂度优化。,cases/case-068.md,2020/B108_2020全国大学生数学建模竞赛论文展示(B108)_[1609501].pdf
case-069,2020,B125,1609503,基于动态规划、马尔可夫链与势函数的穿越沙漠策略,动态规划 | 随机预测 | 博弈,Floyd最短路预筛 | 状态动态规划 | 马尔可夫天气链 | 人工势函数 | 完全信息静态博弈,情景模拟 | 关卡结果复核 | 合理性分析,以状态动态规划优化确定关卡，用天气马尔可夫链生成随机关卡期望策略，并以势函数和占优关系扩展多人决策。,地图图结构、资金/水/食物/天数状态和天气序列共同决定转移；多人到达会改变节点收益。,cases/case-069.md,2020/B125_2020全国大学生数学建模竞赛论文展示(B125)_[1609503].pdf
case-070,2020,C109,1699929,基于梯度提升决策树与多目标规划的中小微企业信贷决策,分类预测 | 风险评估 | 多目标优化,正则化梯度提升树 | 集成学习 | 非线性多目标规划 | 行业冲击分层,准确率 | 决策树与BP基线对比 | 宏微观证据对照 | 情景前后收益比较,从票据提取经营特征预测违约，再在收益、风险和客户流失之间优化放贷、额度与利率，并按疫情行业冲击调整。,123家有标记企业和302家无信贷记录企业；交易票据可构造经营指标，突发事件含行业与企业两层信号。,cases/case-070.md,2020/C109_2020全国大学生数学建模竞赛论文展示(C109)_[1699929].pdf
case-071,2020,C170,1699930,基于综合评价、RAROC与突发事件因子的信贷决策,综合评价 | 分类预测 | 优化,熵权TOPSIS | RAROC | 违约金字塔 | Logit回归 | BP神经网络 | 突发事件因子,Logit准确率 | 情景前后策略对比 | 多来源行业数据核对,以四维指标体系量化信贷风险，用风险调整收益优化放贷，并通过违约/评级预测和事件因子扩展到无记录企业与疫情情景。,11项指标覆盖实力、供求稳定、偿还与信誉；第二问标签缺失，第三问加入行业突发冲击。,cases/case-071.md,2020/C170_2020全国大学生数学建模竞赛论文展示(C170)_[1699930].pdf
case-072,2020,C227,1699932,基于Soft Voting、XGBoost与系统聚类的信贷决策,集成分类 | 多分类 | 聚类 | 多目标优化,Soft Voting | Logistic | AdaBoost | GBDT | SVM | 随机森林 | XGBoost | 系统聚类,准确率 | ROC-AUC | 基分类器集成 | 情景聚类解释,从20项经营特征集成预测违约，用XGBoost迁移信誉评级，并通过疫情风险聚类乘数调整贷款多目标规划。,有标签与无信贷记录两组企业；20个常规风险特征和5个疫情冲击特征，输出含二分类概率、多分类评级和连续贷款决策。,cases/case-072.md,2020/C227_2020全国大学生数学建模竞赛论文展示(C227)_[1699932].pdf
case-073,2020,C305,1699934,基于Logistic守约率与多目标规划的中小微企业信贷决策,概率预测 | 多目标优化 | 情景分析,Logistic回归 | 守约率映射 | 多目标决策 | 相似规律补全 | 行业事件调整,问题嵌套一致性 | 情景前后策略比较 | 模型优缺点评价,将信贷风险转成客户守约概率，再以风险与利润双目标分配额度和利率，并将同一框架推广到缺失信用与疫情情景。,企业票据与信用标签；302家企业缺部分信用数据，事件情景需按行业/类型修改指标。,cases/case-073.md,2020/C305_2020全国大学生数学建模竞赛论文展示(C305)_[1699934].pdf
case-074,2020,D008,1699935,接触式轮廓测量仪的数据校正与工件轮廓重建,曲线拟合 | 几何校准 | 多次测量融合,分段函数拟合 | 直线交点几何 | 多线段角度平均 | 特征点配准 | 多曲线融合,水平基准对照 | 多线段角度平均 | 校正前后参数差异,从接触式测量序列重建工件轮廓参数，估计并校正平移/倾斜误差，再融合九次曲线得到标准轮廓。,轮廓由多段直线、圆和角构成；10次/9组测量存在刚性位姿偏差和局部噪声。,cases/case-074.md,2020/D008_2020全国大学生数学建模竞赛论文展示(D008)_[1699935].pdf
case-075,2020,E040,1699936,基于智能水表数据挖掘的校园漏损检测与维修规划,数据分析 | 异常检测 | 评价 | 0-1优化,水表拓扑 | 局部样条平滑预测 | 漏损率阈值 | 漏损分级 | 0-1维修规划,层级表计平衡对照 | 全国平均漏损率比较 | 水价与维修成本敏感性,利用校园分层水表识别计量误差与漏损，评定高风险表点，并在水损与维修成本之间安排每日维修。,宿舍、教学、办公、食堂的多类型大规模时序；一级/二级表有拓扑守恒关系，异常可能来自误差或真实漏水。,cases/case-075.md,2020/E040_2020全国大学生数学建模竞赛论文展示(E040)_[1699936].pdf
case-076,2021,A028,1734060,“FAST”主动反射面调节模型,几何建模 | 非线性优化 | 光线追迹 | 数值仿真,旋转抛物面几何 | 坐标旋转矩阵 | 节点迭代微调 | 加权接收比,促动器行程约束检验 | 均方根误差迭代收敛 | 调节前后接收比对照,在促动器径向行程受限、三角面板不能完美贴合抛物面的条件下，确定300 m工作口径的理想抛物面、节点调节量，并评价调节对馈源接收效率的改善。,主索节点与促动器的三维离散几何数据，叠加天体方位角/仰角和±0.6 m行程约束；输出既有连续曲面参数，也有逐节点坐标与伸缩量。,cases/case-076.md,2021/A028_2021高教社杯全国大学生数学建模竞赛A题论文展示(A028)_[1734060].pdf
case-077,2021,A115,1734062,基于目标优化的“FAST”主动反射面形状调节研究,几何建模 | 单目标优化 | 参数搜索 | 敏感性分析,旋转抛物面 | 变步长遍历搜索 | 坐标变换 | 面积比接收模型,约束可行性核验 | 参数敏感性分析 | 调节前后接收比对照,以相邻主索节点距离变化尽可能小为核心目标，在促动器行程与索网变形限制下确定FAST理想工作面和实际节点调节方案。,离散节点/促动器三维坐标与相邻关系；约束同时含±0.6 m促动器行程和相邻节点距离变化幅度，存在理想曲面与工程可实现曲面之间的冲突。,cases/case-077.md,2021/A115_2021高教社杯全国大学生数学建模竞赛A题论文展示(A115)_[1734062].pdf
case-078,2021,A217,1734066,"""FAST""工作抛物面的优化设计",机理建模 | 非线性约束优化 | 蒙特卡洛积分 | 光线追迹,旋转抛物面 | 非线性最小二乘 | BFGS | 蒙特卡洛积分,解析零点与数值优化求解 | 约束残差检验 | 调节前后接收比对照,由FAST聚焦机理确定理想抛物面，再在索长、相邻节点变形和促动器行程约束下求离散工作面，最后用逐光线判别估计有效接收面积。,连续300 m口径积分域与离散主索节点/三角面板并存；约束非线性且维数高，最终性能是一个0-1光线接收判别函数的面积积分。,cases/case-078.md,2021/A217_2021高教社杯全国大学生数学建模竞赛A题论文展示(A217)_[1734066].pdf
case-079,2021,B007,1734070,C4烯烃制备分析与试验设计,回归分析 | 降维/聚类 | 单目标优化 | 试验设计,非线性回归 | 偏最小二乘回归 | 方差分析 | 均匀设计,拟合优度R² | 残差平方和比较 | 交互作用方差分析 | 温度约束情景对照,从不规则催化实验数据中识别温度、催化剂配方和装料条件对转化率/选择性的影响，最大化C4烯烃收率并在仅5次新增实验下补充信息。,多催化剂组合、不同温度与少量时间观测；因变量为乙醇转化率和C4选择性，最终收率是二者乘积，因素间可能交互且试验设计不完全平衡。,cases/case-079.md,2021/B007_2021高教社杯全国大学生数学建模竞赛B题论文展示(B007)_[1734070].pdf
case-080,2021,B026,1734072,基于双因素方差分析的乙醇制备C4烯烃的研究,回归分析 | 双因素方差分析 | 响应面优化 | 试验设计,三次样条插值 | Logistic增长模型 | 双因素ANOVA | 五元二次响应面,多重比较检验 | 装料方式对照 | 约束情景对照 | 建议最优点实验验证,在补全稀疏温度观测后，分离温度和催化剂组合的影响，拟合收率响应面并确定常规/低温两种工况下的最优配方，最后规划验证性试验。,多组催化剂在少数温度点的实验数据，另有单组合随时间数据；配方由四个连续/离散因素和温度构成，设计不完全平衡。,cases/case-080.md,2021/B026_2021高教社杯全国大学生数学建模竞赛B题论文展示(B026)_[1734072].pdf
case-081,2021,B050,1734083,乙醇偶合制备C4烯烃的多元回归与神经网络模型,回归分析 | 降维 | 机器学习回归 | 试验设计,逐步回归 | 主成分分析 | BP神经网络 | 贝叶斯正则化,拟合函数分类比较 | 神经网络测试分析 | 不同光谱/条件情景对照 | 最优点验证实验设计,对多配方、多温度的催化反应建立可解释回归和非线性预测模型，寻找C4收率最优工艺，并选择5个兼顾全局探索与候选最优验证的实验点。,样本规模有限、配方变量需数值化，温度响应形态在不同组合间不一致；存在主效应、交互项和非线性映射，优化点靠近实验边界。,cases/case-081.md,2021/B050_2021高教社杯全国大学生数学建模竞赛B题论文展示(B050)_[1734083].pdf
case-082,2021,B160,1734074,乙醇制备C4烯烃催化剂组合的分析与设计,回归分析 | 正交试验分析 | 二次规划 | 试验设计,一元二次回归 | 逐步多项式回归 | 正交试验 | 二次规划,控制变量对照 | 因素交互作用比较 | 温度约束情景对照 | 补充实验建议,在考虑配方因素交互的前提下解释乙醇转化率与C4选择性，建立收率代理函数并求常规和低温条件的最优工艺。,21组配方的温度响应和单组时间序列；因素含Co负载、两种材料装料比、乙醇浓度与温度，主效应和交互作用并存。,cases/case-082.md,2021/B160_2021高教社杯全国大学生数学建模竞赛B题论文展示(B160)_[1734074].pdf
case-083,2021,C066,1734085,生产企业原材料订购与运输的评价与规划模型,综合评价 | 多目标规划 | 动态库存优化 | 运输分配,TOPSIS | 遗传算法 | 动态规划 | 运输规划,低质量供应商异常筛除 | 库存轨迹检验 | 损耗率估计 | 优化前后成本对照,先从402家供应商中识别可靠且重要的合作对象，再联合制定24周订购与运输方案，并在稳定生产、原料结构和产能提升三类目标之间做情景优化。,五年按周订货/供货和转运损耗数据，供应商存在低履约、波动和异质材料类型；订购、库存、运输容量与产能跨周耦合。,cases/case-083.md,2021/C066_2021高教社杯全国大学生数学建模竞赛C题论文展示(C066)_[1734085].pdf
case-084,2021,C085,1734093,基于双层和随机规划的原材料订购与运输问题,综合评价 | 双层随机规划 | 动态规划 | 随机整数规划,熵权-TOPSIS | 离散化贪心 | 0-1背包 | 二分答案,采购成本历史基准对照 | 期望损耗情景比较 | 产能规则可行性检验,在供货呈周期、突变及部分泊松特性的条件下，同时解决供应商评价、最少合作商选择、随机订购—运输协同、原料结构偏好和最大可持续产能。,402家供应商与8家转运商的周度历史，供应量随机且可能季节性；未来24周含整数选择、跨期库存和运输容量，目标存在上下层业务顺序。,cases/case-084.md,2021/C085_2021高教社杯全国大学生数学建模竞赛C题论文展示(C085)_[1734093].pdf
case-085,2021,C169,1734095,基于优化算法的企业原材料订购与运输规划模型,投影寻踪评价 | 整数规划 | 多目标优化 | 供应链规划,投影寻踪 | 加速遗传算法 | 0-1整数规划 | 多目标粒子群,供给—库存—产能可行性核验 | 成本与损耗指标报告 | 方案前后材料占比对照,以数据驱动权重评价供应商，随后用精确规划构造低成本低损耗基线，再用多目标粒子群调整原料结构并测算运输瓶颈下的产能上限。,402家供应商的8个能力/履约/材料成本指标，24周采购库存与8家转运商容量；既含二元选择也含连续订购运输量。,cases/case-085.md,2021/C169_2021高教社杯全国大学生数学建模竞赛C题论文展示(C169)_[1734095].pdf
case-086,2021,C283,1734097,双目标贪心优化下的企业原料订购运输方案,组合赋权评价 | 库存模型 | 双目标贪心优化 | 动态产能规划,熵权-AHP | 经济订货存贮模型 | 双层贪心 | 随机参数仿真,AHP一致性检验 | 四种关键式方案对照 | 成本损耗统计 | 动态/静态产能情景比较,对供应商可靠性做客观—主观组合赋权，按平稳型/周期型供应模式构建采购—转运—存储双目标策略，并形成可随当前状态演化的产能提升方案。,从402家中清洗到176家有效商，9个可靠性指标；供应商时间模式异质，采购、转运、库存和产能动态耦合，并显式引入随机供货参数。,cases/case-086.md,2021/C283_2021高教社杯全国大学生数学建模竞赛C题论文展示(C283)_[1734097].pdf
case-087,2021,D017,1734101,连铸切割的在线优化模型,整数线性规划 | 序贯多目标优化 | 在线重规划 | 误差度量,整线性规划 | 平均绝对偏差 | 分情景在线调整 | 解析损失函数,零损失充要条件证明 | 多尾坯情景枚举 | 异常窗口实时方案对照 | 不同用户目标值复算,在离散可切长度和用户目标区间下，按‘先最小尾坯损失、再尽量贴近用户目标’的词典序确定切割方案，并在结晶器异常产生报废段时实时重规划。,尾坯长度连续但按0.1 m工艺精度离散为4.8–12.6 m共79种规格；异常报废段随时间出现，在线决策需衔接已切钢坯与剩余长度。,cases/case-087.md,2021/D017_2021高教社杯全国大学生数学建模竞赛D题论文展示(D017)_[1734101].pdf
case-088,2021,D026,1734105,连铸切割的在线优化,多目标规划 | 序贯优化 | 在线切割 | 情景分析,词典序多目标规划 | 异常窗口回溯 | MATLAB整数求解,12种尾坯长度复算 | 两种初始方案对照 | 多用户目标参数复用,按切割损失、目标长度9.5 m根数、9.0–10.0 m范围根数的严格优先级求解正常切割，并对连续异常窗口设计可调整的实时方案。,正常钢坯、0.8 m报废段和前序60/64 m钢坯组合成多段长度状态；目标值和允许范围变化，方案需在窗口间继承。,cases/case-088.md,2021/D026_2021高教社杯全国大学生数学建模竞赛D题论文展示(D026)_[1734105].pdf
case-089,2021,D034,1734107,连铸切割的在线优化,构造算法 | 在线切割 | 分情况讨论 | 参数化求解,长度守恒规则 | 最小损失构造 | 异常段局部调整 | C++枚举,手算示例核验 | 程序枚举输出 | 不同目标范围复用 | 优缺点自评,不用通用求解器黑箱，而是从尾坯长度与用户目标区间的算术关系出发构造最小损失切割流程，并扩展到报废段连续到达的在线情形。,钢坯总长、可切目标区间和报废段长度均具有强离散算术结构；异常把钢坯分为报废段左右两部分，需局部拼接和调整。,cases/case-089.md,2021/D034_2021高教社杯全国大学生数学建模竞赛D题论文展示(D034)_[1734107].pdf
case-090,2021,E014,1734099,基于机器学习的中药材类别与产地鉴别,光谱预处理 | 降维/聚类 | 监督分类 | 分层识别,Savitzky-Golay与SNV | PCA | LDA/KNN/决策树/朴素贝叶斯 | K-means,多分类器横向比较 | 准确率与F分数 | 近红外/中红外/融合特征对照 | 分层识别前后对照,在高维、基线漂移且波段重叠的红外光谱上，构建药材类别与产地的完整识别流水线，并判断预处理、光谱来源和分层策略如何影响泛化性能。,中红外与近红外光谱维数高、相邻波长强相关，样本类别/产地可能不平衡；同类药材的产地区分弱于不同类别区分。,cases/case-090.md,2021/E014_2021高教社杯全国大学生数学建模竞赛E题论文展示(E014)_[1734099].pdf
case-091,2021,E025,1734196,中药材的鉴别,高维分类 | 特征工程 | 集成学习 | 智能优化,PCA/分波段特征 | LightGBM/XGBoost/SVM/RF/GBDT/MLP | 鲸鱼优化 | 两阶段分类,交叉验证 | 四项分类指标 | 六模型比较 | 不同波段特征集对照,从原始光谱、PCA和分波段统计中选择可迁移特征，比较六类机器学习模型，并用智能优化调LightGBM完成药材类别与产地的两阶段识别。,原始光谱高维且近/中红外提供互补信息；类别、产地和波段三层结构并存，需避免特征维数远超样本数。,cases/case-091.md,2021/E025_2021高教社杯全国大学生数学建模竞赛E题论文展示(E025)_[1734196].pdf
case-092,2021,E037,1734230,基于红外光谱法的中药材鉴别,异常检测 | 非线性降维 | 聚类 | 支持向量分类,极差筛波段 | Isomap/LLE | K-means | SVM,轮廓系数选K | 线性/非线性降维对照 | 训练测试准确率 | 多光谱结果一致性比较,通过异常剔除和低差异波段筛选降低光谱维数，比较非线性流形降维与线性方法，再用聚类和SVM识别药材类别、产地。,中红外3348维、另有近红外5997维；存在3个异常样本，大量波段区分度小，近/中红外对不同产地的判别能力互补。,cases/case-092.md,2021/E037_2021高教社杯全国大学生数学建模竞赛E题论文展示(E037)_[1734230].pdf
case-093,2022,A001,1820295,波浪能装置输出功率优化设计,机理建模 | 常微分方程 | 数值积分 | 参数优化,牛顿/刚体动力学 | 四阶Runge-Kutta | 梯形积分 | 遗传算法,数值离散误差分析 | 稳定阶段截取 | 模型检验 | 不同阻尼形式情景对照,从浮子—振子垂荡和纵摇耦合动力学出发，数值求运动状态，并把稳态平均输出功率作为目标搜索直线/旋转阻尼器参数。,连续时间受迫振动系统，状态含位移、速度、角位移和角速度；阻尼既可能为常数也可能是相对速度幂函数，功率需对稳定周期积分。,cases/case-093.md,2022/A001_2022高教社杯全国大学生数学建模竞赛A题论文展示(A001)_[1820295].pdf
case-094,2022,A022,1820293,波浪能装置输出功率最大化模型,机理建模 | 常微分方程 | 稳态解析 | 全局遍历优化,ode45 | 频域稳态解 | 梯形数值积分 | 小量近似,解析与数值功率对照 | 参数全局遍历图 | 波浪激励稳定性分析 | 假设回代,用多自由度线性系统描述波浪能装置，常阻尼时推稳态解析功率，非线性/耦合时用ode45和数值积分，并在小角度近似下联合优化垂荡与纵摇阻尼。,40个波浪周期的连续状态；常阻尼可线性化，速度幂阻尼与纵摇耦合使解析解困难；第三问部分力矩参考点缺失。,cases/case-094.md,2022/A022_2022高教社杯全国大学生数学建模竞赛A题论文展示(A022)_[1820293].pdf
case-095,2022,A171,1820291,基于解析和数值方法的波浪能发电装置最大功率求解,机理建模 | 解析与数值ODE | 阻抗匹配 | 参数优化,拉普拉斯变换 | 四阶Runge-Kutta | 力电比拟 | 梯形积分,常阻尼解析解 | 解析/数值方法分情景 | 稳定十周期平均 | 平动转动结果核验,按阻尼是否恒定选择解析或数值解法，并利用力—电对偶把常阻尼最大功率转成阻抗匹配问题，再扩展到垂荡—纵摇耦合的联合功率优化。,常系数非齐次ODE与非常系数一阶系统并存；输出含平动和转动状态，优化变量是常阻尼或速度幂律比例/指数。,cases/case-095.md,2022/A171_2022高教社杯全国大学生数学建模竞赛A题论文展示(A171)_[1820291].pdf
case-096,2022,B030,1820289,无人机遂行编队飞行中的纯方位无源定位,计算几何 | 无源定位 | 迭代调整 | 仿真验证,正弦定理方程 | 六类位置模型 | 遍历算法 | 同心圆分解,仿真坐标样本 | 调整前后位置对照 | 图解核验 | 圆形到锥形的结构复用,仅利用接收无人机观测到的方位角，在发射机编号部分未知时完成定位，并设计圆形及锥形编队的分步位置调整策略。,观测只有角度、缺乏距离，几何方程可能多解；圆形编队有编号/相对位置结构，锥形编队可分解为多个同心圆并含特殊共线点。,cases/case-096.md,2022/B030_2022高教社杯全国大学生数学建模竞赛B题论文展示(B030)_[1820289].pdf
case-097,2022,B035,1820287,基于计算几何与带阈值启发式搜索的无人机无源定位模型,计算几何 | 启发式搜索 | 无源定位 | 鲁棒调整,两圆轨迹求交 | 极坐标三角方程 | 带阈值启发式搜索 | 预设发射顺序,量化定位误差分析 | 搜索轮次与信号架次统计 | 不同编队形状适用性比较,在只有方位信息且发射机身份可能混淆的条件下确定无人机位置，并兼顾圆形编队调整效率与任意编队形状的普适性。,纯角度观测导致轨迹相交多解；极径误差≤15 m、极角误差≤1°等误差界影响可辨识性，三点共线或四点共圆会造成发射机编号歧义。,cases/case-097.md,2022/B035_2022高教社杯全国大学生数学建模竞赛B题论文展示(B035)_[1820287].pdf
case-098,2022,B086,1820285,基于局部最优模型的无人机位置调整策略与仿真定位,几何定位 | 局部优化 | 贪心调整 | 蒙特卡洛仿真,正弦定理定位 | 局部L2最小化 | 三步锥形调整 | 三维平面拟合,两种信号源方案收敛对照 | 平面化指标前后比较 | 正态扰动灵敏性分析 | 10组全局误差试验,建立圆形编队纯方位定位的消歧条件，并在信息不共享的局部约束下调整圆形/锥形编队，比较通信次数、收敛速度与扰动鲁棒性。,每架无人机只能使用局部方位观测，不能共享全局坐标；圆形阵列存在一般/特殊多解，锥形阵列需要三维平面与正三角形结构同时满足。,cases/case-098.md,2022/B086_2022高教社杯全国大学生数学建模竞赛B题论文展示(B086)_[1820285].pdf
case-099,2022,C155,1820281,基于成分数据的古代玻璃制品的成分分析与鉴别,成分数据分析 | 假设检验 | 分类/聚类 | 敏感性分析,中心化对数比变换 | Pearson/Yates卡方检验 | 决策树 | 灰色关联分析,分类精确率/召回率/准确率/F1 | Q型聚类交叉检验 | 随机扰动敏感性 | 风化/未风化分层比较,尊重化学成分定和约束，分析风化与文物属性关系、恢复风化前组成，建立玻璃类型/亚类判别，并比较两类玻璃的成分关联结构。,14项化学成分非负且总和约100%，含无效记录和零值；样本量小，类别、风化状态和纹饰/颜色均为混合型变量。,cases/case-099.md,2022/C155_2022高教社杯全国大学生数学建模竞赛C题论文展示(C155)_[1820281].pdf
case-100,2022,C229,1820279,基于成分数据分析的玻璃制品分析与分类,成分数据分析 | 回归预测 | 监督分类 | 聚类/相关检验,乘法零值替换 | Dirichlet回归 | PLS-DA | Wilcoxon配对检验,决策树与PLS结论一致性 | PLS交叉验证选成分数 | 两类关联结构配对检验 | 多种缺失填补,在零值、缺失和总和不精确的古玻璃成分数据上，使用单纯形几何描述风化变化、预测风化前组成，并以决策树/PLS完成类型和亚类识别。,表单1含分类缺失，成分表有空白、0值和总和偏离100%；响应是多维比例向量，样本数远小于成分变量组合。,cases/case-100.md,2022/C229_2022高教社杯全国大学生数学建模竞赛C题论文展示(C229)_[1820279].pdf
case-101,2022,D999,1820275,气象报文信息卫星通信传输,组合构造 | 通信调度 | 概率期望 | 公式证明,最大信息率传输模型 | 对称调度 | 可靠性冗余 | 期望值计算,上下界与构造匹配证明 | 不同N/K分类讨论 | C++枚举/期望复算 | 具体传输方案展示,在单次卫星通信可携带有限条报文且副站传输成功率为80%的约束下，求全网共享所需最少传输轮次或固定轮次下最多站点数，并构造达到界的对称调度。,主站间需互换$N(N-1)$条信息；单次载荷有分数化容量，首轮能力不同；副站链路随机成功且需冗余传输保证至少一次成功。,cases/case-101.md,2022/D999_2022高教社杯全国大学生数学建模竞赛D题论文展示(D999)_[1820275].pdf
case-102,2022,E014,1820273,基于时间序列预测的物料生产安排模型,时间序列预测 | 库存控制 | 服务水平优化 | 情景分析,三次指数平滑 | 滚动一步预测 | 强化参数法 | 联合库存调整,第101–177周滚动回测 | 服务水平门槛检验 | 库存压缩前后对照 | 交付提前期延长情景,从284种物料中筛出具有水平/上升/下降趋势的重点物料，以滚动预测驱动生产，并在平均服务水平不低于85%与库存成本之间寻找可操作平衡。,需求间歇且趋势异质，先按周聚合；只有6种代表物料进入精细建模，预测误差通过库存、缺货和服务水平递推放大。,cases/case-102.md,2022/E014_2022高教社杯全国大学生数学建模竞赛E题论文展示(E014)_[1820273].pdf
case-103,2022,E029,1820271,基于时间序列预测的动态生产优化模型,聚类筛选 | 时间序列预测 | 库存优化 | 多指标权衡,K-means | 加权移动平均/指数平滑/ARIMA | 安全库存 | 曲线拐点权衡,三预测模型平均相对误差对照 | 第101–177周滚动检验 | 服务水平约束 | 安全库存敏感性曲线,从多品种小批量需求中选择代表物料，比较三类时间序列模型后以ARIMA驱动生产计划，再调安全库存权重/绝对量平衡服务水平、库存与资金占用。,284种物料需求频数、总量、单价和销售额差异大，周需求不稳定；决策评价同时含缺货服务水平、库存件数与资金占用。,cases/case-103.md,2022/E029_2022高教社杯全国大学生数学建模竞赛E题论文展示(E029)_[1820271].pdf
case-115,2023,,1865112,基于机理分析法的定日镜场优化设计模型,优化 | 光学机理 | 仿真,蒙特卡洛 | 空间向量光学模型 | 镜面栅格化 | 三分查找,模型检验（摘要未说明细节）,用向量光学和镜面栅格计算遮挡、余弦与截断效率；统一规格时以三分查找优化镜场参数，规格可变时以蒙特卡洛搜索各排安装高度。,"证据方式为 ocr_sampled，论文 45 页；摘要可确认：阴影遮挡与集热器截断过程，利用空间向量方法判断光线入射、反射过 程中是否被其他定日镜阻挡，计算镜面各点反射锥形光线在集热器表面形成的光斑面 积，从而计算阴影遮挡效率、集热器截断效率。 为降低庞大的解空 间维度，固定其他变量，对镜面宽、高等变量单独分析，基于三分查找算法搜索变量的 较优解，得到近似最优情形下，吸收塔的平面位置坐标为(0,-237.0240)，定日镜宽、高 均为5.4670m，安装高度均为6m，定日镜数量为3249，镜场光学效率、余弦效率、阴影 遮挡效率、截断效率、输出热功率、单位面积镜面输出热功率的年平均值分别为0.5787， 0.8614, 0.8546, 0.8811, 43.73MW, 0.4505kW/m2。 对于各定日镜尺寸…",cases/case-115.md,2023/2023高教社杯全国大学生数学建模竞赛A题论文展示(A0165)_[1865112].pdf
case-116,2023,,1865114,定日镜场的优化设计模型,优化 | 仿真,蒙特卡洛,敏感性分析,定日镜场能将太阳光反射汇聚到安装在镜场中的吸收塔集热器上，实现能量转换， 不同的定日镜场参数会影响定日镜场的效率。本文通过光线反射、入射等模型，计算 给定参数下的定日镜场效率，并建立定日镜场的效率优化模型，研究定日镜场参数变 化对单位镜面面积平均输出热功率的影响。 从数学结构看，任务包含 优化、仿真；具体输出、阈值与指标以原题和全文为准。,证据方式为 ocr_sampled，论文 39 页；摘要可确认：首先，建立镜场大地坐标系、 镜面坐标系和光锥束坐标系，描述定日镜场的参数。 通过坐标变换和方程联立，判断某入射光线及对应的反射光线是否造 成阴影遮挡损失所涉及的塔身阴影损失、入射镜面遮挡损失、反射镜面遮挡损失，再 判断成功反射出的光线是否被集热器接收。 决策变量包括吸收塔的位置坐标、定日镜的 尺寸（相同）、安装高度、数量和位置。 以单位镜面面积年平均输出热功率为目标函数，以吸收 塔位置坐标、定日镜尺寸、安装高度、定日镜数目、定日镜位置为决策变量，以额定 功率、相邻定日镜距离、圆形区域半径等为约束条件，建立优化模型。,cases/case-116.md,2023/2023高教社杯全国大学生数学建模竞赛A题论文展示(A0175)_[1865114].pdf
case-114,2023,,1865106,定日镜场的输出功率优化,优化,遍历搜索 | 变步长搜索 | 二分法,原文独立验证手段未在证据包中稳定识别,定日镜场优化方案的设计是提高光热发电效率和推动绿色中国建设的关键。本文 从优化角度出发，建立了定日镜平均输出热功率优化模型，并通过遍历法等方法进行求 解，为新能源部门提供了不同建设需求下定日饶场参数的具体规划方案。 从数学结构看，任务包含 优化；具体输出、阈值与指标以原题和全文为准。,"证据方式为 ocr_sampled，论文 58 页；摘要可确认：针对问题一，首先，分别对定日镜镜场和定日镜镜面建立了镜场坐标系和镜面坐标 系，并通过坐标转换阵T实现坐标系之间的转化。 在给定 Wa、Wb、h0、hi和L0的前提下，唯一确定定日镜场中定日镜的总数和各定日镜的坐标。 吸收塔的位置坐标为(0,-79)； 吸收塔的位置坐标为(0,-79)；",cases/case-114.md,2023/2023高教社杯全国大学生数学建模竞赛A题论文展示(A0127)_[1865106].pdf
case-104,2023,A092,1865104,定日镜场的优化设计,优化 | 仿真,蒙特卡洛 | 遗传算法,原文独立验证手段未在证据包中稳定识别,塔式太阳能光热发电是一种较为理想的、技术发展相对成熟的大规模利用太阳能 发电的技术，定日镜是其收集太阳能的重要基本组件，通过数学建模对定日镜场的各 项参数进行优化设计，使得单位镜面面积年平均输出热功率最大具有重大的现实意义， 也是我们亟待解决的问题。 从数学结构看，任务包含 优化、仿真；具体输出、阈值与指标以原题和全文为准。,证据方式为 ocr_sampled，论文 53 页；摘要可确认：最后，结合法向直接辐射照度 以及定日镜场输出热功率的计算公式，代入定日镜的光学效率等数据我们求出了定日 镜场在不同时刻的输出热功率，进而得到年平均输出热功率以及单位面积镜面年平均 输出热功率。 我们以单位 镜面面积的年平均输出热功率最大为目标函数，以定日镜场中吸收塔的位置坐标、定 日镜的统一尺寸和统一安装高度、定日镜的个数以及定日镜的位置等参数作为决策变 量，以定日镜场的年平均额定输出功率、相邻定日镜之间应满足的距离等要求确定了 多个约束条件，建立起单目标优化模型。,cases/case-104.md,2023/A092_2023高教社杯全国大学生数学建模竞赛A题论文展示(A092)_[1865104].pdf
case-105,2023,B226,1865116,多波束测线布设,优化 | 仿真,模拟退火 | 粒子群 | 几何建模 | 最小二乘坡面拟合 | 贪心递推布线,敏感性分析,推导二维及三维坡面上的覆盖宽度与重叠率，在完全覆盖和重叠率约束下最小化测线总长度，并将复杂海底分区拟合后逐区布线。,证据方式为 ocr_sampled，论文 51 页；摘要可确认：针对问题一：首先简要介绍多波束测量仪的工作原理，以海域中心点为坐标原点 建立合适的坐标系。 最后得到特定位置处的指标，存放在result1.xlsx中。 针对问题二：以海域坡面中心为坐标原点建立三维空间坐标系，参考问题一，首 先利用向量分析，根据向量叉乘得到测线方向与其在水平面上的投影组成的平面和海 底坡面的交线的点向式方程，代入相应坐标求得海水深度。 针对问题四：首先利用单波束测量数据确定海域初貌，发现其地形起伏大，难以 求解测线布设。,cases/case-105.md,2023/B226_2023高教社杯全国大学生数学建模竞赛B题论文展示(B226)_[1865116].pdf
case-106,2023,B311,1865118,基于主要目标法的测线设计问题,优化,多目标规划 | 目标规划 | 几何建模 | 递推布线,CAD图形对比 | 测绘规范佐证 | 覆盖率与重叠率检查,从几何关系定义斜坡覆盖宽度和重叠率，递推设计矩形海域测线；复杂海底采用主要目标法，以漏测率最小为主目标、重叠率为约束。,证据方式为 ocr_sampled，论文 34 页；摘要可确认：针对问题1，运用几何分析和正弦定理，求解海水深度D关于测线距中心点 距离x的函数关系式，以及条带覆盖宽度W的函数表达式；得到海水深度 D=D'-xtanα，覆盖宽度 W = (D'−xtanα)sinθcosα cos θ cosα sin sin α 2 2 对于斜坡上重叠率η计算，本文依据两种重叠率定义，分别构建两种重叠率模型。 利用Matlab计算海水深度D、覆盖宽度W和两种不同定义重叠率η四者的结果。 利用CAD作图，直观比较两种重叠率模型的优劣，选择更贴合本题的模型二， 舍去重叠率模型一的结果，明确斜坡重叠率的定义。 针对问题2，根据问题2的具体要求，对问题1的覆盖宽度W模型进行改进 推广，以构建贴合问题2的模型。引入变量，测线在坡面上的…,cases/case-106.md,2023/B311_2023高教社杯全国大学生数学建模竞赛B题论文展示(B311)_[1865118].pdf
case-107,2023,B477,1865120,多波束测深合理探测方案的设计及效果分析,优化 | 几何建模 | 机器学习预处理,随机森林 | 插值拟合 | 贪心布线 | 改进飞蛾火焰算法,不同重叠率方案横向比较 | 覆盖率与总长度复算,由二维覆盖宽度模型推广到任意方向三维坡面；简单海域用贪心布线，复杂海底经插值和随机森林预处理后分区，并以改进飞蛾火焰算法搜索测线。,证据方式为 ocr_sampled，论文 50 页；摘要可确认：对于问题四，本文首先采用微分思想，利用插值拟合和随机森林模型对 数据进行预处理以及数据特点分析，深入探讨了不同曲面以及开角情况下的 测量状态，基于第三问的研究改进了飞蛾火焰算法，并给出具体的路径搜索 流程，在对区域进行分块之后，以重叠率为10%，在空间内迭代搜索了各区 域最佳路径，给出各个分区的数据，经过整合之后，得到了最优化的路线且 覆盖率达99.96%，测线总长度为434662m。 我们首先建立二维平面上的多波束测深的覆盖宽度及条带重叠率的 数学模型，然后扩展至三维空间中，从简单地形测线的设计推进到复杂真实 海底测量策略的优化，解决了多波束测深系统最优路线方案的设计问题，并 且给出具体的图像和精确数据。,cases/case-107.md,2023/B477_2023高教社杯全国大学生数学建模竞赛B题论文展示(B477)_[1865120].pdf
case-108,2023,C050,1865124,某商超蔬菜类商品动态定价与补货决策研究,预测 | 评价 | 优化 | 聚类 | 仿真,K-Means | 灰色关联分析 | 线性回归 | 模拟退火 | Pearson 相关 | Spearman 相关,原文独立验证手段未在证据包中稳定识别,随着生鲜市场规模的持续扩大，蔬菜零售行业的竞争也愈加激烈。为帮助某商超 改善经营模式，本文基于题目所给数据信息，建立数学模型进行分析，从而制定合理 的蔬菜类商品动态定价与补货决策，提高商超收益。 从数学结构看，任务包含 预测、评价、优化、聚类、仿真；具体输出、阈值与指标以原题和全文为准。,证据方式为 ocr_sampled，论文 44 页；摘要可确认：为帮助某商超 改善经营模式，本文基于题目所给数据信息，建立数学模型进行分析，从而制定合理 的蔬菜类商品动态定价与补货决策，提高商超收益。 然后进行数据可视化处理，分析各蔬菜品类、单品蔬菜的销售量分布规律。 第二问引入Spearman 相关系数，以各蔬菜 品类及单品蔬菜的日销售量为指标，进行相关性分析，求解得出除茄类外，其它五种 品类蔬菜之间都呈现出显著的正相关关系。 然后以单品的总销售量、每日最大销售量 和日均销售量为指标，通过K-means++聚类算法将单品划分为热销、畅销、平销和滞 销四大类，进行相关性分析，结果可得热销单品较其他单品呈现出高总销售量，高每 日最大销售量和高日均销售量特点。,cases/case-108.md,2023/C050_2023高教社杯全国大学生数学建模竞赛C题论文展示(C050)_[1865124].pdf
case-109,2023,C126,1865126,商超蔬菜销售数据的统计分析及建模,预测 | 优化 | 相关分析 | 贝叶斯建模,贝叶斯估计 | 正态分布 | MCMC | VAR | Shapiro-Wilk 检验 | 约束收益优化,正态性检验 | 收敛诊断 | VAR预测与频率法一致性检查,针对1084个零膨胀、非正态的日销量样本建立贝叶斯销量与补货模型，再用VAR(2)预测未来一周销量和补货量，并在预测结果上求收益最大化方案。,证据方式为 ocr_sampled，论文 74 页；摘要可确认：根据商超实际购物篮销售数据，将该数据以单品编码为关键字，通过数据透 视形成新的销售数据集，即日销售数据，计1084个样本。 通过对蔬菜日销售量 数据进行相关分析，发现同一品种的蔬菜销量具有较强的相关性，构造直观的评 判矩阵，用含“T”“F”的元素字符串，表示“是”“否”相关。 对销量数据 进行 shapiro-wilks正态性检验，结果表明销量数据不服从正态分布，用传统的回 归分析将导致精度下降，且日销量数据含大量的0，属零膨胀数据，建模较难。 为避开零膨胀数据建模的困难，同时降低 WinBUGS 运行 MCMC的运算压力， 用同期平均法将三年数据进行转化，形成一年的数据，对该数据建立Bayesian 销量模型及补货量模型，进行30000次迭代计算…,cases/case-109.md,2023/C126_2023高教社杯全国大学生数学建模竞赛C题论文展示(C126)_[1865126].pdf
case-110,2023,C228,1865128,基于价格弹性的蔬菜类商品自动定价与补货决策,预测 | 评价 | 优化 | 分类,LSTM | 双对数价格弹性模型 | FP-Growth | VIKOR | GBest-PSO | NSGA-II,MAE | 拟合优度（R²）,从高维交易数据提取销量规律、关联与价格弹性，以LSTM预测成本和销量；品类层用GBest-PSO优化定价补货，单品层用VIKOR预选并以NSGA-II权衡收益与需求。,证据方式为 ocr_sampled，论文 70 页；摘要可确认：首先，基于数据高维、庞杂的特征对其进行整合、分析与清洗。 对多个附件自然连 接(NJ)、对不同变量进行One-hot编码与时间序列处理、将进货销货信息按日/周/月/年 聚合； 对整合完成的数据挖掘更多信息，实现供应时间、同货异源、折扣退货的分析， 并完成蔬菜单品的常年性、季节性、时令性分类。 对于问题一，为更好地分析，本文将问题聚焦为探究销售量的时间分布规律、销售 分布规律以及相关关系，并从多个时间颗粒维度分析总体、类别、个体的综合信息。,cases/case-110.md,2023/C228_2023高教社杯全国大学生数学建模竞赛C题论文展示(C228)_[1865128].pdf
case-111,2023,D039,1865132,圈养湖羊空间利用率的优化问题,优化 | 仿真,整数规划 | 蒙特卡洛 | 遍历搜索,遍历方案对比 | 空间利用率与损失指标复算,在112个羊栏容量约束下安排母羊分批繁殖，使年化出栏量和空间利用率尽量高；加入孕期等随机因素后，以蒙特卡洛期望损失最小选择批次数量。,证据方式为 ocr_sampled，论文 31 页；摘要可确认：湖羊是优秀的养殖品种，湖羊养殖场通常有若干标准羊栏，根据湖羊的性别和生 长阶段分群饲养，不同阶段、性别和大小的羊只对空间要求不同，所以每一羊栏所容纳 的羊只数量由上述因素决定.在实际运营中，空间利用率是相对独立并影响养殖场经 营效益的重要问题.本文主要研究了湖羊养殖过程中空间利用率的问题，给出了具体 生产计划，较好地解决了提出的三个问题. 针对问题1，母羊的工作周期包括交配期、孕期、哺乳期和休整期，一整个周期持 续229天.仅考虑单个批次一定数量的基础母羊以固定周期的方式重复工作，可求出其 (包括羔羊)所占用的羊栏天数，在理想状态下多批次交替工作可以把羊栏使用数的波 动抹平，而出栏羊数正比于基础母羊的数量n，可求出n对应的每一栏能转化为多少年 化出…,cases/case-111.md,2023/D039_2023高教社杯全国大学生数学建模竞赛D题论文展示(D039)_[1865132].pdf
case-112,2023,E032,1865134,基于时间序列分析预测的黄河水沙监测模型,预测 | 优化,SARIMA | 分段多项式回归 | M-K突变检验 | 季节分解 | 小波分析 | 数值积分,数值积分交叉检验 | 2016—2020训练与2021测试 | 拟合度检验,刻画黄河水沙关系的趋势、季节、周期与突变，用SARIMA预测未来两年水沙通量，据预测结果优化采样监测，并从水沙通量和河底高程评价调水调沙效果。,证据方式为 ocr_sampled，论文 53 页；摘要可确认：本文在对各附件 数据进行预处理后，通过回归分析、小波分析、时间序列分析方法建立水沙关系 模型和水沙通量模型，利用时间序列预测模型预测水沙通量的变化趋势，优化水 文站采样监测方案，分析调水调沙效果。 对于问题一，用“均值替补法”补充缺失数据后，分别研究含沙量与时间、水 位、水流量的关系，并进行模型展示。 最后建立年总排沙量、年总水流量模型， 估算了近6年数据，又运用优化的数值积分法对上述模型进行了检验。 日期 2016 2017 2018 2019 2020 2021 年总排沙量(亿吨) 0.182 0.191 2.918 3.051 3.510 2.239 年总水流量(亿m³) 143.809 153.353 388.973 387.239 433…,cases/case-112.md,2023/E032_2023高教社杯全国大学生数学建模竞赛E题论文展示(E032)_[1865134].pdf
case-113,2023,E176,1865138,基于小波变换和背包模型的小浪底水库最优监测方案研究,预测 | 优化,"双对数回归 | 0-1 规划 | 小波分析 | M-K突变检验 | Fisher最优分割 | R/S分析 | 傅里叶级数 | 灰色GM(1,1)",交叉验证,"交叉识别水沙通量的季节、周期与突变，用R/S和傅里叶级数预测未来两年，以背包型0-1规划选择监测时点，并用GM(1,1)外推河底高程。",证据方式为 ocr_sampled，论文 56 页；摘要可确认：首先，对附件1、附件2、附件3的数据进行了整理，使用python软件对大量的缺失数据采用平均值 进行了填补。 针对问题(1)，首先，研究含沙量与时间的关系，得出结论：一是2016、2017年的含沙量较小，但从2018 年开始大幅度增长，含沙量随着年份存在周期性波动。 三是建立了含沙量随时间（日）变化的正弦函数。 针对问题(2)，把数据整理成以“月”为时间点的时间序列，首先，描述性分析得出结论：各月水流量 分化严重，但平均波动幅度较小，排沙量则相反。,cases/case-113.md,2023/E176_2023高教社杯全国大学生数学建模竞赛E题论文展示(E176)_[1865138].pdf
case-117,2024,A016,1977931,基于几何模型的舞龙队位置和速度分析,几何运动建模 | 优化,几何建模 | 碰撞检测 | 逐步逼近 | 变步长搜索,碰撞边界检查 | 结果文件复算,沿等距螺线递推板凳龙各把手的位置和速度，检测首次碰撞，搜索可进入调头空间的最小螺距，并由速度比例确定龙头速度上限。,证据方式为 ocr_sampled，论文 59 页；摘要可确认：针对问题一，首先构建等距螺线方程，用坐标表示把手的位置。 对于位置，结合极 坐标弧长公式，求积分得到运动距离，用逐步逼近法求解极角，先得到各个时刻龙头前 把手的位置； 先用极坐标表示圆弧上关键点的位置，接着将整个调头过程分为四块区域并 划分时间段，对于0s~100s构建区域、夹角、位置三个矩阵，具体分析得到每秒龙头前 把手的情况，结合调整后的问题一的模型推出得到每秒所有把手的位置情况，再分情况 分析计算得到速度结果。,cases/case-117.md,2024/A016_2024高教社杯全国大学生数学建模竞赛A题论文展示(A016)_[1977931].pdf
case-118,2024,A053,1977933,基于目标优化的板凳龙形态调节,优化,粒子群 | 碰撞检测 | 遍历搜索,敏感性分析,针对问题一，我们建立舞龙队的运动状态模型。首先，在极坐标系中用阿基米德 螺旋线方程描述了各把手满足的位置范围。接着，利用螺旋线弧长公式表示出龙头把 手位置随时间变化的关系，并根据板凳间的几何关系，递推出各个时刻下各节龙身以 及龙尾把手的位置，并将各把手的行进弧长的导数来表示速度。然后，对时间进行离 散化处理，求解出龙头在每一个时刻下的位置，并递推出其余把手在… 从数学结构看，任务包含 优化；具体输出、阈值与指标以原题和全文为准。,证据方式为 ocr_sampled，论文 62 页；摘要可确认：首先，在极坐标系中用阿基米德 螺旋线方程描述了各把手满足的位置范围。 接着，利用螺旋线弧长公式表示出龙头把 手位置随时间变化的关系，并根据板凳间的几何关系，递推出各个时刻下各节龙身以 及龙尾把手的位置，并将各把手的行进弧长的导数来表示速度。 然后，对时间进行离 散化处理，求解出龙头在每一个时刻下的位置，并递推出其余把手在对应时刻的位置， 由每一时间步长下的行进弧长计算出各把手的速度，将位置和速度结果存入指定文件。 接着，根据几何关系，表示出各板凳顶点的坐标以划定 边界，便于碰撞检测。,cases/case-118.md,2024/A053_2024高教社杯全国大学生数学建模竞赛A题论文展示(A053)_[1977933].pdf
case-119,2024,A163,1977935,基于几何模型的板凳龙运动路径问题,优化 | 几何运动建模,几何建模 | 数值积分 | 十等分搜索,碰撞边界检查 | 分段递推一致性检查,建立盘入、调头、盘出全路径的位置—速度递推，利用几何碰撞判据和十等分搜索求调头空间边界螺距，再由最大把手速度反推龙头速度上限。,证据方式为 ocr_sampled，论文 45 页；摘要可确认：本文将盘龙过程抽象为数学模 型，在各板凳数据已知的条件下研究不同螺距、不同龙头行进速度时，各时刻下整个舞 龙队的位置和速度，为深入研究如何优化盘龙所需的面积和行进速度提供了有效的帮 助。 本文将盘入螺线转化为极坐标方程，采用积分的方法建立起龙头前把手所处位置 与速度和时间的关系，得到其每个时刻的龙头前把手坐标。 为解决各时刻舞龙队各前 把手速度问题，本文根据得到的位置坐标，建立相邻两把手速度迭代公式。 从而得到了舞 龙队不能再继续盘入的位置，进而计算得不能再继续盘入的时间。,cases/case-119.md,2024/A163_2024高教社杯全国大学生数学建模竞赛A题论文展示(A163)_[1977935].pdf
case-120,2024,A178,1977937,板凳龙行进路径与速度控制优化,优化 | 几何运动建模 | 仿真,微分方程 | 碰撞检测 | 变步长搜索 | 二分法,不同龙头速度数值对照 | 200个时间点规律检查 | 二分误差检查,用微分方程和几何递推计算盘入—调头—盘出的位置速度，变步长/二分搜索碰撞时刻与最小螺距，并验证最大速度位置规律后反求龙头速度上限。,证据方式为 ocr_sampled，论文 48 页；摘要可确认：首先，我们基于螺线的极坐标方程，确定各把手的运动轨迹。 最终，将问题一的参数代入计算，利用 数值方法求解0s~300s每秒的各节龙身位置与速度，并将0s、60s、120s、180s、240s、 300s时，龙头前把手、龙头后面第1、51、101、151、201节龙身前把手和龙尾后把手 的运动数据记录在表（2）与表（3）中。 在模型求解时，我们首先根据同心圆近似碰撞模型计算 出碰撞时间大约为410s，然后在[400，420]秒的时间区间内进行变步长搜索，最终确定 碰撞时间为412.4739s。 我们将该时刻龙身的位置和速度数据保存在文件中，并将龙头、 第1、51、101、151、201节龙身以及龙尾的运动数据记录在表（4）与表（5）中。,cases/case-120.md,2024/A178_2024高教社杯全国大学生数学建模竞赛A题论文展示(A178)_[1977937].pdf
case-121,2024,A242,1977939,基于动态搜索的“板凳龙”运动状态及路线研究,优化 | 几何运动建模,微分方程 | 粒子群 | 碰撞检测 | 变步长搜索 | 二分法 | 三分搜索,粒子群与搜索法对比 | 碰撞阈值检查 | 单峰区间三分复核,递推板凳龙盘入、调头和盘出状态，以动态碰撞搜索求停止时刻，结合粒子群与变步长求最小螺距，并以三分搜索确定速度峰值。,证据方式为 ocr_sampled，论文 58 页；摘要可确认：首先，根据盘入路线为等距螺线的特征，建立极 坐标系。 针对龙头位置，建立有关极角的微分方程，利用微积分及二分法求解龙头前把 手的极坐标，继而利用余弦定理，递推求解相邻板凳的位置关系，获得各把手的位置函 数。 最终，将极坐标转换为直角坐标，求 得各把手在各时刻的位置和速度，结果详见表2，表3和 result1.xlsx。 最后，采用动态搜索策略，先用变步长 搜索确定时间范围，再进行二分搜索，确定首次碰撞的准确时间。,cases/case-121.md,2024/A242_2024高教社杯全国大学生数学建模竞赛A题论文展示(A242)_[1977939].pdf
case-122,2024,B159,1977943,生产过程中的决策优化设计,优化,动态规划 | 假设检验 | 贝叶斯估计 | Beta-Binomial | 二项分布 | 几何分布,敏感性分析,本文针对某企业在生产电子产品过程中所面临的次品率、检测及拆解等一系列决策问题 展开研究。通过优化生产过程中的抽样、检测和拆解策略，最大化企业利润和生产效率。本 文的研究旨在为企业提供一套基于数学建模的决策方案，帮助其在面对不同生产条件时合理 选择抽样、检测和拆解策略，提升资源利用率和经济效益。 从数学结构看，任务包含 优化；具体输出、阈值与指标以原题和全文为准。,证据方式为 ocr_sampled，论文 37 页；摘要可确认：为确定合适的抽样样本量，本文利 用检测花销与假设检验效果(运用假设检验功效函数衡量)之间相互制约的关系，建立决策函 数，得到了最优样本量。,cases/case-122.md,2024/B159_2024高教社杯全国大学生数学建模竞赛B题论文展示(B159)_[1977943].pdf
case-123,2024,B195,1977945,基于多阶段模拟仿真的生产决策问题,优化 | 仿真 | 多阶段决策,"假设检验 | (n,c)抽样检验 | 收益期望模型 | 模拟退火 | 二项分布 | 正态分布 | 贝叶斯后验",置信区间 | 区间端点决策稳定性检查,以抽样检验决定零配件接收，随后把检测与拆解决策转成多阶段期望利润优化；用贝叶斯后验区间扰动次品率，检查最优决策是否稳定。,证据方式为 ocr_sampled，论文 70 页；摘要可确认：根据实际现象规律，生成一组 正态分布数据，并根据标准正态分布、给定的次品率得到次品的数据范围，再比较不同的抽样结果 得出优劣。 对于问题四，对于扰动问题，本文使用贝叶斯统计公式，结合先验信息（可能的次品率分布)和 抽样数据（似然概率分布，在本题中为二项分布）来计算后验概率分布，即零件真实的次品率分布。,cases/case-123.md,2024/B195_2024高教社杯全国大学生数学建模竞赛B题论文展示(B195)_[1977945].pdf
case-124,2024,B196,1977950,基于蚁群算法与遗传算法优化的蒙特卡洛模拟在生产决策优化中的应用研究,优化 | 仿真 | 假设检验,蒙特卡洛 | 假设检验 | 遗传算法 | 蚁群算法 | 二项分布 | 正态分布 | 决策树 | t检验,稳健性分析 | 显著性检验,以近似正态/t检验设计抽样接收规则，将生产流程表示为检测—拆解决策树；分别用蚁群和遗传算法增强蒙特卡洛搜索，并在次品率扰动下检验决策鲁棒性。,证据方式为 ocr_sampled，论文 28 页；摘要可确认：然后， 引入遗传算法进行优化，通过迭代搜索策略在解空间中寻找问题的最优解或近似最优 解。,cases/case-124.md,2024/B196_2024高教社杯全国大学生数学建模竞赛B题论文展示(B196)_[1977950].pdf
case-125,2024,C038,1977952,基于差分遗传算法的农作物种植策略优化,优化,差分进化改进遗传算法（DEGA） | CVaR风险优化 | Spearman 相关,敏感性分析 | 鲁棒优化检查 | 收敛曲线,在轮作、地块、季次和销售约束下最大化2024—2030利润；以DEGA求解，并用CVaR控制销量、产量、成本与价格不确定性，再加入作物替代互补相关约束。,证据方式为 ocr_sampled，论文 61 页；摘要可确认：为此，本文基于华北山区某乡村的露天和大棚耕地面积、农作物种类及种植季 次，以及2023年的种植情况、亩产量、种植成本和销售单价等数据，建立数学模型， 精准优化种植方案，以提升农业生产效益，为乡村经济的可持续发展提供科学依据。 对于问题一，本文首先对乡村耕地结构、农作物种植现状及亩均利润进行了可视 化分析，为制定最佳种植策略提供数据支持。 对于问题三，本文首先绘制各类农作物种植面积的时间趋势图，对农作物种植面 积的相关关系进行初步分析。,cases/case-125.md,2024/C038_2024高教社杯全国大学生数学建模竞赛C题论文展示(C038)_[1977952].pdf
case-126,2024,C063,1977958,基于优化算法的农作物最优种植模型,优化 | 风险决策,LINGO规划求解 | 均匀与正态随机情景 | 益损值矩阵 | 乐观准则 | 最大期望值准则 | 正态分布,敏感性分析,在地块、轮作、豆类和分散度约束下制定七年种植方案；将销量、产量、成本和价格的不确定性生成1000种环境，以益损矩阵和风险准则选择稳定方案。,证据方式为 ocr_sampled，论文 49 页；摘要可确认：本文基于题目给定的数据信息，针对农作物种植与销售的不同变化趋 势，分别建立数学模型进行分析，为该乡村制定乐2024~2030年农作物的最优种植方 案，从而增加农业生产效益，确保农业农村稳定发展。 对于问题一，首先，计算出2023年农作物种植总收益为592余万元，并对数据进 行可视化展示，分析了各类农产品的产量、种植成本与利润之间的关系。 对该模型的求解，采用4类随机因素取特定数值，选取了 全体参数最优、最劣、平均值等11组典型数据，对每组数据分别计算最优种植方案和 7年最大收益值。 通过相应数据分析得到预期销售量、 销售价格和种植成本的相性相关性。,cases/case-126.md,2024/C063_2024高教社杯全国大学生数学建模竞赛C题论文展示(C063)_[1977958].pdf
case-127,2024,C094,1977961,基于随机优化的农作物种植策略模型,优化 | 仿真,蒙特卡洛 | 线性规划 | 正态分布 | 贪心算法 | 随机规划,敏感性分析,在地块、轮作、豆类与种植分散度约束下比较求解器和贪心策略；用蒙特卡洛生成参数波动、随机规划选择抗波动方案，再纳入作物替代互补与价格成本相关性。,证据方式为 ocr_sampled，论文 58 页；摘要可确认：本文研究最大化利用土地资源，建立栽种策略优化模型，利用贪心算法、随机扰动、蒙 特卡洛、灵敏度检验等方法求解科学土地管理、超额出售、多因素时间波动，农作物替代 性、互补性以及相关性等问题。 对题目给出的数据进行预处理， 统一数据格式便于读取，并统计数据生成成本与产量的三维数据表。 这两种求解方法各有优缺点，求解器求解结果更优，但求解慢，而贪心算法则相反，根 据具体需求选择方法，两种销售情况会导致结果产生较大差异，原因归结于收益大的作物 在降价后仍可保持高收益，会被高频率大面积种植。 针对问题二，考虑作物亩产量、预计销量和销售价格的波动因素，为增强风险应对能 力，以最大化种植经济效益期望为目标函数，设定决策变量为波动场景下的可行策略对应 的种植经济效益…,cases/case-127.md,2024/C094_2024高教社杯全国大学生数学建模竞赛C题论文展示(C094)_[1977961].pdf
case-128,2024,C234,1977963,基于遗传算法的最优种植策略,优化 | 仿真,遗传算法 | 均匀不确定因子 | 灾害情景修正 | 利润波动风险指标,两类销售情景对比 | 风险情景利润波动比较,以遗传算法求七年种植利润最大方案；用均匀不确定因子、干旱和寒潮情景修正产量，并以利润波动筛选抗风险方案，再量化替代互补与供需相关关系。,证据方式为 ocr_sampled，论文 45 页；摘要可确认：为了求解 该优化模型，本文选择使用遗传算法求解，最终得到情况1——超过部分滞销，造成 浪费的总利润为：29276719.5元：情况2——超过部分按2023年销售价格的50%降价 出售的总利润为：42837286.75元 问题二：对于农作物未来预期销售量、亩产量、种植成本和销售价格的不确定性， 本文引入满足均分分布的不确定因子，再利用对以上4种指标进行修正； 再次利用遗传算法求解得到方案，然后引入 了在风险下利润波动指标得到抗风险能力最强的方案，该方案的总利润为： 38732308.4505元 问题三：对于农作物之间的替代性，本文对农作物划分了3类替代品集合，处于 替代品集合中的农作物互为替代品，因此它们被认为一体，随着某农作物价格上升其 替代品的销…,cases/case-128.md,2024/C234_2024高教社杯全国大学生数学建模竞赛C题论文展示(C234)_[1977963].pdf
case-129,2024,D033,1977965,反潜航空深弹命中概率的优化问题,优化,正态分布 | 联合概率积分 | 分情形概率模型 | 数值优化,问题一至三逐层扩展复算 | 水平与深度独立性检查,在水平定位和深度定位误差服从独立正态分布时，分引爆深度情形推导命中概率，并联合优化投弹落点与定深引信深度。,"证据方式为 ocr_sampled，论文 55 页；摘要可确认：本文针对投弹命中概率 大小，以平面坐标系和深度来建立不同的投弹方案，探究使命中概率最大的方案。 针对问题一，由条件可知，潜艇中心位置深度定位没有误差，且两水平定位的误差 相互独立且服从相同的正态分布，可得两水平坐标联合概率密度函数。 为探究最大投弹 命中概率与投弹落点平面坐标(t,s)及定深引信引爆深度d的关系，本问以(t,s,d)作为决 策变量，根据定深引信引爆深度d与潜艇中心位置深度定位值h的不同关系分别讨论5 种情形，得到每种情形的命中概率表达式，最终得出投弹命中概率与投弹落点坐标及引 爆深度的一般关系，分析得到当h 1 H < d < h_0 + H时，才可能有概率最大的投弹方 2 2 案，此时获得投弹最大命中概率与投弹落点平面坐标的关系p…",cases/case-129.md,2024/D033_2024高教社杯全国大学生数学建模竞赛D题论文展示(D033)_[1977965].pdf
case-130,2024,E010,1977967,交通流量管控,预测 | 评价 | 优化 | 聚类 | 交通信号配时,K-Means | DBSCAN | 高斯混合模型 | XGBoost | 方差分析 | Webster信号配时 | 遗传算法,三种聚类结果对照 | 方差分析显著性检验 | XGBoost预测误差 | 管控前后对比,聚类划分交通流时段并用XGBoost估计各相位流量，比较Webster与遗传算法信号配时，估算节假日停车需求，并以前后交通指标评价临时管控。,证据方式为 ocr_sampled，论文 39 页；摘要可确认：针对问题一，首先进行数据整理与清洗，根据附件2中的数据，提取经中路-纬中 路交叉口的车流数据。 最后，筛选 检测器正常工作期间交叉口各相位历史数据，基于极限梯度提升树算法（XGBoost）对 经中路-纬中路交叉口各个相位的交通量进行估计，预测结果误差较小。 以工作日晚高峰期间为例，提取各交叉口流量数据， 方法一采用韦伯斯特（Webster）信号配时方法计算单点信号控制最优方案。 针对问题三，从附件2中提取五一期间所有车辆的行驶数据，包括车辆的出现时间、 位置、行驶方向和车牌号等信息。,cases/case-130.md,2024/E010_2024高教社杯全国大学生数学建模竞赛E题论文展示(E010)_[1977967].pdf
case-131,2024,E061,1977969,基于多目标优化的交通管理评估分析,评价 | 优化 | 聚类 | 仿真 | 强化学习,K-Means | 马尔可夫决策过程（MDP） | 深度Q学习（DQN） | 置信区间 | 粒子群 | 泊松分布,置信区间 | 肘部法 | 多次粒子群迭代 | 管控前后指标对比,以K-Means识别交通时段、粒子群估计方向流量，用MDP-DQN优化120秒周期信号配时；再以泊松需求估算临时车位，并比较管控前后流量、等待和车速。,证据方式为 ocr_sampled，论文 32 页；摘要可确认：基于该区域交通流量 数据，分析该镇主要道路的交通现状，交通优化方案已经成为相关部门的急需。 针对问题一，通过对交通监控数据的聚合处理，统计了经中路-纬中路交叉口不同 时间的总车流量。 用粒子群优化(PS0)2]算法分配每个时 段的车流方向比例，依据比例算出各方向(直行、左转、右转)的车流量，多次迭代粒子 群优化算法，最终得出期每个时段内各个方向的平均车流量（辆/时），低峰时段所有 数据的最高值30.65，最低值 9.99，均值20.34； 中峰时段所有数据的最高值 46.25， 最低值14.79，均值32.45;高峰时段所有数据的最高值371.17，最低值117.20，均值 269.08。,cases/case-131.md,2024/E061_2024高教社杯全国大学生数学建模竞赛E题论文展示(E061)_[1977969].pdf
case-132,2024,E218,1977971,基于Python语言的交通流量管控与预测分析,评价 | 优化 | 聚类 | 仿真 | 排队估计,排队模型 | K-Means | 遗传算法,信号配时仿真检验 | 管控前后指标对比,以K-Means划分峰谷时段并估算相位流量，用遗传算法优化交叉口绿灯和绿波带；排队论估算景区临时车位，再以前后指标评估五一管控。,证据方式为 ocr_sampled，论文 62 页；摘要可确认：针对问题一，为得到一天中各时段的相位车流量，首先对数据进行预处理，将未挂 车牌的车辆当作异常值处理，考虑到工作日、非工作日与节假日的影响，分析各路口交 通流量，并进行可视化，将不同时间段进一步细分为划分为低峰期、高峰期和平峰期， 然后建立K-均值聚类算法模型且运用方向流量公式估算直行和转弯车辆比例，最后使 用Python软件且结合公式模型计算出一天中三个时段的相位车流量（单位：pcu/h）： 工作日中的低峰期时段：由东向西方向直行、左转、右转的车流量分别为6754，2251， 2251； ……（具体详见5.1.5结果展示） 针对问题二，为得到两条主路上的车流最高平均速度，首先进行数据的预处理，利 用python软件将各交叉路口的总车流量进行可视化分…,cases/case-132.md,2024/E218_2024高教社杯全国大学生数学建模竞赛E题论文展示(E218)_[1977971].pdf
case-133,2025,A196,2022729,多情形下无人机烟幕遮蔽策略的建模与优化研究,优化 | 运动学建模 | 任务分配,粒子群 | 几何建模 | 变步长搜索 | 二分查找 | 差分进化 | 局部网格搜索 | 区间交集,敏感性分析 | 多起点搜索与粒子群对照 | 协同算法与差分进化对照,以运动学和布尔遮挡判据计算有效遮蔽区间，逐步优化单机单弹、单机多弹、多机单弹和多机多弹策略，并在高维情形先分配任务再优化投放参数。,证据方式为 ocr_sampled，论文 98 页；摘要可确认：在求解前，本文首先证明了有效遮蔽时间区间是一段连续的区间及只需判断圆柱体 上下两个底面圆周是否被完全遮蔽，即可判定整个圆柱体是否被完全遮蔽这两个结论， 大大增加了求解效率。 针对问题二：在无人机以及烟幕弹参数不知道的情况下，本问基于问题一的分析， 建立了以无人机航向、速度，烟幕弹投放、爆炸时间四个参数为决策变量，最大化有效 遮挡时间的单机单弹情况下的优化模型。 用差分进化算 法对三枚烟幕弹的投放与起爆点进行了优化，求解出最大有效遮挡时间是6.93586s，该 策略下的其余数据见附件 result1.xlsx。 针对问题四：不同于单无人机多干扰弹，多无人机单干扰弹不需要考虑投弹之间 的时间间隔，但需要考虑三枚导弹在时空上的协同，同样建立了以最大化有效…,cases/case-133.md,2025/A196_2025高教社杯全国大学生数学建模竞赛A题论文展示(A196)_[2022729].pdf
case-134,2025,B060,2022733,红外干涉法测量外延层厚度的建模分析,机理建模 | 参数反演 | 数值测量,牛顿迭代 | Drude 折射率模型 | Fresnel 反射模型 | 双光束干涉模型 | 多光束干涉修正 | 样条插值波谷周期法 | G值判据,波谷周期法与牛顿反演交叉印证 | G值检验 | 机器学习检验,由红外反射条纹反演外延层厚度，以波谷周期显式计算和牛顿迭代拟合两条路线交叉印证，再用G值判断并修正多光束干涉影响。,证据方式为 ocr_sampled，论文 72 页；摘要可确认：对于问题一，该方案首先基于碳化硅和硅的先验折射率物理模型和双光 束于涉的反射强度公式，设计了一个基于Drude折射率模型、给出了直接计 算外延层厚度的公式 对于问题二，在基于折射率和反射强度公式建立的模型上，设计了两个求 解路线(1)周期波谷直接计算法:通过反射率表达式给出的理论震荡周期和厚 度d的关系建立d的显式表达式，在附件1、2测得的反射率曲线上通过样条 插值取出准确极值点坐标值，计算多组厚度d并用统计方法给出最终厚度计 算值为 7.544μm (2) 牛顿迭代反演法: 以已经建立的反射率表达式 Rd 作为依 赖厚度d参数曲线，通过用牛顿迭代拟合 Rd与实验测得的反射率曲线，给 出厚度d 的迭代解为； 7.295μm作为直接计算值 7.544…,cases/case-134.md,2025/B060_2025高教社杯全国大学生数学建模竞赛B题论文展示(B060)_[2022733].pdf
case-135,2025,B157,2023197,碳化硅外延层厚度的双光束和多光束干涉法测量研究,机理建模 | 参数反演 | 光谱数据处理,傅里叶变换 | 非线性最小二乘 | 随机梯度下降 | Cauchy 色散模型 | Airy 多光束干涉模型 | Fresnel 反射模型 | AsLS去趋势 | Savitzky-Golay平滑 | 双角度联合拟合,误差分析 | 正态性检验 | 一致性检验 | 残差均方根误差 | 系统敏感性分析,建立双光束和Airy多光束干涉反射率模型，经光谱重采样、去趋势和平滑后，以FFT给厚度初值，再用双入射角联合最小二乘反演厚度及色散参数。,证据方式为 ocr_sampled，论文 67 页；摘要可确认：针对问题二：基于问题一模型，对碳化硅晶圆片在入射角10°和15°的实验数据进 行厚度反演。 首先对光谱数据进行等间距重采样，裁剪1000cm-1以下低波数干扰区。,cases/case-135.md,2025/B157_2025高教社杯全国大学生数学建模竞赛B题论文展示(B157)_[2023197].pdf
case-136,2025,C023,2022736,基于混合效应模型的NIPT时点优化与胎儿异常判定,预测 | 优化 | 异常分类,动态规划 | 回归 | 线性混合效应模型（LMM） | 潜在风险最小化 | 经验零分布 | FDR多重检验校正,拟合优度（R²） | 交叉验证 | 误差分析,用LMM描述重复测量下胎儿浓度与孕周/BMI关系，以动态规划分组并最小化检测失败与延迟风险；女胎采用经验零分布、FDR和质控门限判定异常。,证据方式为 ocr_sampled，论文 122 页；摘要可确认：本文基于临床数据，构建了混合效 应模型与孕妇潜在风险最小的优化模型相结合的优化框架，系统研究NIPT检测时点优 化与胎儿染色体异常判定问题。 针对问题二，本研究以男胎Y染色体浓度最早达标时间（FF≥4%)为核心，构建 孕妇潜在风险最小化的优化模型，充分考虑孕妇检测失败风险、时间风险，利用动态规 划算法对BMI进行5段分组并确定最优检测时点。 三是制作了交互网页，为孕妇 提供最优NIPT检测时间，切实推广模型应用。,cases/case-136.md,2025/C023_2025高教社杯全国大学生数学建模竞赛C题论文展示(C023)_[2022736].pdf
case-137,2025,C132,2022740,基于统计建模与元学习的NIPT检测决策优化与异常识别,预测 | 优化 | 分类,线性混合效应模型（LMM） | REML | 高斯过程回归（GPR） | 风险最小化分组优化 | 遗传算法 | MLP-LSTM-DeepHit 生存网络 | LightGBM | Optuna | 堆叠元学习 | Pearson 相关,随机效应必要性检验 | 随机截距正态性与同方差性检验 | ICC与AIC比较 | 分组/时点误差情景分析 | 三组独立验证集误差,在同一孕妇多次检测、BMI等个体差异和采血过早/过晚风险并存时，先估计Y染色体浓度随孕周的层次变化，再预测个体最早达标时点、优化分组检测方案，并完成女胎异常识别。,纵向重复测量与静态/时序异构特征并存；问题二摘要聚合为267位孕妇，问题四明确样本少且类别不平衡。模型选择与验证必须按孕妇分组切分，避免同一人的重复记录跨训练和验证集合。,cases/case-137.md,2025/C132_2025高教社杯全国大学生数学建模竞赛C题论文展示(C132)_[2022740].pdf
case-138,2025,D037,2022742,矿井突水水流蔓延模型与逃生方案,优化 | 网络/图论 | 动态传播仿真 | 应急路径规划,分情形巷道水流分配模型 | 事件驱动水位蔓延 | BFS广度优先搜索 | 动态网络Dijkstra,三种分配/封闭/断流情景复算 | 单突水点与双突水点结果对照 | 路径时刻表可行性检查,在二维/三维巷道网络中动态计算突水首次到达、0.3m危险水位与灌满时刻，并让矿工的逃生路径随单/双突水点和水位变化实时重规划。,巷道端点与巷道构成带长度、高程和连通关系的图；水流会因封闭、断流、汇合而重新分配，边的可通行性和通行代价随时间改变。摘要只覆盖规则和结果，完整水力参数与公式需回源核对。,cases/case-138.md,2025/D037_2025高教社杯全国大学生数学建模竞赛D题论文展示(D037)_[2022742].pdf
case-139,2025,E030,2022744,基于姿态识别的AI辅助智能体测研究,预测 | 评价 | 时序信号处理,线性插补 | Savitzky-Golay 滤波 | 一阶差分事件检测 | 三次多项式轨迹拟合 | 关节角度特征 | Spearman 相关 | 随机森林回归 | 线性回归,比例尺反算核对 | 成人/儿童分组相关对照 | 随机森林与多元线性回归误差比较 | 姿势调整前后指标对照,把视频人体关键点序列转为起跳/落地事件、滞空轨迹和姿态角度，识别影响立定跳远成绩的体质与动作因素，预测成绩并形成个体化动作建议。,视频关键点坐标、体质指标和跳远成绩多表关联；帧率统一为30fps，像素需用比例尺换算到真实距离。样本由少量运动者组成并混有儿童/成人，存在0值异常、人工修正、多重共线性和主体异质性。,cases/case-139.md,2025/E030_2025高教社杯全国大学生数学建模竞赛E题论文展示(E030)_[2022744].pdf
