plan_kwh,charge_kwh,discharge_kwh,spill_kwh,soc_start_kwh,soc_end_kwh,load_kwh,pv_kwh,emergency_kwh,price
1406.6410999999998,833.33333333333326,0,0,6000,6750,573.30776666666657,0,0,0.42480000000000001
1406.3298666666665,833.33333333333326,0,0,6750,7500,572.99653333333333,0,0,0.42449999999999999
1407.3838499999999,833.33333333333326,0,0,7500,8250,574.05051666666668,0,0,0.4269
1409.07395,833.33333333333326,0,1.1368683772161603e-13,8250,9000,575.7406166666666,0,0,0.42720000000000002
1409.8045499999998,833.33333333333326,0,0,9000,9750,576.47121666666658,0,0,0.42709999999999998
576.64001666666661,0,0,0,9750,9750,576.64001666666661,0,0,0.42849999999999999
577.85969999999998,0,0,0,9750,9750,577.85969999999998,0,0,0.43109999999999998
577.99386666666669,0,0,0,9750,9750,577.99386666666669,0,0,0.43020000000000003
911.16138333333333,333.33333333333331,0,5.6843418860808015e-14,9750,10050,577.82804999999996,0,0,0.4279
580.41544999999996,0,0,0,10050,10050,580.41544999999996,0,0,0.43120000000000003
582.51401666666663,0,0,0,10050,10050,582.51401666666663,0,0,0.43330000000000002
583.07404999999994,0,0,0,10050,10050,583.07404999999994,0,0,0.43109999999999998
584.20491666666658,0,0,0,10050,10050,584.20491666666658,0,0,0.42930000000000001
585.43978333333325,0,0,0,10050,10050,585.43978333333325,0,0,0.43240000000000001
586.14474999999993,0,0,0,10050,10050,586.14474999999993,0,0,0.43669999999999998
586.3207666666666,0,0,0,10050,10050,586.3207666666666,0,0,0.43480000000000002
586.42529999999999,0,0,0,10050,10050,586.42529999999999,0,0,0.4335
586.84960000000001,0,0,0,10050,10050,586.84960000000001,0,0,0.43569999999999998
587.82101666666665,0,0,0,10050,10050,587.82101666666665,0,0,0.43740000000000001
589.54756666666663,0,0,0,10050,10050,589.54756666666663,0,0,0.43709999999999999
590.81346666666661,0,0,0,10050,10050,590.81346666666661,0,0,0.43559999999999999
590.21311666666656,0,0,0,10050,10050,590.21311666666656,0,0,0.43530000000000002
591.06626666666659,0,0,0,10050,10050,591.06626666666659,0,0,0.436
593.36783333333324,0,0,0,10050,10050,593.36783333333324,0,0,0.43780000000000002
593.65968333333331,0,0,0,10050,10050,593.65968333333331,0,0,0.44009999999999999
592.78638333333333,0,0,0,10050,10050,592.78638333333333,0,0,0.43890000000000001
593.33786666666663,0,0,0,10050,10050,593.33786666666663,0,0,0.43640000000000001
596.67576666666662,0,0,0,10050,10050,596.77566666666667,0.099900000000000003,0,0.43930000000000002
597.78025000000002,0,0,0,10050,10050,597.81933333333336,0.039083333333333331,0,0.44219999999999998
595.16249999999991,0,0,0,10050,10050,595.21058333333326,0.048083333333333325,0,0.4395
590.60649999999998,0,0,0,10050,10050,593.71951666666666,3.1130166666666668,0,0.43330000000000002
589.48518333333334,0,0,0,10050,10050,598.56348333333335,9.0782999999999987,0,0.44390000000000002
578.45544999999993,0,0,0,10050,10050,596.6174166666666,18.161966666666665,0,0.43009999999999998
1383.6597833333331,833.33333333333326,0,0,10050,10800,581.01983333333328,30.693383333333333,0,0.37130000000000002
591.14019999999994,0,0,0,10800,10800,637.31656666666663,46.176366666666667,0,0.57079999999999997
3.4106051316484809e-13,0,668.25388333333285,0,10800,10057.495685185186,733.01211666666654,64.758233333333322,0,0.90990000000000004
0,0,655.4553333333339,5.6843418860808015e-13,10057.495685185186,9329.2119814814814,742.33538333333331,86.880049999999997,0,0.93679999999999997
4.5474735088646412e-13,0,616.50403333333293,1.1368683772161603e-13,9329.2119814814814,8644.2075000000004,728.63198333333332,112.12795,0,0.87580000000000002
1.1368683772161603e-13,0,591.45448333333331,0,8644.2075000000004,7987.0358518518524,732.1588333333334,140.70434999999998,0,0.87590000000000001
1.1368683772161603e-13,0,557.48686666666651,1.1368683772161603e-13,7987.0358518518524,7367.6060000000007,730.76593333333324,173.27906666666667,0,0.86009999999999998
0,0,529.2397000000002,2.2737367544323206e-13,7367.6060000000007,6779.5618888888894,739.12928333333332,209.88958333333335,0,0.84419999999999995
0,0,502.47071666666687,2.2737367544323206e-13,6779.5618888888894,6221.2610925925928,753.90935000000002,251.43863333333334,0,0.83340000000000003
0,0,455.44356666666675,1.1368683772161603e-13,6221.2610925925928,5715.2126851851854,754.01201666666668,298.56844999999998,0,0.80920000000000003
0,0,410.06670000000003,0,5715.2126851851854,5259.5830185185187,757.64778333333334,347.58108333333331,0,0.79720000000000002
0,0,356.99678333333361,3.4106051316484809e-13,5259.5830185185187,4862.9199259259258,753.87363333333326,396.87684999999999,0,0.76439999999999997
0,0,283.36356666666688,2.2737367544323206e-13,4862.9199259259258,4548.0715185185181,730.55943333333335,447.19586666666669,0,0.68989999999999996
0,0,320.68411666666691,3.4106051316484809e-13,4548.0715185185181,4191.7558333333327,818.40998333333323,497.72586666666666,0,0.85999999999999999
0,0,418.42145000000011,1.1368683772161603e-13,4191.7558333333327,3726.8431111111104,966.62211666666656,548.20066666666662,0,1.1617
5.6843418860808015e-14,0,381.9107833333332,0,3726.8431111111104,3302.4977962962957,980.80433333333326,598.89355,0,1.1682999999999999
0,0,309.55635000000012,1.1368683772161603e-13,3302.4977962962957,2958.5462962962956,958.01188333333323,648.45553333333328,0,1.0955999999999999
5.6843418860808015e-14,0,264.61939999999998,1.1368683772161603e-13,2958.5462962962956,2664.5247407407401,961.50968333333333,696.89028333333329,0,1.0849
0,0,213.74080000000004,0,2664.5247407407401,2427.0349629629623,959.03508333333332,745.29428333333328,0,1.0609999999999999
0,0,178.55891666666685,1.1368683772161603e-13,2427.0349629629623,2228.6361666666658,970.69678333333331,792.13786666666658,0,1.0429999999999999
2.8421709430404007e-14,0,155.39211666666674,0,2228.6361666666658,2055.9782592592583,992.3766833333334,836.98456666666664,0,1.036
0,0,112.25950000000019,1.1368683772161603e-13,2055.9782592592583,1931.2454814814803,993.16160000000002,880.9020999999999,0,1.0146999999999999
1.4210854715202004e-14,0,64.396866666666583,0,1931.2454814814803,1859.6934074074063,988.25923333333333,923.86236666666673,0,0.99219999999999997
0,0,22.562249999999995,0,1859.6934074074063,1834.6242407407397,987.29713333333325,964.7348833333333,0,0.96999999999999997
3.907985046680551e-14,17.424066666666629,0,0,1834.6242407407397,1850.3059007407396,984.59766666666667,1002.0217333333333,0,0.94220000000000004
0,52.837766666666539,0,0,1850.3059007407396,1897.8598907407395,983.18769999999995,1036.0254666666665,0,0.95689999999999997
0,84.56241666666655,0,9.9475983006414026e-14,1897.8598907407395,1973.9660657407394,983.70326666666665,1068.2656833333333,0,0.99770000000000003
2.8421709430404007e-14,116.98358333333343,0,0,1973.9660657407394,2079.2512907407395,982.91321666666659,1099.8968,0,0.9919
1.1368683772161603e-13,146.66060000000016,0,0,2079.2512907407395,2211.2458307407396,981.12613333333331,1127.7867333333334,0,0.95879999999999999
0,173.52024999999989,0,2.8421709430404007e-14,2211.2458307407396,2367.4140557407395,978.91179999999997,1152.4320499999999,0,0.95489999999999997
1.7053025658242404e-13,201.0290833333334,0,5.6843418860808015e-14,2367.4140557407395,2548.3402307407396,976.3384666666667,1177.3675499999999,0,0.9839
0,225.40611666666638,0,1.7053025658242404e-13,2548.3402307407396,2751.2057357407393,974.16579999999999,1199.5719166666665,0,0.79900000000000004
8.5265128291212022e-14,244.00925000000015,0,0,2751.2057357407393,2970.8140607407395,973.17644999999993,1217.1857,0,0.50249999999999995
575.17091666666647,833.33333333333326,0,0,2970.8140607407395,3720.8140607407395,973.11838333333321,1231.2808,0,0.4662
0,272.63153333333321,0,0,3720.8140607407395,3966.1824407407394,970.57296666666662,1243.2044999999998,0,0.50070000000000003
3.979039320256561e-13,284.32098333333369,0,5.6843418860808015e-14,3966.1824407407394,4222.0713257407397,969.13220000000001,1253.4531833333333,0,0.48270000000000002
179.27717139917866,468.57863806584544,0,1.1368683772161603e-13,4222.0713257407397,4643.7921000000006,972.06584999999995,1261.3673166666667,0,0.47849999999999998
520.12451666666652,833.33333333333326,0,0,4643.7921000000006,5393.7921000000006,952.15016666666656,1265.3589833333333,0,0.4662
486.40289999999993,833.33333333333326,0,1.1368683772161603e-13,5393.7921000000006,6143.7921000000006,919.91011666666657,1266.8405499999999,0,0.44319999999999998
480.41244999999992,833.33333333333326,0,1.1368683772161603e-13,6143.7921000000006,6893.7921000000006,915.79844999999989,1268.7193333333332,0,0.44109999999999999
485.29999999999995,833.33333333333326,0,0,6893.7921000000006,7643.7921000000006,919.07539999999995,1267.1087333333332,0,0.4551
488.60696666666661,833.33333333333326,0,1.1368683772161603e-13,7643.7921000000006,8393.7921000000006,914.30483333333325,1259.0311999999999,0,0.44629999999999997
498.27073333333317,833.33333333333326,0,1.1368683772161603e-13,8393.7921000000006,9143.7921000000006,910.39379999999994,1245.4564,0,0.4113
0,304.55176666666574,0,7.3896444519050419e-13,9143.7921000000006,9417.8886899999998,927.68443333333335,1232.2361999999998,0,0.56820000000000004
0,264.50718333333293,0,4.5474735088646412e-13,9417.8886899999998,9655.9451549999994,954.29246666666654,1218.7996499999999,0,0.82789999999999997
0,242.50754999999924,0,6.8212102632969618e-13,9655.9451549999994,9874.2019499999988,956.58261666666669,1199.0901666666666,0,0.86360000000000003
0,223.07558333333264,0,5.1159076974727213e-13,9874.2019499999988,10074.969974999998,952.44726666666668,1175.5228499999998,0,0.84160000000000001
0,198.75931666666574,0,8.2422957348171622e-13,10074.969974999998,10253.853359999997,952.97508333333326,1151.7343999999998,0,0.86180000000000001
2.2737367544323206e-13,177.35981666666703,0,0,10253.853359999997,10413.477194999998,951.37476666666657,1128.7345833333334,0,0.86229999999999996
0,151.74029999999928,0,5.4001247917767614e-13,10413.477194999998,10550.043464999997,949.48636666666664,1101.2266666666665,0,0.90259999999999996
4.5474735088646412e-13,120.03503333333356,0,0,10550.043464999997,10658.074994999997,948.7163833333334,1068.7514166666665,0,0.97540000000000004
0,87.814449999999241,0,8.3844042819691822e-13,10658.074994999997,10737.107999999997,947.85484999999994,1035.6693,0,1.0002
2.4868995751603507e-13,53.624866666666797,0,0,10737.107999999997,10785.370379999997,946.49366666666674,1000.1185333333333,0,0.99780000000000002
0,16.255133333333003,0,4.4408920985006262e-13,10785.370379999997,10799.999999999996,944.90846666666653,961.16359999999997,0,1.0270999999999999
7.496225862269057e-13,0,23.781366666665964,0,10799.999999999996,10773.576259259256,944.03246666666666,920.25109999999995,0,1.0906
0,0,67.320016666667286,4.5474735088646412e-13,10773.576259259256,10698.776240740737,945.45018333333337,878.13016666666658,0,0.93759999999999999
112.08986666666669,0,0,0,10698.776240740737,10698.776240740737,947.04239999999993,834.95253333333324,0,0.6694
266.73269362140309,112.47084362140312,0,0,10698.776240740737,10800,944.83658333333335,790.57473333333337,0,0.66000000000000003
197.52351666666664,0,0,0,10800,10800,942.72751666666659,745.20399999999995,0,0.72170000000000001
244.81403333333321,0,0,0,10800,10800,942.84778333333327,698.03375000000005,0,0.73080000000000001
295.53461666666669,0,0,0,10800,10800,943.76679999999999,648.2321833333333,0,0.75339999999999996
345.77750000000015,0,0,0,10800,10800,944.87660000000005,599.09909999999991,0,0.7823
394.93148333333329,0,0,0,10800,10800,945.57944999999995,550.64796666666666,0,0.80549999999999999
445.4316500000001,0,0,0,10800,10800,945.16910000000007,499.73744999999997,0,0.82709999999999995
495.69658333333325,0,0,0,10800,10800,943.59876666666662,447.90218333333337,0,0.85189999999999999
547.11905000000002,0,0,0,10800,10800,944.3153666666667,397.19631666666669,0,0.87909999999999999
599.98543333333328,0,0,0,10800,10800,948.17286666666655,348.18743333333333,0,0.90239999999999998
635.4297499999999,0,0,0,10800,10800,933.94356666666658,298.51381666666668,0,0.9163
660.83068333333335,0,0,0,10800,10800,911.11873333333335,250.28805,0,0.9264
702.03693333333331,0,0,0,10800,10800,911.23231666666663,209.19538333333333,0,0.94620000000000004
738.06578333333334,0,0,0,10800,10800,910.78783333333331,172.72205,0,0.97419999999999995
775.94471666666664,0,0,0,10800,10800,915.40763333333337,139.46291666666667,0,0.98619999999999997
826.08325000000002,0,0,0,10800,10800,936.95513333333338,110.87188333333333,0,0.97599999999999998
762.42279999999994,0,0,0,10800,10800,848.53543333333323,86.112633333333321,0,1.0742
636.98261666666667,0,0,0,10800,10800,701.42813333333334,64.445516666666663,0,1.2313000000000001
531.89404999999817,0,109.2672500000017,0,10800,10678.591944444443,687.12684999999988,45.965549999999993,0,1.2561
678.83053333333328,0,0,0,10678.591944444443,10678.591944444443,709.32263333333333,30.492099999999997,0,1.2446999999999999
686.2684999999999,0,0,0,10678.591944444443,10678.591944444443,704.32539999999995,18.056899999999999,0,1.2544999999999999
696.50438333333329,0,0,0,10678.591944444443,10678.591944444443,705.55639999999994,9.0520166666666668,0,1.2522
0,0,704.63426666666714,5.6843418860808015e-13,10678.591944444443,9895.6649814814791,707.74374999999986,3.1094833333333334,0,1.2881
1.1368683772161603e-13,0,706.48403333333317,0,9895.6649814814791,9110.68272222222,706.52991666666662,0.045883333333333332,0,1.3466
5.6843418860808015e-13,0,707.40646666666601,0,9110.68272222222,8324.6755370370356,707.44473333333326,0.038266666666666664,0,1.3523000000000001
0,0,708.55300000000022,2.2737367544323206e-13,8324.6755370370356,7537.3944259259242,708.65311666666662,0.10011666666666666,0,1.3445
0,0,709.44688333333329,0,7537.3944259259242,6749.1201111111095,709.44688333333329,0,0,1.3483000000000001
5.6843418860808015e-13,0,711.2324499999994,0,6749.1201111111095,5958.8618333333325,711.23244999999997,0,0,1.349
0,0,711.66250000000025,2.2737367544323206e-13,5958.8618333333325,5168.1257222222212,711.66250000000002,0,0,1.3472999999999999
4.5474735088646412e-13,0,711.44503333333273,0,5168.1257222222212,4377.6312407407404,711.44503333333319,0,0,1.3482000000000001
0,0,713.70408333333341,1.1368683772161603e-13,4377.6312407407404,3584.6267037037032,713.7040833333333,0,0,1.3512999999999999
1.1368683772161603e-13,0,715.28414999999984,0,3584.6267037037032,2789.8665370370368,715.28414999999995,0,0,1.3400000000000001
0,0,715.22685000000001,0,2789.8665370370368,1995.1700370370368,715.22685000000001,0,0,1.3489
1.1368683772161603e-13,0,715.65303333333316,0,1995.1700370370368,1200,715.65303333333327,0,0,1.3952
715.86891666666656,0,0,0,1200,1200,715.86891666666656,0,0,1.2225999999999999
717.00511666666671,0,0,0,1200,1200,717.00511666666671,0,0,0.93320000000000003
720.16030000000001,0,0,0,1200,1200,720.16030000000001,0,0,0.90680000000000005
717.05486666666661,0,0,0,1200,1200,717.05486666666661,0,0,0.93710000000000004
720.44596666666666,0,0,0,1200,1200,720.44596666666666,0,0,0.93710000000000004
738.13471666666658,0,0,0,1200,1200,738.13471666666658,0,0,0.98709999999999998
671.69356666666658,0,0,0,1200,1200,671.69356666666658,0,0,0.77639999999999998
1393.7903166666665,833.33333333333326,0,0,1200,1950,560.45698333333326,0,0,0.4209
1384.8988999999999,833.33333333333326,0,0,1950,2700,551.56556666666665,0,0,0.38590000000000002
568.8260499999999,0,0,0,2700,2700,568.8260499999999,0,0,0.43680000000000002
1396.98855,833.33333333333326,0,1.1368683772161603e-13,2700,3450,563.65521666666666,0,0,0.41980000000000001
1397.7598666666665,833.33333333333326,0,0,3450,4200,564.42653333333328,0,0,0.41860000000000003
566.74743333333322,0,0,0,4200,4200,566.74743333333322,0,0,0.42409999999999998
1399.8737666666666,833.33333333333326,0,0,4200,4950,566.54043333333334,0,0,0.42370000000000002
567.83015,0,0,0,4950,4950,567.83015,0,0,0.42480000000000001
569.35863333333327,0,0,0,4950,4950,569.35863333333327,0,0,0.42399999999999999
1403.6635166666665,833.33333333333326,0,0,4950,5700,570.33018333333325,0,0,0.42199999999999999
904.94871666666654,333.33333333333331,0,0,5700,6000,571.61538333333328,0,0,0.42399999999999999
573.17683333333332,0,0,0,6000,6000,573.17683333333332,0,0,0.42709999999999998
574.12098333333324,0,0,0,6000,6000,574.12098333333324,0,0,0.42759999999999998
