date,strategy,soc_start_kwh,soc_end_kwh,original_cost_yuan,increase_cost_yuan,decrease_cost_yuan,emergency_cost_yuan,total_cost_yuan,original_plan_kwh,plan_kwh,increase_kwh,decrease_kwh,emergency_kwh,spill_kwh,emergency_intervals
2025-02-01,q3_no_refund_m7,9902.8112878703687,6322.5767936263146,20271.762314168624,0,0,0,20271.762314168624,38204.282127597791,38204.282127597791,0,0,0,4101.351482238746,0
2025-02-02,q3_no_refund_m7,6322.5767936263146,6606.9509767703139,55496.726980512532,380.04599910327602,0,0,55876.772979615809,88533.099235792033,88805.802682777663,272.70344698562542,0,0,5896.7101744864613,0
2025-02-03,q3_no_refund_m7,6606.9509767703139,6365.6900051503708,56970.734620880234,531.89877537972632,0,0,57502.63339625996,90522.691432250766,90798.741863297211,276.05043104644722,0,0,6592.001648362585,0
2025-02-04,q3_no_refund_m7,6365.6900051503708,6651.1050074931454,59497.012663822177,316.15081787201552,0,0,59813.163481694188,93867.363639853356,94095.014940372261,227.65130051892504,0,0,8285.2247017561695,0
2025-02-05,q3_no_refund_m7,6651.1050074931454,5880.2497625370897,51158.228883147705,3322.1306407841003,0,4222.5867524016148,58702.946276333416,82270.43064989199,85105.408346844866,2834.9776969528693,0,646.41651209799454,1317.862708352498,7
2025-02-06,q3_no_refund_m7,5880.2497625370897,5820.6556289625569,56433.545065893413,635.92655767334406,0,1131.2918743426324,58200.763497909385,89919.201708614084,90252.145516756806,332.94380814272358,0,211.72304203322818,5767.3368851525393,7
2025-02-07,q3_no_refund_m7,5820.6556289625569,5569.8309185588787,19936.732348251404,187.20383244371899,0,4370.5927150363077,24494.528895731433,39292.926189020764,39498.999842409226,206.07365338846046,0,854.67761866164938,4893.5384317453863,7
2025-02-08,q3_no_refund_m7,5569.8309185588787,5608.0233773790433,15958.314132665226,3526.2364014923942,0,7379.2448446423678,26863.795378799987,32382.853815756469,34992.958152428342,2610.1043366718736,0,1155.4697285062668,988.88236666666683,9
2025-02-09,q3_no_refund_m7,5608.0233773790433,5668.4717913123968,50015.053670772948,3879.1123565716871,0,4915.157398641496,58809.323425986135,81292.460571827207,84187.160630831015,2894.7000590038228,0,798.67063061341173,766.03302467123819,8
2025-02-10,q3_no_refund_m7,5668.4717913123968,5520.1280006685938,48384.070234910323,1417.7040417042872,0,4477.5527865563827,54279.327063171004,78555.488256735611,79332.570052465366,777.08179572975098,0,758.07784374080802,1590.8968762118768,10
2025-02-11,q3_no_refund_m7,5520.1280006685938,5782.7153278259293,48405.505400507689,989.99521561339725,0,11017.907360188106,60413.407976309201,78608.117309124849,79255.606986940358,647.48967781551141,0,1988.1095247718667,1231.5854146225229,17
2025-02-12,q3_no_refund_m7,5782.7153278259293,5867.9903377651071,50078.082375815386,705.70013141620041,0,2934.6966875975022,53718.479194829088,80958.147720917041,81328.982301242417,370.83458032536271,0,495.92225408711676,2064.3900913981633,9
2025-02-13,q3_no_refund_m7,5867.9903377651071,5978.3161324499479,46215.694820467586,1501.1262463405806,0,3136.9420873464414,50853.763154154607,75912.853771013775,76846.12156238695,933.26779137318613,0,511.58054890577029,1599.5150069517242,8
2025-02-14,q3_no_refund_m7,5978.3161324499479,5585.492130440869,16620.138878932841,1942.0626733834811,0,3966.6692473708827,22528.870799687204,33018.48806566486,34542.147104557989,1523.6590388931318,0,697.47500084437638,2250.6679231863191,11
2025-02-15,q3_no_refund_m7,5585.492130440869,5599.3714590516802,17091.911919823622,1575.3002579702693,0,3882.0630598383891,22549.275237632282,33486.484811752329,34779.660244799568,1293.1754330472347,0,726.6978360612278,2785.2744857829962,9
2025-02-16,q3_no_refund_m7,5599.3714590516802,5928.8254419992372,50695.590380360227,1027.7081435626449,0,2312.8726742096578,54036.171198132535,82277.534655846859,82814.271784000826,536.73712815396755,0,392.60699331271837,3114.0146127028775,6
2025-02-17,q3_no_refund_m7,5928.8254419992372,5785.5907753703905,50114.271709505789,1423.8711765383391,0,3197.9331929300333,54736.076078974162,81849.847323916707,82676.984901864605,827.13757794789888,0,501.06147767709092,8200.0614180480698,8
2025-02-18,q3_no_refund_m7,5785.5907753703905,5938.9038638037864,44475.638799112327,5491.9991438284487,0,1765.5134925243319,51733.151435465101,72781.661691780886,76603.311004433155,3821.6493126522682,0,286.91457283747093,521.6327059626044,8
2025-02-19,q3_no_refund_m7,5938.9038638037864,5726.2277060896313,45333.904296868284,3553.5291471584515,0,3709.1343964744851,52596.567840501215,73833.944899816925,76644.232656544074,2810.2877567271644,0,699.628547460562,199.51013235621213,16
2025-02-20,q3_no_refund_m7,5726.2277060896313,5930.3013245502352,46919.687005376611,2232.1874678460113,0,846.24732309119497,49998.121796313819,77240.61171383578,78798.485551311984,1557.8738374761992,0,169.88869475914976,3547.5851676211305,7
2025-02-21,q3_no_refund_m7,5930.3013245502352,5527.4252166578999,16274.950135407291,1997.5204906591673,0,1170.9200355930054,19443.390661659465,32408.46686158645,33944.886948949163,1536.4200873627096,0,231.36031966514122,5600.9775650934043,5
2025-02-22,q3_no_refund_m7,5527.4252166578999,5776.9463766764648,16982.624799998259,1850.6314737382172,0,610.50185685199824,19443.758130588478,33467.289301371376,34879.959813448339,1412.6705120769616,0,103.67933565892235,3462.1067784633101,3
2025-02-23,q3_no_refund_m7,5776.9463766764648,5945.033992948167,46544.332668009985,1374.3953166487127,0,1388.6230773813913,49307.351062040092,76577.84602701501,77506.85882258162,929.01279556661359,0,247.38575965652751,1625.0188516783592,10
2025-02-24,q3_no_refund_m7,5945.033992948167,5916.9556024100239,44953.210712029038,1438.9050027722074,0,981.49857167403047,47373.614286475276,72857.562552620569,74339.345962331921,1481.7834097113628,0,206.49241893963503,2244.5464939265512,6
2025-02-25,q3_no_refund_m7,5916.9556024100239,5817.3505455205686,45987.256024464979,1322.441064433774,0,1762.8753377045184,49072.572426603278,75583.137641720663,76471.606843454952,888.46920173429044,0,337.51109563525893,7168.8205863119765,12
2025-02-26,q3_no_refund_m7,5817.3505455205686,6197.1548402654016,42268.644288574629,4510.1993365941116,0,236.12947772694639,47014.973102895688,69818.20322490402,73807.467428509204,3989.264203605172,0,53.314466506239228,317.79032068577692,3
2025-02-27,q3_no_refund_m7,6197.1548402654016,6099.5173231452445,42598.972354384532,3223.5384246772128,0,1736.2591546352592,47558.769933696996,69949.727561145643,71929.808489283634,1980.0809281379838,0,285.40576009082338,1043.0303657109459,7
2025-02-28,q3_no_refund_m7,6099.5173231452445,5808.3792231080815,15898.449298334632,1307.120228582583,0,2090.4131458185634,19295.982672735776,31407.783882542113,32505.899826199813,1098.1159436577059,0,420.4704157003992,6675.8430117746602,7
2025-03-01,q3_no_refund_m7,5808.3792231080815,5932.9857597842774,17825.51290363411,159.81242551101062,0,1675.9253876987368,19661.250716843857,35366.129097056539,35474.063062214416,107.93396515787703,0,320.48579409769036,8829.2165480473013,7
2025-03-02,q3_no_refund_m7,5932.9857597842774,5894.8577687197212,47875.244125499652,1865.5119717621374,0,2075.6043241519096,51816.360421413701,78394.506651288597,79633.061969574221,1238.5553182856206,0,362.26044608018981,3314.1206013087544,7
2025-03-03,q3_no_refund_m7,5894.8577687197212,5838.1027217581304,49737.224688882154,1885.2358940006282,0,2445.7816316030744,54068.24221448585,81038.943786715652,82312.974853090127,1274.031066374469,0,427.45746203124224,6593.1725133921573,8
2025-03-04,q3_no_refund_m7,5838.1027217581304,5844.4058090600665,44201.444648048258,3830.9460888912313,0,803.02435398891544,48835.415090928407,72519.221640248303,75135.571608564496,2616.3499683161817,0,144.46706299185473,2052.6014038181415,8
2025-03-05,q3_no_refund_m7,5844.4058090600665,5893.8556565417512,46179.444255654191,838.16762278009628,0,1627.0249508861823,48644.636829320465,75985.504298830725,76472.721738003835,487.21743917309738,0,253.26431780589331,6625.2075551554772,7
2025-03-06,q3_no_refund_m7,5893.8556565417512,5760.5941863766111,42795.11834233642,1848.7032684525764,0,195.5384287857475,44839.360039574742,70567.682646774163,71696.473335630464,1128.7906888562909,0,42.750530621094114,1788.8242807335432,2
2025-03-07,q3_no_refund_m7,5760.5941863766111,5687.3842016403923,16354.501731704466,123.88397284703909,0,1276.8609198012196,17755.246624352723,31813.590900174524,31897.259540870866,83.668640696342209,0,264.88424195752054,8219.3972006995573,2
2025-03-08,q3_no_refund_m7,5687.3842016403923,5762.0138047941846,14755.24208529038,1923.3635535270114,0,1520.5389724442639,18199.144611261654,29178.930685058585,30626.728708903556,1447.79802384497,0,308.65975188550806,8767.3377673212999,13
2025-03-09,q3_no_refund_m7,5762.0138047941846,6026.5584869692366,43586.047807302006,1064.4838435846896,0,706.03993675765162,45356.571587644343,72535.674405527054,73088.992305868233,553.31790034117694,0,116.23314087931746,5411.6764887320269,5
2025-03-10,q3_no_refund_m7,6026.5584869692366,5835.4446871337213,41462.880287347522,3717.9549333435002,0,1548.454192818275,46729.289413509301,69246.677581612894,71961.30733548908,2714.6297538761992,0,229.6347377392504,80.360467812986712,3
2025-03-11,q3_no_refund_m7,5835.4446871337213,6091.6066382457211,36788.087056758624,7448.2902413119918,0,652.36856871751183,44888.745866788122,60815.968355446195,69158.389982682478,8342.4216272362773,0,113.3398367618889,786.81605798431383,4
2025-03-12,q3_no_refund_m7,6091.6066382457211,5766.175376234165,42107.228254648122,757.66773493038784,0,1132.1059436965763,43997.001933275082,69879.160403906717,70332.761722998024,453.60131909128313,0,174.32079055568249,4246.3234339731662,3
2025-03-13,q3_no_refund_m7,5766.175376234165,5934.1534117482224,42134.685723794297,2299.0696903075873,0,2526.3773340038356,46960.132748105723,70372.115660953859,72077.627012685756,1705.5113517318998,0,370.45076477619421,559.79354083229316,5
2025-03-14,q3_no_refund_m7,5934.1534117482224,5751.0127701277825,14124.655561302665,2044.766209160086,0,1298.524335371337,17467.946105834086,28028.767539424254,29633.645074676788,1604.8775352525333,0,239.60373461649675,10948.204525185545,3
2025-03-15,q3_no_refund_m7,5751.0127701277825,5638.802057006953,14203.816815176939,1699.967129219521,0,3270.1543665770919,19173.93831097355,28652.005626220147,29972.216822583043,1320.2111963628972,0,615.71665394089837,6728.8831646616591,10
2025-03-16,q3_no_refund_m7,5638.802057006953,6132.6992935422195,40942.956592259863,2361.0847866294416,0,7.4611800000004553,43311.502558889304,67803.810923501602,70276.353305564815,2472.5423820632063,0,1.6400000000001,2211.3893093412548,1
2025-03-17,q3_no_refund_m7,6132.6992935422195,6025.1545070688735,37285.384788697047,2589.9498392532723,0,678.86452911440665,40554.19915706473,63146.092204816174,64844.172653686823,1698.0804488706524,0,116.71400436565887,3120.0343967915533,4
2025-03-18,q3_no_refund_m7,6025.1545070688735,5819.5362699365551,42835.532553268691,1172.7344165429492,0,640.34311202528056,44648.610081836923,71089.443448727921,71821.698478428239,732.25502970031425,0,94.328362533303334,7155.1345520834739,2
2025-03-19,q3_no_refund_m7,5819.5362699365551,6118.293975487336,35513.687958353919,5330.4224527570386,0,0,40844.11041111096,58573.635091347132,64293.139126394322,5719.5040350471982,0,0,396.35742654857677,0
2025-03-20,q3_no_refund_m7,6118.293975487336,6068.4603613750933,40458.699642345833,1060.8793990779923,0,1972.6315274315771,43492.2105688554,66955.020876302937,67816.74787758998,861.72700128703582,0,398.20946740310751,1895.0101018079695,10
2025-03-21,q3_no_refund_m7,6068.4603613750933,5662.4282808490589,13891.423071791964,1437.0375901706598,0,2188.8009845695965,17517.261646532221,27508.195325752564,28667.839766018675,1159.6444402661084,0,448.35237645806052,14415.548917932621,11
2025-03-22,q3_no_refund_m7,5662.4282808490589,6241.5740893345373,15358.077722966485,141.94961142104472,0,0,15500.027334387531,30073.9759401556,30178.679862849323,104.70392269372624,0,0,10712.89990173638,0
2025-03-23,q3_no_refund_m7,6241.5740893345373,6124.5883972704323,41140.04906842424,670.24824780429935,0,1655.9892786270241,43466.286594855563,68450.276568560803,68801.464246710966,351.18767815016565,0,251.36149732909399,6542.688558328131,4
2025-03-24,q3_no_refund_m7,6124.5883972704323,5739.538111765557,38454.915924918154,1510.4049130989713,0,0,39965.320838017127,64369.066119321724,65479.96026879728,1110.8941494755632,0,0,3771.7918627622325,0
2025-03-25,q3_no_refund_m7,5739.538111765557,5926.6799244983122,42759.437452532744,645.37732091330622,0,2032.1269853348908,45436.941758780944,71516.302253791931,71853.811481195007,337.50922740307999,0,341.34608385128922,7080.3875666240056,5
2025-03-26,q3_no_refund_m7,5926.6799244983122,5889.1690482382983,36893.702429838944,1342.4384047342585,0,778.33824572782169,39014.479080301026,61392.783221011632,62526.017162023702,1133.2339410120671,0,111.68378964555038,3036.7134933411976,2
2025-03-27,q3_no_refund_m7,5889.1690482382983,5891.1724827704793,39263.912729987976,1018.9994104525302,0,192.95764785343752,40475.869788293945,65442.229564605885,66216.852124073979,774.62255946809501,0,48.187517204413552,3606.5747157095639,2
2025-03-28,q3_no_refund_m7,5891.1724827704793,5777.7728777028369,14257.207592929357,241.27973653619748,0,431.84047330114248,14930.327802766697,28497.216547979988,28698.145218253223,200.9286702732357,0,87.54423070896263,15029.56048083964,2
2025-03-29,q3_no_refund_m7,5777.7728777028369,5922.3561136387752,13455.948484194572,1571.5177082242949,0,1950.415702740625,16977.881895159491,27592.092289658249,28724.838928199926,1132.7466385416747,0,338.87230616829623,18203.695538918932,7
2025-03-30,q3_no_refund_m7,5922.3561136387752,6078.610112559737,38572.158671510726,53.300422403682965,0,0,38625.459093914411,65112.846889504952,65140.527567899881,27.680678394931192,0,0,5652.1884380787678,0
2025-03-31,q3_no_refund_m7,6078.610112559737,6132.0843675418082,33605.174268318216,7366.8376964302361,0,639.49311790912589,41611.505082657583,55858.182195866306,64208.273879572669,8350.0916837063724,0,123.24149043226059,3332.6103830512211,6
2025-04-01,q3_no_refund_m7,6132.0843675418082,6060.8633836610143,40238.007160887159,1591.2551162201012,0,931.84165516185021,42761.103932269114,68554.7455830213,69634.95543713338,1080.209854112074,0,154.62633997077131,5882.4375016398972,3
2025-04-02,q3_no_refund_m7,6060.8633836610143,6033.1230468415251,38869.902637841376,1928.51229188551,0,1162.8370288983854,41961.251958625275,65549.761252243814,67276.830865421958,1727.0696131781569,0,174.26448918359648,3104.6186487207756,7
2025-04-03,q3_no_refund_m7,6033.1230468415251,6054.5033433319977,40164.165769277613,126.96164795077617,0,825.19311755958381,41116.32053478797,66601.063281201554,66666.773318181498,65.710036979932283,0,118.35488781673401,7144.5706726586432,2
2025-04-04,q3_no_refund_m7,6054.5033433319977,5856.2927827872863,13012.695493767385,880.85668569230825,0,1426.1374906873048,15319.689670147,26521.183092140935,27233.338066666067,712.1549745251333,0,298.78814134898681,18221.449560649347,3
2025-04-05,q3_no_refund_m7,5856.2927827872863,5826.2512454698699,13123.460523330434,1749.3068949732856,0,956.67783057754218,15829.44524888126,26894.141360702033,28158.516366286982,1264.3750055849473,0,165.81181734277502,13258.034014830599,4
2025-04-06,q3_no_refund_m7,5826.2512454698699,6144.0390562333723,37133.856306707734,1144.4843909489136,0,582.60600511307109,38860.946702769725,63797.790626454509,64599.996600058483,802.20597360397915,0,109.69973359139601,5966.8351647871268,5
2025-04-07,q3_no_refund_m7,6144.0390562333723,5760.5862653424201,32060.703561517188,3560.7659962803455,0,830.81213582732482,36452.281693624856,54354.574590606593,57899.05176918277,3544.4771785761704,0,126.52902629526564,1154.0633720637315,3
2025-04-08,q3_no_refund_m7,5760.5862653424201,5899.7157435996305,38047.235970219888,671.28968760259818,0,1639.6529431861236,40358.178601008607,64023.88236898277,64429.538198772279,405.65582978951238,0,263.25332026906005,6316.8562097093845,4
2025-04-09,q3_no_refund_m7,5899.7157435996305,5918.108205580671,37047.344097212648,1805.9280010031148,0,732.900710696793,39586.172808912554,62617.94637853634,64549.846993116822,1931.9006145804788,0,113.82186068367685,1470.8472591107502,3
2025-04-10,q3_no_refund_m7,5918.108205580671,6153.4659273097168,36321.457270326166,1082.4501887916108,0,1320.6483128939979,38724.555772011779,60495.344853870934,62055.763386006765,1560.4185321358354,0,225.71540414052643,3541.6974861486487,5
2025-04-11,q3_no_refund_m7,6153.4659273097168,5608.2411037047159,11984.105550670331,2225.0222081547772,0,1854.4765176190635,16063.604276444168,24968.446150589793,26644.059503894678,1675.6133533048887,0,386.67837476978286,19168.87150128197,2
2025-04-12,q3_no_refund_m7,5608.2411037047159,5938.6841300602464,13618.433209347859,233.93759762271537,0,243.50383908169658,14095.874646052271,27493.505983129595,27669.86008862712,176.35410549752592,0,49.337217927605423,15353.332865628961,1
2025-04-13,q3_no_refund_m7,5938.6841300602464,6135.3436960427134,33744.358069429742,2426.5748131943146,0,680.43797567871866,36851.370858302776,57380.627363994252,58697.733082261599,1317.1057182673487,0,125.80760778565821,434.76318372282685,5
2025-04-14,q3_no_refund_m7,6135.3436960427134,5975.5003098556117,35921.676039455808,0,0,2778.7903455218375,38700.466384977641,60371.014671437122,60371.014671437122,0,0,406.79152006385516,4689.5533301174846,3
2025-04-15,q3_no_refund_m7,5975.5003098556117,6213.1980409802372,31285.644046407771,3909.5922330541143,0,1009.9194679584032,36205.155747420285,53011.38375167198,56687.073125817129,3675.6893741451458,0,162.45680384084991,2651.2970240723944,5
2025-04-16,q3_no_refund_m7,6213.1980409802372,5911.5434505903277,34037.158005470759,2836.9058150820078,0,1402.6079927868802,38276.67181333965,58700.507402931893,61115.04541353933,2414.5380106074349,0,238.05257408319079,1987.2582907973158,6
2025-04-17,q3_no_refund_m7,5911.5434505903277,6092.5211100007491,32134.576036951134,4097.3544658378032,0,1751.0713576061935,37983.001860395132,53274.164396600507,58362.232949608842,5088.0685530083338,0,254.0748889049222,1756.0888429627475,2
2025-04-18,q3_no_refund_m7,6092.5211100007491,6005.4969654052011,12237.684887451946,1236.2952607043742,0,1205.2678322154134,14679.247980371734,25474.244347915526,26443.942318520581,969.6979706050513,0,255.20076806412408,17379.986162477253,2
2025-04-19,q3_no_refund_m7,6005.4969654052011,5929.3815487592456,11773.977122219783,1235.8595988906636,0,1483.0082250887076,14492.844946199155,25152.301273305966,26068.305872038909,916.00459873294221,0,300.47780875062455,16587.406912527113,1
2025-04-20,q3_no_refund_m7,5929.3815487592456,6066.8449531272636,32079.402839533614,2052.4837889977107,0,97.668054119127746,34229.554682650458,54218.208434022046,56383.332925141563,2165.1244911195131,0,14.000581152397899,201.24186919612453,1
2025-04-21,q3_no_refund_m7,6066.8449531272636,5886.8138425292473,34066.895114521496,0,0,1872.2902081992581,35939.185322720761,58042.880560812846,58042.880560812846,0,0,301.9916182280399,6366.0174710482452,6
2025-04-22,q3_no_refund_m7,5886.8138425292473,5858.9438837486896,31060.986754425128,3976.7465204071455,0,260.19705509873796,35297.930329931012,52819.156035822059,57183.048665038368,4363.8926292162987,0,52.305891541081927,1238.0046686538963,3
2025-04-23,q3_no_refund_m7,5858.9438837486896,6128.9008968694698,29774.345024060072,4771.5594504208884,0,1027.0968877238124,35573.00136220477,50596.304684195202,55427.610102505423,4831.3054183102249,0,161.2498721325754,237.23038472622454,4
2025-04-24,q3_no_refund_m7,6128.9008968694698,5997.7853486203494,30385.614257222143,1504.8774056044556,0,1843.4117277890396,33733.90339061564,51397.605750101924,52484.021454882604,1086.4157047806775,0,301.69836206961969,2127.2684879637113,5
2025-04-25,q3_no_refund_m7,5997.7853486203494,5659.7881388846581,11671.301070402782,724.19209803344597,0,2031.9616391066222,14427.45480754285,24375.010968950726,24934.658923400588,559.64795444986089,0,413.86143648304875,20618.133528621915,3
2025-04-26,q3_no_refund_m7,5659.7881388846581,5835.5283913326584,11931.129480450752,918.79671243819575,0,2275.1896929871014,15125.11588587605,25192.054041866813,25886.723043279882,694.66900141306519,0,465.31202720481554,23078.187290767801,5
2025-04-27,q3_no_refund_m7,5835.5283913326584,6046.2315834801311,29694.947479910654,5418.5782614905111,0,2267.8841256355713,37381.409867036738,50545.784405818617,54728.856517813416,4183.0721119948003,0,342.28158290311814,2655.1162287299085,5
2025-04-28,q3_no_refund_m7,6046.2315834801311,6042.702670457169,35556.494249353884,2627.6145537281204,0,1360.4208278242711,39544.529630906269,61294.965247854445,64360.148401673061,3065.1831538186088,0,219.29952031088817,4107.4792030876497,4
2025-04-29,q3_no_refund_m7,6042.702670457169,6340.388597310699,30113.088684756651,2746.6060014381819,0,2351.23451881557,35210.929205010405,50891.749167748305,52696.123049248868,1804.3738815005697,0,337.04623262837873,1844.3254781329692,1
2025-04-30,q3_no_refund_m7,6340.388597310699,6007.8383916223274,29459.017978064185,2532.4565743055864,0,2121.4944443872728,34112.968996757045,49017.338875661088,50931.888053829032,1914.5491781679395,0,345.2736798657441,82.957823309413698,5
2025-05-01,q3_no_refund_m7,6007.8383916223274,5285.575572772088,30803.079437507826,3489.5421824161258,0,11579.670559111748,45872.2921790357,51395.86653275857,53872.7166541318,2476.8501213732325,0,1805.3801143151527,1847.1020381422964,9
2025-05-02,q3_no_refund_m7,5285.575572772088,5219.9840527596325,12917.779087090774,1549.73010764733,0,9915.5813889098736,24383.090583647976,26245.645737280553,27416.596965001721,1170.9512277211702,0,1719.4928134037903,11912.100293098678,9
2025-05-03,q3_no_refund_m7,5219.9840527596325,5456.5185896277435,11809.540282695292,1588.074789387234,0,13427.047414870714,26824.662486953242,25274.637338514767,26385.082634869221,1110.4452963544513,0,2226.1222145702977,16537.382400185012,10
2025-05-04,q3_no_refund_m7,5456.5185896277435,5290.5792612903533,30390.773263336603,1672.2692896961546,0,14572.249901375755,46635.292454408511,52037.468668251051,52941.295348457061,903.82668020600477,0,2346.0658229484261,112.38878589533164,10
2025-05-05,q3_no_refund_m7,5290.5792612903533,5113.2108400673651,31810.23737791253,3993.5327576553614,0,14067.752020318307,49871.522155886196,53869.334869018676,56463.903988613922,2594.5691195952477,0,2217.6954463079655,55.950887106659934,11
2025-05-06,q3_no_refund_m7,5113.2108400673651,4966.9811992339073,27874.806091304104,7889.7652617511358,0,16604.799918347711,52369.371271402953,47660.41400410104,53641.749128226598,5981.335124125555,0,2769.3351093649167,23.241541599570294,17
2025-05-07,q3_no_refund_m7,4966.9811992339073,5814.1010929893673,33795.79031646729,4080.5082785517448,0,6720.3099436982238,44596.608538717257,56324.482380816058,60858.83739332758,4534.3550125115235,0,1020.156172326257,2102.0359636385629,8
2025-05-08,q3_no_refund_m7,5814.1010929893673,6719.8883500426155,38046.14667955687,1580.0098799535781,0,243.22893262500051,39869.38549213545,64094.939069638967,65094.181484002671,999.24241436370392,0,35.999250000000075,4679.7736354113658,1
2025-05-09,q3_no_refund_m7,6719.8883500426155,6584.6891882322252,14633.72490967048,789.99858326443507,0,0,15423.723492934914,28415.748342359977,28929.57474912762,513.82640676764026,0,0,17462.011021695202,0
2025-05-10,q3_no_refund_m7,6584.6891882322252,6412.3674795548995,14639.336845792976,1331.1957112182927,0,0,15970.532557011269,28464.856800441506,29384.13858893561,919.28178849409915,0,0,14414.788164072192,0
2025-05-11,q3_no_refund_m7,6412.3674795548995,6399.7885474403183,35867.964155381007,2548.6678410077357,0,1387.3167944809145,39803.948790869654,60194.337234793617,62207.41011187392,2013.0728770803075,0,200.29134668710549,3376.504625223065,3
2025-05-12,q3_no_refund_m7,6399.7885474403183,6645.8481920879503,32325.438060482171,6664.5712826264198,0,0,38990.009343108584,52802.126832718837,60332.262556466274,7530.1357237474358,0,0,4854.203341230841,0
2025-05-13,q3_no_refund_m7,6645.8481920879503,6623.7986137413636,36979.980141283166,1907.1295361263997,0,0,38887.109677409564,62651.029955311809,64029.922859153623,1378.8929038418123,0,0,7521.7720645834652,0
2025-05-14,q3_no_refund_m7,6623.7986137413636,6320.8955749080724,35735.090685091214,2543.7396986279218,0,0,38278.830383719134,58512.326597382831,62204.838731515134,3692.5121341322974,0,0,5948.0804915310209,0
2025-05-15,q3_no_refund_m7,6320.8955749080724,6754.3595816531861,35435.067794983785,4144.1663315949281,0,0,39579.234126578711,56702.451450323111,62049.250272999801,5346.7988226766929,0,0,5193.6829145158217,0
2025-05-16,q3_no_refund_m7,6754.3595816531861,5408.601427009804,13346.917497711762,664.06225995612726,0,137.70005946708133,14148.679817134971,25745.000404759841,26256.186098676029,511.18569391618723,0,35.471421810170362,21751.753451139411,1
2025-05-17,q3_no_refund_m7,5408.601427009804,6113.1501793062653,14303.984925457406,951.43062470775953,0,1980.0796829747701,17235.495233139933,28122.710084673992,28726.002190566971,603.29210589297668,0,296.87649657792713,14828.765229566892,2
2025-05-18,q3_no_refund_m7,6113.1501793062653,6603.3603095006483,37124.645105403244,459.51960371499615,0,35.318698333333415,37619.483407451575,62399.978531487737,62685.068828709947,285.09029722222033,0,5.2366666666666788,4974.5460620899503,1
2025-05-19,q3_no_refund_m7,6603.3603095006483,5933.5617128936428,32881.685778958636,1149.0951334258323,0,986.24747561210233,35017.028387996572,54867.935034008908,55735.486908990053,867.55187498114537,0,145.17101494661537,5580.1853550741343,3
2025-05-20,q3_no_refund_m7,5933.5617128936428,5931.6069472772579,32954.59707447527,4009.2483503059566,0,1776.6868682923723,38740.5322930736,54666.996485078329,59447.680334928074,4780.6838498497473,0,257.35782900848528,1586.9789928900645,2
2025-05-21,q3_no_refund_m7,5931.6069472772579,5971.1113846521703,31508.49938416433,6551.404675332893,0,556.59781356467147,38616.50187306189,51067.709953400379,58241.921678293984,7174.2117248935992,0,110.26926554759268,3764.9496439716295,4
2025-05-22,q3_no_refund_m7,5971.1113846521703,6420.4170693658725,32663.841108757453,1267.1647884243955,0,2722.2951746757853,36653.301071857633,53563.830706831126,54516.370555179376,952.53984834824644,0,390.32255299251511,135.87041270721033,2
2025-05-23,q3_no_refund_m7,6420.4170693658725,6163.4475574177031,12644.439889367855,1998.8406721388067,0,2425.0715396234455,17068.352101130109,25460.407557331979,26909.027329603141,1448.6197722711602,0,407.07918141075356,18020.119201350568,2
2025-05-24,q3_no_refund_m7,6163.4475574177031,6179.3588761350593,14030.383021832686,144.99400947211302,0,0,14175.377031304801,27398.824380773629,27512.76887612477,113.94449535114458,0,0,20667.266759946,0
2025-05-25,q3_no_refund_m7,6179.3588761350593,6256.7809716973643,32640.723527914608,2327.1846330041335,0,1719.5036552659089,36687.411816184656,55062.781317214831,56625.056653656386,1562.275336441556,0,284.39964350784498,4929.2105999927007,3
2025-05-26,q3_no_refund_m7,6256.7809716973643,6025.0603049975089,32070.564692969849,5507.6822608477833,0,304.06455757635962,37882.311511393993,52320.867262895845,58814.933563299746,6494.0663004039016,0,56.239813908004514,1060.5579900278053,5
2025-05-27,q3_no_refund_m7,6025.0603049975089,6093.7035284540843,30966.248352133443,6328.3223630683133,0,477.10744302576859,37771.678158227522,50209.595836914763,57465.088082284456,7255.4922453696981,0,90.79620811041822,4800.4377274079789,2
2025-05-28,q3_no_refund_m7,6093.7035284540843,6296.2901739913596,33970.283579977928,1858.9718685909093,0,0,35829.255448568838,57358.327015367358,58764.756863026516,1406.4298476591521,0,0,2660.251304160734,0
2025-05-29,q3_no_refund_m7,6296.2901739913596,6058.0906671352823,33019.765088077598,6273.0660412446632,0,2648.1304707626568,41940.96160008492,55463.64422791457,62475.463342866235,7011.819114951667,0,425.55483448906392,5243.9166447236912,7
2025-05-30,q3_no_refund_m7,6058.0906671352823,5909.4025984381342,13414.396774828094,1143.2642702136495,0,0,14557.661045041743,26374.435635734248,27219.144762478878,844.70912674462875,0,0,17714.37496313775,0
2025-05-31,q3_no_refund_m7,5909.4025984381342,6033.0029419504826,14789.370872017143,0,0,677.52879493130865,15466.899666948453,28705.108571054101,28705.108571054101,0,0,110.83409045171089,17243.047706968176,1
2025-06-01,q3_no_refund_m7,6033.0029419504826,4812.4932375959543,42881.702823974054,3770.1341267897251,0,13294.97223925927,59946.809190023043,71836.622007979706,74503.084678059706,2666.4626700799922,0,2114.4035987966317,2638.2155863654716,17
2025-06-02,q3_no_refund_m7,4812.4932375959543,5047.0398150134342,47514.793188391188,2465.3860203423287,0,8531.4108109345761,58511.590019668081,78097.679722205561,79322.369170669583,1224.6894484640095,0,1343.5253271898771,7753.5130415262356,16
2025-06-03,q3_no_refund_m7,5047.0398150134342,5283.1234514628986,42133.820620523402,5675.1389416393113,0,9769.586284933881,57578.545847096597,70453.441941417826,75123.299903774634,4669.8579623567994,0,1583.5196404160181,4269.428671862016,15
2025-06-04,q3_no_refund_m7,5283.1234514628986,5256.0614279866913,50042.135838853297,825.96115535528759,0,8619.9610619002924,59488.058056108886,81987.597104184446,82398.985855728941,411.38875154450454,0,1367.5410431751261,10432.183640972027,15
2025-06-05,q3_no_refund_m7,5256.0614279866913,5083.8161017030561,42857.509597601675,5986.9046853987884,0,7893.3879717046766,56737.802254705137,71884.045109237442,76071.980132054974,4187.9350228175199,0,1226.6397566697822,2185.2994725844228,14
2025-06-06,q3_no_refund_m7,5083.8161017030561,5090.4320388557999,17907.909162400909,2862.7926357354308,0,10392.232541013091,31162.934339149429,32815.919472936032,34765.171827718281,1949.2523547822498,0,1649.8896965609897,2596.0022201253087,9
2025-06-07,q3_no_refund_m7,5090.4320388557999,5301.175806441147,18651.669569032078,2192.2164700628691,0,9330.0044008078839,30173.890439902832,36491.063597481538,37760.722006947151,1269.6584094656146,0,1440.9684598220881,5163.8253785136822,9
2025-06-08,q3_no_refund_m7,5301.175806441147,6931.7161481694102,46604.660240081183,3293.2350690200919,0,0,49897.895309101266,76518.866270509898,79481.853250611719,2962.9869801018194,0,0,9093.9488246346064,0
2025-06-09,q3_no_refund_m7,6931.7161481694102,6527.172979528088,51849.118958314226,0,0,749.38515812382821,52598.504116438053,82452.539514225107,82452.539514225107,0,0,110.58364775946586,8332.1074061604668,5
2025-06-10,q3_no_refund_m7,6527.172979528088,6585.69452118759,47581.676604182139,2091.153795043324,0,137.8228845815452,49810.653283807012,77093.542597882042,78820.054636095112,1726.512038213054,0,20.459465288031765,3009.4354521379446,3
2025-06-11,q3_no_refund_m7,6585.69452118759,6682.1297670886815,51831.786289198179,1661.7675969283071,0,224.79910941024295,53718.352995536727,82310.203401654144,83787.701043142559,1477.49764148842,0,33.36376348426154,3205.2518672468395,2
2025-06-12,q3_no_refund_m7,6682.1297670886815,7055.822953323931,50582.735332019016,738.96842687776461,0,0,51321.70375889678,80812.568245825227,81439.931417052925,627.3631712277089,0,0,4656.7185928063545,0
2025-06-13,q3_no_refund_m7,7055.822953323931,6323.3414934507928,20364.043942681819,125.67327311750286,0,0,20489.717215799326,35340.371822987407,35409.351160487407,68.97933750000152,0,0,4730.3463134577287,0
2025-06-14,q3_no_refund_m7,6323.3414934507928,6531.3790205301357,20933.734952584273,0,0,0,20933.734952584273,36300.129282764581,36300.129282764581,0,0,0,6922.6184692868501,0
2025-06-15,q3_no_refund_m7,6531.3790205301357,7137.2134964994966,46507.596144091382,4237.4843377774214,0,81.563626167152904,50826.644108035951,75056.469431158272,79760.033177936391,4703.5637467781198,0,12.093354016925332,4456.5933177783318,1
2025-06-16,q3_no_refund_m7,7137.2134964994966,6671.8022851619326,47764.148641963635,2724.9149485701196,0,261.76991190034283,50750.833502434092,76679.859707083655,79469.266591645632,2789.4068845619672,0,38.823192752363639,3107.5757953791244,2
2025-06-17,q3_no_refund_m7,6671.8022851619326,6509.2961230592628,48721.533379111177,4686.8887973122291,0,516.14154337202604,53924.563719795435,78579.320157332695,83109.035275506758,4529.7151181740646,0,75.954840015602372,4486.7197228557143,3
2025-06-18,q3_no_refund_m7,6509.2961230592628,6526.6452076762953,48535.408968727337,4740.6956941708386,0,424.84918910585139,53700.953852004037,78584.36503922136,83063.613503502536,4479.2484642811551,0,62.994889727688133,8422.0931308024046,3
2025-06-19,q3_no_refund_m7,6526.6452076762953,6151.295661170172,44850.030502555099,3996.8797325789155,0,1430.4779092578835,50277.388144391902,73121.120273556458,76576.488545185042,3455.3682716285903,0,231.64314468713377,5116.2968160429737,9
2025-06-20,q3_no_refund_m7,6151.295661170172,6051.6392239042116,19674.673858485206,0,0,0,19674.673858485206,33902.561033152073,33902.561033152073,0,0,0,8560.9933478046587,0
2025-06-21,q3_no_refund_m7,6051.6392239042116,6757.0098841566369,19412.118386769682,120.42590841562381,0,0,19532.544295185311,34643.554777403282,34709.288364903281,65.733587499999317,0,0,11610.966800148786,0
2025-06-22,q3_no_refund_m7,6757.0098841566369,6371.8014798364047,42981.657479145149,4454.7566309605681,0,376.77544782672567,47813.189557932448,70866.430898951716,74607.815163250445,3741.3842642987443,0,55.684715546412576,3620.2866713182157,4
2025-06-23,q3_no_refund_m7,6371.8014798364047,5965.8150249238124,44477.091777163791,2351.4934865739392,0,446.78617727059088,47275.371441008319,71751.07034089425,74180.804376226457,2429.7340353322074,0,65.378443675526682,3464.6328491782788,3
2025-06-24,q3_no_refund_m7,5965.8150249238124,6492.9498319435579,52462.506464675156,604.43926496419772,0,215.00391718221763,53281.949646821566,84051.098688420432,84536.842810167873,485.74412174744009,0,31.852472637508754,3248.7601411292735,3
2025-06-25,q3_no_refund_m7,6492.9498319435579,6278.3829392326434,45210.354500573681,3560.8331549633685,0,251.39528218746034,49022.58293772451,74190.26013748796,77273.657994416673,3083.3978569287092,0,37.309105850781179,3131.770888763273,2
2025-06-26,q3_no_refund_m7,6278.3829392326434,6135.9248775731903,43673.066286332825,3823.9232313173948,0,797.34460756786189,48294.334125218083,70237.925803613325,74387.570034224598,4149.6442306112504,0,117.89611923394273,3240.4125128972082,5
2025-06-27,q3_no_refund_m7,6135.9248775731903,5961.379561889732,19150.379698137829,0,0,751.60281870572339,19901.982516843553,33862.128271111658,33862.128271111658,0,0,107.74122974565989,11351.490859486787,1
2025-06-28,q3_no_refund_m7,5961.379561889732,5812.6010677582099,18136.354527254349,405.70280000011138,0,249.23277376254384,18791.290101017003,32830.323652498373,33168.325436180938,338.00178368256257,0,54.049521540547012,8496.7026876534692,2
2025-06-29,q3_no_refund_m7,5812.6010677582099,6376.6787382624034,42287.308734978607,5587.9224059382095,0,175.59538976716419,48050.826530683982,69893.247287774633,74840.154588424601,4946.9073006499793,0,26.028692164934569,947.85564205783965,4
2025-06-30,q3_no_refund_m7,6376.6787382624034,5999.2829566679766,46108.678320570514,979.51617217771059,0,806.32478513046203,47894.519277878695,74801.085336966979,75444.40368280033,643.31834583333443,0,119.64369046264528,1982.7665831412512,4
2025-07-01,q3_no_refund_m7,5999.2829566679766,4868.3017832962087,39848.5576589923,18192.771834745974,0,17369.201972962499,75410.531466700777,65671.522009051434,78567.745683979214,12896.22367492778,0,2865.9618921714618,0,16
2025-07-02,q3_no_refund_m7,4868.3017832962087,6062.6365932634044,48498.535366394462,1124.9280944844743,0,1200.6690296463021,50824.13249052524,77830.337217203662,78708.001930536702,877.66471333305606,0,181.89632441539973,855.7092586356473,9
2025-07-03,q3_no_refund_m7,6062.6365932634044,5771.1865211495806,49636.490431628088,6389.8036694920811,0,6808.4028295503986,62834.696930670558,79736.146540383546,84936.783017893787,5200.6364775102375,0,1100.8301217160531,2534.8879098022962,13
2025-07-04,q3_no_refund_m7,5771.1865211495806,4816.4588999585339,19436.537661144328,3296.7658771436454,0,17285.78115162086,40019.084689908836,34737.971913252259,37089.443681905315,2351.4717686530525,0,3633.9798553265277,9772.4769493300319,23
2025-07-05,q3_no_refund_m7,4816.4588999585339,5133.3653129031072,20099.276881372098,5108.4797452486782,0,14814.318324818229,40022.074951439005,36639.829942829369,39781.742461317212,3141.9125184878503,0,2677.5921402856948,10399.526544969682,14
2025-07-06,q3_no_refund_m7,5133.3653129031072,5032.4746956787494,42363.791001444297,15889.250629878912,0,13158.043082834516,71411.08471415774,68474.436158912635,82029.749322962511,13555.313164049865,0,2090.2771449233996,161.40940460286811,15
2025-07-07,q3_no_refund_m7,5032.4746956787494,5061.0970952051639,41813.929791356306,8103.5895670057389,0,20296.813089992382,70214.332448354427,67941.407401190445,73749.157820010238,5807.7504188197845,0,3431.1625785313072,4.321865900802095,20
2025-07-08,q3_no_refund_m7,5061.0970952051639,6614.8805045037952,54489.008548992948,1257.2992266062847,0,702.27235886826475,56448.580134467498,87159.747786562613,88088.389895690634,928.64210912801684,0,103.00150814653045,7031.9238165900342,2
2025-07-09,q3_no_refund_m7,6614.8805045037952,7097.4837754136761,55236.955391485302,711.98322636084981,0,42.408092039967237,55991.346709886122,88114.226149659924,88548.527983856766,434.30183419683669,0,6.2891895155991051,10343.610093403089,2
2025-07-10,q3_no_refund_m7,7097.4837754136761,6916.7766681275652,51018.049467154357,2641.9820501349459,0,172.72652147196357,53832.758038761269,80579.539942880816,82597.902454097202,2018.3625112163709,0,25.648077411984787,6197.4175094305929,2
2025-07-11,q3_no_refund_m7,6916.7766681275652,6744.4762826447259,27261.421393391553,0,0,0,27261.421393391553,45303.174432554297,45303.174432554297,0,0,0,10064.864217125236,0
2025-07-12,q3_no_refund_m7,6744.4762826447259,6892.6008662868026,26422.163880029933,1495.8113145415596,0,0,27917.975194571492,44781.229282952379,45907.122275755755,1125.892992803379,0,0,11778.002918118707,0
2025-07-13,q3_no_refund_m7,6892.6008662868026,7380.2182220227678,56236.356277410552,0,0,254.55725850481963,56490.913535915373,87392.201478627714,87392.201478627714,0,0,37.825596310431479,14177.963938999479,2
2025-07-14,q3_no_refund_m7,7380.2182220227678,6821.776864025288,50703.827832434792,2301.4082790946909,0,167.15911840912787,53172.395229938615,81277.050163241132,83132.396687321016,1855.346524079871,0,24.826840696439604,8474.4550260209871,1
2025-07-15,q3_no_refund_m7,6821.776864025288,7703.2614211163409,54377.948751550291,319.75518080958398,0,0,54697.70393235988,86966.49152565343,87154.530464542317,188.03893888888922,0,0,9910.1219403155628,0
2025-07-16,q3_no_refund_m7,7703.2614211163409,6250.7506852317983,48296.194214613584,0,0,769.88328875224283,49066.077503365828,75638.1377828884,75638.1377828884,0,0,114.09335396633492,1428.8305776582192,4
2025-07-17,q3_no_refund_m7,6250.7506852317983,6372.0245111593549,48254.197667907778,4104.6082333134736,0,141.32743105927767,52500.133332280529,76930.038396803866,80576.447695881856,3646.4092990779836,0,20.610501744788735,3760.1854759336402,2
2025-07-18,q3_no_refund_m7,6372.0245111593549,5839.2604589852544,25287.707151219176,478.81074004524663,0,0,25766.517891264422,42391.196813348732,42757.70601798303,366.50920463429696,0,0,9009.4231264984701,0
2025-07-19,q3_no_refund_m7,5839.2604589852544,5995.2179849287295,26544.454074017274,136.28375656583452,0,0,26680.737830583108,44424.489122368876,44497.248868202209,72.759745833333966,0,0,14154.301726560765,0
2025-07-20,q3_no_refund_m7,5995.2179849287295,7082.4913261707306,51642.223106167126,1494.432779800097,0,0,53136.655885967222,83680.453746071318,84715.008662978391,1034.5549169070755,0,0,7655.6756346244738,0
2025-07-21,q3_no_refund_m7,7082.4913261707306,6501.5395977747075,51535.3497520854,463.63568044875348,0,169.41075254075514,52168.396185074904,81867.106250055949,82127.222193282112,260.11594322616247,0,24.284798242654119,4901.1244333419108,1
2025-07-22,q3_no_refund_m7,6501.5395977747075,6479.3106573354216,48668.559890330798,9597.4121676124414,0,719.56341727518247,58985.535475218421,77668.434151866561,87614.523184202262,9946.0890323357089,0,106.65517869868552,10102.641391768291,4
2025-07-23,q3_no_refund_m7,6479.3106573354216,6118.3542607419768,55317.254311855075,137.40111883666674,0,888.54447330893902,56343.199904000685,87575.333200914392,87648.826106469947,73.492905555555581,0,148.31041625166279,10242.061849951124,8
2025-07-24,q3_no_refund_m7,6118.3542607419768,6731.3114940469859,54832.357352408813,54.317559165437508,0,363.33079078056903,55250.005702354829,86906.644384820407,86933.668046096747,27.023661276337066,0,53.905832802161854,8957.923170484295,3
2025-07-25,q3_no_refund_m7,6731.3114940469859,5768.5064586921035,22665.118080769891,1713.0417518638142,0,2979.6488206649178,27357.808653298624,38618.835404583471,39920.442892974112,1301.6074883906342,0,493.0592867026005,11729.447808643583,7
2025-07-26,q3_no_refund_m7,5768.5064586921035,6067.9822158451643,23535.388705952042,1035.3232068282248,0,640.22651723478305,25210.938430015056,40934.464051379298,41638.682883127971,704.21883174867435,0,112.68536215839792,9907.6558206165955,5
2025-07-27,q3_no_refund_m7,6067.9822158451643,6560.1545706104216,49459.642689883549,4537.7279924969744,0,69.720145295248244,54067.090827675769,79740.185866746964,82903.60594477033,3163.4200780233687,0,10.354989647296634,4868.765487524679,1
2025-07-28,q3_no_refund_m7,6560.1545706104216,5996.2021902775277,50382.576656088233,2624.2224718352186,0,360.42517469377469,53367.224302617229,81005.754673671516,82880.39161986814,1874.6369461966356,0,65.266730957879531,1380.0187750135356,3
2025-07-29,q3_no_refund_m7,5996.2021902775277,6489.2674591641953,49590.890469271806,5254.6262413441764,0,783.71004348696749,55629.226754102943,79802.982864424746,85399.148467025458,5596.1656026006967,0,115.50696949766143,5003.4691967590952,4
2025-07-30,q3_no_refund_m7,6489.2674591641953,6223.8420850385019,44328.678667777189,9407.650403210655,0,208.19769062856057,53944.526761616406,70454.428858672327,80305.002802707517,9850.5739440351881,0,33.563040321415016,2540.9425188003579,5
2025-07-31,q3_no_refund_m7,6223.8420850385019,6082.1436426641276,46431.614831920306,6510.7209286383631,0,2716.4062366179187,55658.741997176592,75161.071458699415,80759.468266919008,5598.396808219577,0,403.23855717268145,2504.1977079500493,10
2025-08-01,q3_no_refund_m7,6082.1436426641276,5769.3106033288186,22564.108698300435,1504.9440644783492,0,5627.0466974248538,29696.099460203637,38351.280437265363,39491.253400711801,1139.9729634464343,0,1098.3622735591819,16588.464436211845,8
2025-08-02,q3_no_refund_m7,5769.3106033288186,6239.4539260891024,24431.794225194688,42.425785721666266,0,1062.4425919671155,25536.662602883465,41737.623680253273,41760.268621919939,22.644941666666455,0,166.65053829404076,17523.357334977864,3
2025-08-03,q3_no_refund_m7,6239.4539260891024,6213.5803448057713,41513.991196203424,2398.3432550345806,0,2973.7831244999306,46886.117575737939,65557.943862392291,67403.470151960297,1845.5262895680116,0,473.83838387790735,1391.649096163585,14
2025-08-04,q3_no_refund_m7,6213.5803448057713,6381.4590993439924,45232.61263261229,2356.6092226680703,0,492.70578627814444,48081.927641558505,70730.198672463361,74138.724975871635,3408.5263034082836,0,73.103733830309579,4913.5030430770303,3
2025-08-05,q3_no_refund_m7,6381.4590993439924,6587.8881761861967,44170.350632391288,3439.9028024420595,0,191.87435067359544,47802.127785506935,69612.382878731209,74053.211103124981,4440.8282243937865,0,28.450307443131578,4957.8344119997309,2
2025-08-06,q3_no_refund_m7,6587.8881761861967,5817.7551540037766,46981.684297351749,0,0,1747.3109775028188,48728.995274854569,72873.217441165238,72873.217441165238,0,0,321.74421767324753,2030.8074725725105,9
2025-08-07,q3_no_refund_m7,5817.7551540037766,6062.6414797529796,46967.42208348219,1752.1244819808333,0,1186.8704000225598,49906.41696548558,76438.803033079137,77720.940852523578,1282.1378194444444,0,172.62322548241593,10486.140405120992,5
2025-08-08,q3_no_refund_m7,6062.6414797529796,5809.9853880345645,22291.627049711045,690.84559348435164,0,1658.3803954878003,24640.853038683199,38557.13208486903,39066.86397463239,509.73188976335553,0,292.67946379236531,20788.176366806601,5
2025-08-09,q3_no_refund_m7,5809.9853880345645,5933.7670978475398,22934.568143002864,12.697492247639669,0,314.64475116664687,23261.910386417152,39596.678412623216,39606.509211900993,9.8307992777762649,0,72.084881926332443,17579.424006045087,3
2025-08-10,q3_no_refund_m7,5933.7670978475398,6471.9457428339574,45269.708218923304,0,0,349.78097026762555,45619.489189190936,71132.451038079089,71132.451038079089,0,0,51.071087346494892,1682.363076479925,2
2025-08-11,q3_no_refund_m7,6471.9457428339574,6173.7699926288024,44007.054480747123,2483.423929221814,0,982.64683950386234,47473.125249472796,70477.673188125496,72726.686993946467,2249.0138058209768,0,146.52364953272152,4786.3805826345179,8
2025-08-12,q3_no_refund_m7,6173.7699926288024,6407.2327537289748,46782.434796853398,2232.6031912136868,0,1946.2904067248087,50961.328394791897,75529.184193451074,77168.613065482015,1639.4288720309594,0,302.2459561723,5891.7453326906925,9
2025-08-13,q3_no_refund_m7,6407.2327537289748,6301.0786332912421,41522.28846106874,4388.4046698932698,0,2090.7481267685944,48001.441257730607,66440.470344915171,70640.224402397638,4199.7540574824452,0,327.36038673874714,1183.8423339694127,9
2025-08-14,q3_no_refund_m7,6301.0786332912421,6128.0525876778383,43811.326131346417,4268.8455980730305,0,2394.3895454766471,50474.561274896092,69043.017586542934,74342.822450859472,5299.8048643165266,0,419.7508326147381,5071.6744480235966,12
2025-08-15,q3_no_refund_m7,6128.0525876778383,5526.745170948554,22561.363855587766,2054.8390299347252,0,2053.0321780635386,26669.235063586035,38239.268128986034,39830.992157940535,1591.7240289544984,0,382.57788047999327,20577.870430694915,7
2025-08-16,q3_no_refund_m7,5526.745170948554,6026.4551087407117,24546.187169918794,1123.7998085869208,0,2741.4412037999359,28411.428182305652,41238.627525034186,42115.566287289228,876.93876225504118,0,398.33142960673354,22050.216083437168,2
2025-08-17,q3_no_refund_m7,6026.4551087407117,6229.8199146886445,45094.748083075196,2011.9462747071702,0,1666.3394287628594,48773.033786545231,72990.986965903241,74165.035604593431,1174.0486386901798,0,252.05642190654959,7308.3660814685882,7
2025-08-18,q3_no_refund_m7,6229.8199146886445,6201.6290812280422,44438.385756537566,1338.0857360551252,0,1516.3869570378261,47292.858449630512,70024.358506644319,71828.653536033235,1804.2950293889,0,225.05056210488013,3769.5471642478847,6
2025-08-19,q3_no_refund_m7,6201.6290812280422,6117.877560134164,44282.491154445568,334.61996586419264,0,1214.9597544492722,45832.07087475904,69902.524795740115,70099.093177144823,196.56838140470578,0,191.10526288533566,2342.2348448011335,5
2025-08-20,q3_no_refund_m7,6117.877560134164,5875.4442690887618,47211.820017120765,3076.5622109592405,0,1955.3503485213903,52243.732576601389,76705.089071522205,78834.64180566289,2129.552734140671,0,312.17547560665412,4671.8721510062987,10
2025-08-21,q3_no_refund_m7,5875.4442690887618,6046.3080144237711,45287.083431509018,1267.2366843164546,0,1852.0010569399146,48406.321172765383,72653.218722779202,73532.071561668097,878.85283888888671,0,275.2920921529186,4124.1878964672087,9
2025-08-22,q3_no_refund_m7,6046.3080144237711,5660.7260480907617,22319.052673710717,1873.9094157669369,0,6499.0231830325811,30691.985272510239,38022.088409261341,39444.742198866952,1422.6537896056029,0,1078.4165403286372,16618.354496016222,9
2025-08-23,q3_no_refund_m7,5660.7260480907617,5945.773356109803,22522.093254864536,1315.9822899545616,0,740.42274380367417,24578.498288622774,39538.492952808469,40425.183229139424,886.69027633095857,0,163.4300794724183,14811.228351745749,3
2025-08-24,q3_no_refund_m7,5945.773356109803,6170.1324428822973,43916.675345077216,1072.0852172822495,0,804.36062174556901,45793.121184105039,68585.054947586585,69212.063225362188,627.00827777558743,0,144.78382272926362,1399.8529939158079,6
2025-08-25,q3_no_refund_m7,6170.1324428822973,6055.5320931385877,57085.163713554328,251.98788166270802,0,616.66733715901535,57953.81893237606,90628.810746781412,90789.647846781416,160.83709999999974,0,91.446172518499793,16554.04143326397,3
2025-08-26,q3_no_refund_m7,6055.5320931385877,6510.0832686871518,44727.957331033547,1686.7206365851046,0,412.63839938911252,46827.316367007763,69649.203409926267,72136.576868343138,2487.3734584168842,0,59.643095175896406,2217.616496994875,4
2025-08-27,q3_no_refund_m7,6510.0832686871518,6080.7356474135722,43703.489055465761,7114.380898935683,0,1923.7250445842287,52741.594998985674,68590.754575765372,76606.836721327738,8016.0821455623627,0,330.1859720331725,5482.1042546980361,8
2025-08-28,q3_no_refund_m7,6080.7356474135722,6165.3884631063365,42485.112914991623,7486.1956983094642,0,2170.2205867935172,52141.529200094606,68132.743015682558,75521.198508634159,7388.4554929516062,0,387.78671875028817,893.36062170890864,8
2025-08-29,q3_no_refund_m7,6165.3884631063365,5703.2388975452741,24282.839370887981,559.35021683748357,0,555.03911121796898,25397.228698943436,40665.608131402507,41137.113260014376,471.50512861186616,0,92.666928119357749,16055.211788284834,3
2025-08-30,q3_no_refund_m7,5703.2388975452741,5827.8231596126534,23618.758290826147,744.93239456721562,0,1847.725673512268,26211.416358905633,40422.566223802118,40987.804656697364,565.23843289524257,0,297.75972654659404,19657.667422950053,8
2025-08-31,q3_no_refund_m7,5827.8231596126534,6715.1635020370932,44804.725498438456,2301.8798881108714,0,740.2403256814514,47846.845712230774,70158.305198890492,72962.360145604966,2804.0549467144779,0,108.48080368109811,1454.1427318042174,5
2025-09-01,q3_no_refund_m7,6715.1635020370932,9134.8857483825395,48283.986910674321,455.34733338275032,0,0,48739.33424405707,77776.444236536889,78118.504759592441,342.0605230555559,0,0,18870.751172010532,0
2025-09-02,q3_no_refund_m7,9134.8857483825395,7155.8549497545082,34508.730207023764,4714.520819202552,0,643.59574081747701,39866.846767043789,54225.157488513803,59678.539180575302,5453.3816920615072,0,126.83123926978324,4015.2819379954244,3
2025-09-03,q3_no_refund_m7,7155.8549497545082,6964.8075033133964,37366.710289305884,1205.7651932044546,0,0,38572.475482510337,59277.91623843975,60103.658599654344,825.74236121459171,0,0,1140.9032221812113,0
2025-09-04,q3_no_refund_m7,6964.8075033133964,6621.5993756752096,36408.30624887599,1439.9688445110662,0,5553.2973591739255,43401.572452560984,56378.149125602875,57553.322999187061,1175.1738735841855,0,993.74271200871783,1398.5325125078364,7
2025-09-05,q3_no_refund_m7,6621.5993756752096,5796.310559102285,15970.032654645453,1721.6272641908172,0,4060.6124383178567,21752.272357154125,28382.785867927098,29688.802716500868,1306.0168485737722,0,957.28456371789764,21524.683481467742,15
2025-09-06,q3_no_refund_m7,5796.310559102285,6855.5253188000988,17749.974069406871,708.79609214660729,0,1864.0796464041375,20322.849807957617,31816.459082991383,32382.050078675144,565.59099568376041,0,442.24296295479326,20913.838728645918,8
2025-09-07,q3_no_refund_m7,6855.5253188000988,7185.4481185362165,36014.278930912638,4897.0049011367037,0,3629.0649214351638,44540.348753484504,56049.8264115887,62017.98449986885,5968.15808828015,0,684.93028481614226,3806.2582351156962,5
2025-09-08,q3_no_refund_m7,7185.4481185362165,5110.3519263964172,31846.628933552511,8828.7018052224776,0,14464.694365646294,55140.025104421286,52312.707159394537,58848.763666532686,6536.0565071381443,0,2490.7143564442913,205.822133529236,16
2025-09-09,q3_no_refund_m7,5110.3519263964172,5432.9393185282552,30504.210046318283,8187.973303970768,0,16137.081792691062,54829.265142980119,49889.235962585684,55947.601840139178,6058.3658775535005,0,2704.7566852158657,1520.2608621277266,17
2025-09-10,q3_no_refund_m7,5432.9393185282552,5689.6733552358082,35945.689549377654,6656.4444278729097,0,11041.145315518919,53643.279292769483,60434.329778726882,64584.16682707813,4149.8370483512499,0,1988.5051502398974,1046.6760273060497,14
2025-09-11,q3_no_refund_m7,5689.6733552358082,5713.8989425475265,35942.251933540589,1653.9664861082456,0,11269.248396318069,48865.466815966902,58868.843519824193,59918.27122598252,1049.4277061583161,0,1960.3765820465528,4339.9873349145655,15
2025-09-12,q3_no_refund_m7,5713.8989425475265,5070.6195977798425,13587.282688740372,2996.2756181048485,0,12969.277876592314,29552.836183437532,25957.103680182085,28116.591987195825,2159.4883070137384,0,2900.8353685394122,17093.684927083537,20
2025-09-13,q3_no_refund_m7,5070.6195977798425,5489.4794022749502,14437.104216328134,4332.0326899927677,0,6443.8025349906356,25212.939441311541,27912.72719124717,30825.737992053648,2913.0108008064763,0,1095.2648479387526,20558.657586596553,15
2025-09-14,q3_no_refund_m7,5489.4794022749502,5340.2973735442374,38149.697159374206,2756.6160362406913,0,7613.3854829938373,48519.698678608736,63120.359675516855,64503.103194801632,1382.7435192847697,0,1214.6117989312843,1826.4653123677804,8
2025-09-15,q3_no_refund_m7,5340.2973735442374,5579.9389639718947,33521.396052780445,5173.7847825657364,0,11634.672167029436,50329.853002375618,54491.798344480136,58023.973836965582,3532.1754924854504,0,1948.6625613174615,773.79939290917923,17
2025-09-16,q3_no_refund_m7,5579.9389639718947,5459.7503428208629,38619.965446654372,2612.6861045288542,0,7271.1156386121193,48503.767189795341,64052.976610452301,65687.067773775896,1634.0911633235983,0,1219.6301034242179,3468.4083228592935,13
2025-09-17,q3_no_refund_m7,5459.7503428208629,5791.8175763444597,39744.329893673166,1120.4329720608359,0,1521.1560026986522,42385.918868432651,64370.385363815702,65300.755691983606,930.37032816791304,0,261.36780636501618,1162.6785489086037,8
2025-09-18,q3_no_refund_m7,5791.8175763444597,5835.8089337780411,35154.039946728692,7651.382329931821,0,4969.2584726102832,47774.680749270789,56817.613486194925,65023.261357572192,8205.6478713772685,0,819.6119445089613,2756.8255352291271,8
2025-09-19,q3_no_refund_m7,5835.8089337780411,5438.8051626137349,15761.048962703422,3120.5795717564783,0,3925.3023166542675,22806.930851114168,28889.433144937677,31282.809216935271,2393.3760719975908,0,705.31131124359922,13255.104487372839,17
2025-09-20,q3_no_refund_m7,5438.8051626137349,5866.1417498042556,16251.166479518033,2080.3865457400407,0,4936.8105677553967,23268.36359301347,30300.858084946798,31862.328466614596,1561.4703816678025,0,856.87818015355049,13612.819466255791,11
2025-09-21,q3_no_refund_m7,5866.1417498042556,6159.9835724227169,38044.103050369842,2481.7358326689764,0,3288.0476000651815,43813.886483104005,62396.252428869673,64613.355923942865,2217.1034950731964,0,542.87952663017745,2556.3733578435417,7
2025-09-22,q3_no_refund_m7,6159.9835724227169,5693.1566316395738,40774.336371903213,1462.2564088157717,0,4163.1877371853843,46399.780517904364,65821.002128899971,67026.114883409216,1205.1127545092604,0,758.44991697203068,3615.5010632860244,13
2025-09-23,q3_no_refund_m7,5693.1566316395738,6279.8692110708535,41424.010659746731,662.68953956147584,0,3351.3700102858047,45438.070209594014,67367.47946083243,67697.175749171467,329.69628833904267,0,593.72453073495922,1318.901292496314,12
2025-09-24,q3_no_refund_m7,6279.8692110708535,6033.3783241465862,36608.889112218014,6836.6811871047094,0,1108.9233248813389,44554.493624204057,58778.954477571082,64782.658038809423,6003.7035612383443,0,195.13785399334537,190.30038728679119,7
2025-09-25,q3_no_refund_m7,6033.3783241465862,5877.6659568399582,38745.848921907949,5049.3966618814848,0,1191.9221825056852,44987.167766295112,62434.101681477463,67390.425078420769,4956.3233969433059,0,250.35822189889799,3512.8268901954248,5
2025-09-26,q3_no_refund_m7,5877.6659568399582,5427.185224350229,16827.127789396036,1804.0519549960757,0,2149.7649190691482,20780.944663461261,30484.031872935728,31948.598473588387,1464.5666006526574,0,417.58807679231251,12071.817985663816,9
2025-09-27,q3_no_refund_m7,5427.185224350229,5478.6944084447214,16180.834087107323,3286.025551580602,0,6128.6083379947831,25595.467976682703,30333.703369807932,32894.47816213622,2560.7747923282805,0,1098.8024794426829,13120.757198206054,10
2025-09-28,q3_no_refund_m7,5478.6944084447214,6309.2408787189133,39603.035741106738,8343.1271776599642,0,39.561369166666708,47985.724287933364,64516.838660595058,73164.499014286441,8647.6603536913826,0,5.8683333333333394,4643.8474994184853,1
2025-09-29,q3_no_refund_m7,6309.2408787189133,5692.5193086517384,40968.114925064001,82.373238093669869,0,7116.5836589236897,48167.071822081365,65815.479741100105,65877.415606706636,61.935865606524089,0,1230.897806817165,852.49641363794547,13
2025-09-30,q3_no_refund_m7,5692.5193086517384,6128.9330479200426,41965.012494042472,3998.5041351058899,0,1460.1224435536417,47423.639072701997,66741.525407735404,70417.675285947364,3676.1498782119547,0,287.88798297027978,569.65253168462334,5
2025-10-01,q3_no_refund_m7,6128.9330479200426,7490.7590121739822,38403.459044344541,636.13770849861885,0,0,39039.596752843157,62356.058030170738,62865.096087405662,509.03805723492763,0,0,7873.9693174761778,0
2025-10-02,q3_no_refund_m7,7490.7590121739822,7112.4347075395053,39121.046875736232,309.40614991641428,0,884.42484523125779,40314.877870883902,63516.081128001373,63686.320737675313,170.23960967393907,0,175.85554850506907,8587.1868949299733,3
2025-10-03,q3_no_refund_m7,7112.4347075395053,6405.9129714987357,13771.838024189108,2924.1702789586202,0,813.52592412245053,17509.534227270182,26204.377943860498,28481.851648728327,2277.4737048678285,0,188.83841581013115,18417.290093377902,5
2025-10-04,q3_no_refund_m7,6405.9129714987357,7259.9971300624456,16786.559295525338,566.37875283777635,0,1415.6904340558485,18768.628482418964,31030.853362267648,31512.84633076749,481.99296849984262,0,356.75544884639442,14879.841583605203,5
2025-10-05,q3_no_refund_m7,7259.9971300624456,7851.3682453466527,40619.518871501321,771.5513730700136,0,0,41391.07024457134,66220.697225509968,66676.127307722665,455.43008221269326,0,0,7660.1784856859958,0
2025-10-06,q3_no_refund_m7,7851.3682453466527,7226.671111952407,35932.521105262298,4970.3833387520426,0,0,40902.904444014341,56799.516269664702,61056.189533703269,4256.6732640385708,0,0,232.13097776347797,0
2025-10-07,q3_no_refund_m7,7226.671111952407,7951.4775318269121,37677.571764400302,3230.0833887546196,0,0,40907.655153154927,60835.601458843346,63341.927672111597,2506.3262132682471,0,0,877.47706080298246,0
2025-10-08,q3_no_refund_m7,7951.4775318269121,5915.6016111775971,32646.850793403028,4873.3521295599949,0,5184.0735980658283,42704.276521028849,53654.324974126779,57343.298024803255,3688.9730506764822,0,875.27822472056368,50.01486471110411,12
2025-10-09,q3_no_refund_m7,5915.6016111775971,5937.5125039146433,40040.44605192764,675.20484907160949,0,3287.9965939513004,44003.64749495055,66482.653267945585,66837.310117898392,354.65684995280833,0,527.50169090153122,7648.4678661575317,8
2025-10-10,q3_no_refund_m7,5937.5125039146433,5202.0990517828604,14254.478304933225,2196.7511946185987,0,4065.2857243995418,20516.515223951366,27723.822371577728,29473.236920402371,1749.4145488246459,0,865.1625527516984,18693.474135839482,11
2025-10-11,q3_no_refund_m7,5202.0990517828604,5840.9177479527334,15256.985429276698,1196.1792723848043,0,2291.3015259995946,18744.466227661098,30473.980666184987,31400.733186606194,926.75252042120394,0,391.28958761867489,13873.726100668331,4
2025-10-12,q3_no_refund_m7,5840.9177479527334,5765.0297876252234,35459.758418723184,5406.7486948031165,0,2954.7039203316272,43821.211033857937,59494.903050562752,62779.889731414114,3284.9866808513607,0,459.22603261991628,801.16481491040088,8
2025-10-13,q3_no_refund_m7,5765.0297876252234,5902.190527732263,37499.825541679107,2570.9739980127679,0,2788.4966553744266,42859.296195066301,62413.160298866169,64289.754256056185,1876.5939571900176,0,456.13593724799767,3464.9800973963138,8
2025-10-14,q3_no_refund_m7,5902.190527732263,5905.9420836288318,39893.346023564605,1812.8315388848869,0,3027.1306607657716,44733.308223215266,66177.937953469678,67432.198362264127,1254.2604087944419,0,552.73447146343528,3075.3603111455964,9
2025-10-15,q3_no_refund_m7,5905.9420836288318,6001.7645388799274,41890.291846923195,871.57231837936183,0,1173.5013544681829,43935.365519770741,69016.890160513154,69580.733278191867,563.84311767870963,0,228.59324109692648,3607.8181118259699,8
2025-10-16,q3_no_refund_m7,6001.7645388799274,6026.5174010061392,39533.525666120055,3325.903293296421,0,2040.9426476986582,44900.371607115143,64700.339620315841,66891.139366231684,2190.7997459158469,0,337.68616678623744,123.92562508381877,8
2025-10-17,q3_no_refund_m7,6026.5174010061392,5446.8028771449044,13932.3302976249,3180.4016338173174,0,2818.5465901364742,19931.278521578686,27535.637237080424,30067.226790697016,2531.5895536165863,0,591.84998862615532,12163.965305304002,6
2025-10-18,q3_no_refund_m7,5446.8028771449044,5706.1364156003838,16051.022466614191,1241.8127856656458,0,386.64497715776639,17679.480229437606,30776.794135310534,31809.286169804916,1032.4920344943841,0,96.295011926627524,12520.923349732055,2
2025-10-19,q3_no_refund_m7,5706.1364156003838,6076.7524682927315,40309.624348286248,2886.5941081197634,0,5031.3392604779983,48227.55771688401,66149.747514577262,67654.284291921183,1504.5367773439318,0,917.64748651412663,188.12233291217444,12
2025-10-20,q3_no_refund_m7,6076.7524682927315,5688.9301497065844,44000.871987436622,208.80647798631122,0,1348.9324139033736,45558.610879326305,71107.320640786638,71215.390137454233,108.06949666760408,0,227.36249211177199,3194.3502244584988,6
2025-10-21,q3_no_refund_m7,5688.9301497065844,6160.7662994759876,43469.06624130073,1535.1829422940777,0,0,45004.249183594802,71440.288359965081,72485.42025363064,1045.1318936655496,0,0,1238.8305310647065,0
2025-10-22,q3_no_refund_m7,6160.7662994759876,5878.3891289180756,40998.274268120542,3308.3503169443447,0,2678.4308992677002,46985.055484332588,66794.756600230903,69227.345811160587,2432.5892109296906,0,448.62225799144471,204.08830202642525,7
2025-10-23,q3_no_refund_m7,5878.3891289180756,5976.1092308475136,48143.392977421041,1911.0018295984651,0,0,50054.394807019511,78497.934763069206,79602.07347820414,1104.1387151349315,0,0,12421.98947342969,0
2025-10-24,q3_no_refund_m7,5976.1092308475136,5467.7080844315951,15099.775041518007,2422.4000673199043,0,3950.1418530512206,21472.316961889133,29272.848344698741,31232.930380788417,1960.0820360896787,0,739.78193227310203,10930.700566666665,9
2025-10-25,q3_no_refund_m7,5467.7080844315951,5834.5106488794909,15818.53611456516,1418.6043477025164,0,2675.9580132125775,19913.098475480252,31127.48867058504,32149.860547875593,1022.3718772905512,0,480.73834371508815,9679.4835382637684,6
2025-10-26,q3_no_refund_m7,5834.5106488794909,6230.5502102980699,44009.615969658647,2886.249635550269,0,0,46895.865605208921,72261.801535669423,73769.713474304328,1507.9119386349075,0,0,4961.5288586212564,0
2025-10-27,q3_no_refund_m7,6230.5502102980699,5818.0288260495536,39942.494111707056,5527.3113782640548,0,1812.1019315255978,47281.907421496711,64726.178743270953,70448.442067723867,5722.2633244529115,0,305.75623471815425,3431.1039250174067,9
2025-10-28,q3_no_refund_m7,5818.0288260495536,6155.6260107899225,41022.871974827955,4883.0977216060546,0,44.39362579589627,45950.36332222991,66731.798128226947,71015.640234796316,4283.8421065693701,0,9.2304550737723048,565.84023081238172,2
2025-10-29,q3_no_refund_m7,6155.6260107899225,5993.0897597388366,45372.528454100197,1909.0977393841306,0,1359.9144906864672,48641.540684170788,74086.171538268114,75305.095036214858,1218.923497946739,0,241.44323210307448,2005.0873154116098,6
2025-10-30,q3_no_refund_m7,5993.0897597388366,5985.453288460777,40080.278401082011,4953.218435289662,0,854.27900485371345,45887.77584122539,65102.722599577959,69039.765333813441,3937.0427342354737,0,180.11133041317277,295.66840612415706,8
2025-10-31,q3_no_refund_m7,5985.453288460777,5618.5833205957933,16976.228457848163,1461.8736937993885,0,2035.4961771484086,20473.598328795961,31956.262139364782,33214.690171090006,1258.4280317252276,0,424.05047791477818,6883.4525874391793,6
2025-11-01,q3_no_refund_m7,5618.5833205957933,5990.8032208492768,16881.209019734939,1241.6627182750417,0,0,18122.871738009977,32571.935835988337,33464.792903548048,892.85706755971592,0,0,7295.9411567025518,0
2025-11-02,q3_no_refund_m7,5990.8032208492768,6145.9329190237713,43717.944901063478,4086.6590735048831,0,2436.1295137335919,50240.73348830195,71050.079022150079,75451.716334317956,4401.6373121678917,0,368.0458360550806,2420.6569980853465,6
2025-11-03,q3_no_refund_m7,6145.9329190237713,6005.4946782978632,46934.2401667667,717.06221169227717,0,0,47651.302378458975,76392.742879690195,76782.93428916324,390.19140947306198,0,0,3177.8970711261445,0
2025-11-04,q3_no_refund_m7,6005.4946782978632,6060.0756144688512,43551.181102741873,3216.5055834792029,0,1654.637735550466,48422.32442177154,71025.366040821566,73711.452469635027,2686.0864288134539,0,272.83190181487726,2129.691095669999,6
2025-11-05,q3_no_refund_m7,6060.0756144688512,6153.0339627881003,48917.797058217606,433.13046865446415,0,0,49350.927526872067,79097.430964355037,79321.601173010931,224.1702086558829,0,0,5228.740733025119,0
2025-11-06,q3_no_refund_m7,6153.0339627881003,5986.4440568851678,45223.580811855332,3151.9563080257849,0,2049.2481323288457,50424.785252209964,73708.404547364102,76237.467133607817,2529.0625862437164,0,406.98301138544576,1037.3634165848798,11
2025-11-07,q3_no_refund_m7,5986.4440568851678,5644.3185326993425,16682.249146908754,1797.6173191762537,0,1189.8302428446748,19669.696708929681,32392.366032151695,33814.370898664827,1422.0048665131369,0,198.89797090946649,7594.1950531125221,3
2025-11-08,q3_no_refund_m7,5644.3185326993425,5832.3890357698992,16611.29997633255,717.36398559364943,0,2562.7270121916245,19891.390974117821,32530.141832148009,33027.395590759588,497.25375861157795,0,467.85849843014267,6109.0474471100142,8
2025-11-09,q3_no_refund_m7,5832.3890357698992,5985.5282041002829,46269.26891807824,2472.6760711857592,0,1086.7634534511576,49828.708442715157,75371.663958490477,76762.984325553,1391.3203670625319,0,209.00349848606788,1014.9712457710285,8
2025-11-10,q3_no_refund_m7,5985.5282041002829,6001.917780784458,47913.390396720948,3075.7518372622526,0,2713.3223806584974,53702.464614641707,77304.638053943316,80454.593899868414,3149.9558459251011,0,449.87201949387571,2654.7225655189723,6
2025-11-11,q3_no_refund_m7,6001.917780784458,6068.3228390948962,49422.06205693067,802.49346069838157,0,0,50224.555517629051,79255.424636675685,79686.707591608807,431.28295493311907,0,0,3967.1433299674991,0
2025-11-12,q3_no_refund_m7,6068.3228390948962,5964.4466676557859,46503.730354091043,4545.0680019080282,0,1774.5180774985372,52823.316433497603,75520.648010041565,79362.492731376682,3841.8447213351201,0,272.95274145504175,4527.7054636749053,3
2025-11-13,q3_no_refund_m7,5964.4466676557859,6104.4983978161845,45473.169036468229,5252.3250928745992,0,1625.6470198590619,52351.141149201889,73461.133762895712,77238.369002233332,3777.2352393376086,0,233.69483403942974,776.26014685968585,2
2025-11-14,q3_no_refund_m7,6104.4983978161845,5866.4197544663557,17492.490997284269,968.83041595446957,0,1724.1201565111789,20185.441569749917,33373.780021143262,34147.869109139487,774.08908799622327,0,322.81322686280851,3772.173678199315,5
2025-11-15,q3_no_refund_m7,5866.4197544663557,5896.7758015825875,18254.444692569181,188.75477570058879,0,1779.2089123980832,20222.408380667854,35281.508002811112,35408.989025132789,127.48102232167548,0,344.91476329960517,3920.6110872460226,6
2025-11-16,q3_no_refund_m7,5896.7758015825875,5952.3008823290656,47275.558718917688,4603.4395874375468,0,339.06618886466777,52218.0644952199,76438.402669141069,80106.358911023912,3667.9562418828536,0,51.599974242413964,1233.7650189905937,2
2025-11-17,q3_no_refund_m7,5952.3008823290656,6065.5596933952465,45969.999515474861,7816.971606335951,0,0,53786.971121810813,73685.601041096714,81453.895606604958,7768.2945655082367,0,0,4362.0328176078328,0
2025-11-18,q3_no_refund_m7,6065.5596933952465,6046.9305326016593,47375.092745250477,3919.3883931916416,0,733.53748800629887,52028.018626448422,76665.95330601724,79502.174618882433,2836.221312865192,0,145.13341980625859,195.90220279316759,5
2025-11-19,q3_no_refund_m7,6046.9305326016593,5868.8198597702321,46804.604345700689,8031.6841003838017,0,1734.0598771432303,56570.348323227721,75708.326264242874,82772.376816861011,7064.0505526181296,0,307.85216498614682,3528.6783506134157,7
2025-11-20,q3_no_refund_m7,5868.8198597702321,5989.4369727909198,47257.003557680051,4365.8674634726685,0,741.41784365287776,52364.288864805596,76455.603940051165,79855.876755424106,3400.2728153729386,0,155.65232320176193,575.78155856900162,5
2025-11-21,q3_no_refund_m7,5989.4369727909198,5688.9860266671822,17583.611872275582,1775.8745853402156,0,667.88417199689502,20027.370629612691,33626.159117003961,35221.190769732551,1595.0316527285929,0,143.56917217094099,3380.7337852499177,2
2025-11-22,q3_no_refund_m7,5688.9860266671822,5835.6670803143879,19111.206272847314,1034.5644022960071,0,1068.0156225983176,21213.786297741637,37299.058633138891,37894.212906731686,595.15427359279204,0,195.25188955438392,4107.3229678873631,8
2025-11-23,q3_no_refund_m7,5835.6670803143879,6100.3180818335532,47871.63044174196,5082.3323526610384,0,984.99687064679415,53938.959665049784,77156.589327373818,81581.664125941083,4425.074798567266,0,194.36156227914103,1862.7127504970229,5
2025-11-24,q3_no_refund_m7,6100.3180818335532,5665.3799982878063,46394.384759283595,3873.8460081993508,0,2809.7152924801976,53077.946059963142,74741.413304754911,77797.972655331498,3056.5593505765869,0,454.19802292694004,127.62731383723712,9
2025-11-25,q3_no_refund_m7,5665.3799982878063,5910.0170668315523,54707.732354588887,269.56959165340186,0,1327.5308692587462,56304.832815501039,86984.543812376025,87126.596379180264,142.05256680423815,0,221.67638795989657,6645.0334552102995,3
2025-11-26,q3_no_refund_m7,5910.0170668315523,6045.0239530090548,51081.884601941594,2665.5881118423376,0,191.13935862887843,53938.612072412812,82160.205062864421,84192.360186567224,2032.1551237027986,0,27.399564023635094,2780.2888367120718,1
2025-11-27,q3_no_refund_m7,6045.0239530090548,6061.6122650339594,49487.005996496293,4055.6513737262549,0,502.69426845014141,54045.351638672684,79403.684959978156,82768.558401034446,3364.8734410562765,0,72.060531601224397,2667.5365970049611,1
2025-11-28,q3_no_refund_m7,6061.6122650339594,5858.3732922458466,18116.267244349216,1456.8079699117161,0,2717.6527427427704,22290.727957003699,34858.225472021171,36373.538432445443,1515.3129604242733,0,462.81023124285412,2501.6748132200601,3
2025-11-29,q3_no_refund_m7,5858.3732922458466,5764.2575937512338,22590.236074514465,86.935540173207897,0,549.51144099206294,23226.683055679736,44242.618399775936,44301.332842874042,58.714443098104141,0,112.06928028289866,6012.9549433814964,2
2025-11-30,q3_no_refund_m7,5764.2575937512338,5937.8937916927071,51191.603256268638,4734.7207656272985,0,1035.4734047533482,56961.797426649282,82467.87571293267,86364.725438487192,3896.849725554508,0,151.60280082156805,1285.038833574949,2
2025-12-01,q3_no_refund_m7,5937.8937916927071,5820.4272731076962,54508.702689204765,2825.8073517470557,0,14789.167075559699,72123.677116511506,86047.120193885319,88066.469675086439,2019.3494812011309,0,3007.7234981118368,155.11783630271611,17
2025-12-02,q3_no_refund_m7,5820.4272731076962,6010.7811066625263,57132.927217929486,2948.9602553239556,0,13105.263606052971,73187.151079306408,90793.195622972591,92829.791567580178,2036.5959446075929,0,2570.0259069070057,1763.7216594080114,15
2025-12-03,q3_no_refund_m7,6010.7811066625263,7345.8479846996961,56505.131643816901,6634.4981679497159,0,0,63139.629811766623,88717.987147305656,95148.197825384064,6430.2106780784179,0,0,1876.5623266228069,0
2025-12-04,q3_no_refund_m7,7345.8479846996961,7473.541814894138,62398.307062248045,1012.5315733143041,0,2440.8216777381313,65851.660313300468,96065.560294828407,96787.736236528232,722.17594169981612,0,491.7366802217997,5857.0361618014449,5
2025-12-05,q3_no_refund_m7,7473.541814894138,8018.7086388670914,26917.26610896501,1297.9980742111134,0,0,28215.264183176118,49347.591509785263,50823.931706789968,1476.3401970047039,0,0,5214.0109312022823,0
2025-12-06,q3_no_refund_m7,8018.7086388670914,7682.8520739564792,26910.006690216123,2.0233711850514813,0,0,26912.030061401176,49805.442173491021,49806.525899789223,1.083726298198485,0,0,2730.9580736456446,0
2025-12-07,q3_no_refund_m7,7682.8520739564792,7679.5630723216273,64053.107359218018,25.893913514097044,0,246.64485174717186,64325.646124479288,98692.805772036751,98708.75619192564,15.950419888886699,0,42.462744554906067,6664.3188165895372,1
2025-12-08,q3_no_refund_m7,7679.5630723216273,7848.5356934544106,68753.836510084584,1554.1798587673227,0,0,70308.01636885191,105273.85851542978,106524.86377634128,1251.0052609115248,0,0,14456.307720070159,0
2025-12-09,q3_no_refund_m7,7848.5356934544106,7682.282554555245,67170.777161390113,402.93114733312478,0,0,67573.708308723246,102999.49262397824,103320.41114620047,320.91852222222201,0,0,11863.834718157792,0
2025-12-10,q3_no_refund_m7,7682.282554555245,6728.2751582252731,59884.124194930795,3722.2685488839165,0,0,63606.392743814708,93378.257980365306,96912.132659007009,3533.8746786417005,0,0,5025.6372454454686,0
2025-12-11,q3_no_refund_m7,6728.2751582252731,6924.30128351451,63152.828151309695,3.4009901770831603,0,0,63156.22914148678,98256.804006720136,98258.751662275696,1.9476555555554569,0,0,7763.030624508996,0
2025-12-12,q3_no_refund_m7,6924.30128351451,6510.0310761399405,26091.488745154369,2667.904156634801,0,0,28759.392901789171,49636.606149924279,52630.815621963222,2994.2094720389473,0,0,5683.400187960975,0
2025-12-13,q3_no_refund_m7,6510.0310761399405,6902.3976017155728,27491.169867497927,2108.1301281791016,0,0,29599.299995677029,52105.173076316336,54077.105503343584,1971.9324270272487,0,0,6298.1303871296341,0
2025-12-14,q3_no_refund_m7,6902.3976017155728,6838.3016983674615,59722.022308156142,4254.1346904785614,0,0,63976.156998634709,93392.362108118163,97459.774255708995,4067.4121475908364,0,0,4121.8323967568404,0
2025-12-15,q3_no_refund_m7,6838.3016983674615,6679.251971401337,59264.370478222801,5879.3594068754883,0,0,65143.729885098284,92679.584295406676,98246.410462603759,5566.8261671970859,0,0,4443.2547388612329,0
2025-12-16,q3_no_refund_m7,6679.251971401337,6584.1348348207339,62942.504501366435,48.40778209333304,0,0,62990.912283459766,97360.468608964933,97398.402981187159,37.934372222222009,0,0,3597.1327590326814,0
2025-12-17,q3_no_refund_m7,6584.1348348207339,6395.2888651824514,61762.961317416302,119.50529682962122,0,0,61882.466614245925,96590.343327392184,96671.218259243498,80.874931851303472,0,0,4140.1546431110892,0
2025-12-18,q3_no_refund_m7,6395.2888651824514,6332.0930155435899,58785.367698288275,2874.9483291933702,0,0,61660.316027481647,91740.656711102565,94322.022821309656,2581.3661102071028,0,0,2291.9840690282927,0
2025-12-19,q3_no_refund_m7,6332.0930155435899,5851.7170053131931,24379.428497978424,2853.9551837178037,0,0,27233.383681696228,46180.866269857317,49910.084968717609,3729.2186988602907,0,0,3616.3134961713567,0
2025-12-20,q3_no_refund_m7,5851.7170053131931,6248.5424431667825,25972.049775142772,0,0,0,25972.049775142772,49481.317738040161,49481.317738040161,0,0,0,2277.1794913809294,0
2025-12-21,q3_no_refund_m7,6248.5424431667825,6395.6431165616332,60773.495203048755,585.53437317111513,0,196.87439802060553,61555.903974240471,95239.454326087463,95755.692132207187,516.23780611973189,0,33.894189209022215,1911.0700780384923,1
2025-12-22,q3_no_refund_m7,6395.6431165616332,6082.0300492884662,59714.426836898019,774.61160584174763,0,468.77583598153808,60957.8142787213,93054.549426593047,93930.152369992633,875.60294339958182,0,101.17903868623344,697.64029182673607,4
2025-12-23,q3_no_refund_m7,6082.0300492884662,6508.8410726101092,61103.007206152448,632.01440869339285,0,0,61735.021614845835,95689.942009100036,96098.022147101452,408.08013800141521,0,0,3805.0127727684144,0
2025-12-24,q3_no_refund_m7,6508.8410726101092,6097.6278555031149,59729.735618407773,534.9362484975353,0,829.84982341864099,61094.521690323949,93077.85204119992,93586.230523457809,508.37848225790077,0,123.31433202370306,1576.4288545028894,2
2025-12-25,q3_no_refund_m7,6097.6278555031149,6133.7134380945845,57319.043363765712,3589.0485068001199,0,370.22329261681466,61278.315163182648,90481.970069671661,93844.773319745931,3362.8032500742684,0,53.634231967748974,1215.7654211118852,2
2025-12-26,q3_no_refund_m7,6133.7134380945845,6258.43894661782,24180.427401654801,1458.7749415849964,0,0,25639.202343239798,46100.993910233548,47495.022259808058,1394.0283495745075,0,0,482.83865593938674,0
2025-12-27,q3_no_refund_m7,6258.43894661782,6274.208559991207,24727.980918936588,959.92230774702432,0,0,25687.903226683615,47786.211266393271,48567.909317427955,781.69805103468912,0,0,1239.6260466561052,0
2025-12-28,q3_no_refund_m7,6274.208559991207,6546.8096572088471,59455.053705780418,1144.7817944022486,0,0,60599.835500182664,93052.509958510433,93705.741448939269,653.23149042881778,0,0,2100.6181134774592,0
2025-12-29,q3_no_refund_m7,6546.8096572088471,6153.360382588934,58229.261140112438,2861.5587576487196,0,0,61090.819897761161,91625.346948821883,94446.262113081379,2820.9151642594966,0,0,2689.2367726228663,0
2025-12-30,q3_no_refund_m7,6153.360382588934,6108.5292969062939,58477.068518680637,1579.4010047564016,0,196.30243204865332,60252.771955485681,92021.991763415252,93300.329817828315,1278.3380544130334,0,40.983038801986211,2458.9502467364259,2
2025-12-31,q3_no_refund_m7,6108.5292969062939,5903.6528931561188,59796.31038325675,1169.0926030321195,0,544.63033339396907,61510.033319682843,94098.471217612358,94852.490093692293,754.01887607993353,0,117.36527292699387,1720.7723517842392,4
