slot,interval,plan_kwh,charge_kwh,discharge_kwh,spill_kwh,soc_start_kwh,soc_end_kwh,load_kwh,pv_kwh,emergency_kwh,price
0,00:00-00:10,1406.6410999999998,833.33333333333326,0,0,6000,6750,573.30776666666657,0,0,0.42480000000000001
1,00:10-00:20,1406.3298666666665,833.33333333333326,0,0,6750,7500,572.99653333333333,0,0,0.42449999999999999
2,00:20-00:30,1407.3838499999999,833.33333333333326,0,0,7500,8250,574.05051666666668,0,0,0.4269
3,00:30-00:40,1409.07395,833.33333333333326,0,0,8250,9000,575.7406166666666,0,0,0.42720000000000002
4,00:40-00:50,1409.8045499999998,833.33333333333326,0,0,9000,9750,576.47121666666658,0,0,0.42709999999999998
5,00:50-01:00,576.64001666666661,0,0,0,9750,9750,576.64001666666661,0,0,0.42849999999999999
6,01:00-01:10,577.85969999999998,0,0,0,9750,9750,577.85969999999998,0,0,0.43109999999999998
7,01:10-01:20,577.99386666666669,0,0,0,9750,9750,577.99386666666669,0,0,0.43020000000000003
8,01:20-01:30,911.16138333333333,333.33333333333331,0,0,9750,10050,577.82804999999996,0,0,0.4279
9,01:30-01:40,580.41544999999996,0,0,0,10050,10050,580.41544999999996,0,0,0.43120000000000003
10,01:40-01:50,582.51401666666663,0,0,0,10050,10050,582.51401666666663,0,0,0.43330000000000002
11,01:50-02:00,583.07404999999994,0,0,0,10050,10050,583.07404999999994,0,0,0.43109999999999998
12,02:00-02:10,584.20491666666658,0,0,0,10050,10050,584.20491666666658,0,0,0.42930000000000001
13,02:10-02:20,585.43978333333325,0,0,0,10050,10050,585.43978333333325,0,0,0.43240000000000001
14,02:20-02:30,586.14474999999993,0,0,0,10050,10050,586.14474999999993,0,0,0.43669999999999998
15,02:30-02:40,586.3207666666666,0,0,0,10050,10050,586.3207666666666,0,0,0.43480000000000002
16,02:40-02:50,586.42529999999999,0,0,0,10050,10050,586.42529999999999,0,0,0.4335
17,02:50-03:00,586.84960000000001,0,0,0,10050,10050,586.84960000000001,0,0,0.43569999999999998
18,03:00-03:10,587.82101666666665,0,0,0,10050,10050,587.82101666666665,0,0,0.43740000000000001
19,03:10-03:20,589.54756666666663,0,0,0,10050,10050,589.54756666666663,0,0,0.43709999999999999
20,03:20-03:30,590.81346666666661,0,0,0,10050,10050,590.81346666666661,0,0,0.43559999999999999
21,03:30-03:40,590.21311666666656,0,0,0,10050,10050,590.21311666666656,0,0,0.43530000000000002
22,03:40-03:50,591.06626666666659,0,0,0,10050,10050,591.06626666666659,0,0,0.436
23,03:50-04:00,593.36783333333324,0,0,0,10050,10050,593.36783333333324,0,0,0.43780000000000002
24,04:00-04:10,593.65968333333331,0,0,0,10050,10050,593.65968333333331,0,0,0.44009999999999999
25,04:10-04:20,592.78638333333333,0,0,0,10050,10050,592.78638333333333,0,0,0.43890000000000001
26,04:20-04:30,593.33786666666663,0,0,0,10050,10050,593.33786666666663,0,0,0.43640000000000001
27,04:30-04:40,596.67576666666662,0,0,0,10050,10050,596.77566666666667,0.099900000000000003,0,0.43930000000000002
28,04:40-04:50,597.78025000000002,0,0,0,10050,10050,597.81933333333336,0.039083333333333331,0,0.44219999999999998
29,04:50-05:00,595.16249999999991,0,0,0,10050,10050,595.21058333333326,0.048083333333333325,0,0.4395
30,05:00-05:10,590.60649999999998,0,0,0,10050,10050,593.71951666666666,3.1130166666666668,0,0.43330000000000002
31,05:10-05:20,589.48518333333334,0,0,0,10050,10050,598.56348333333335,9.0782999999999987,0,0.44390000000000002
32,05:20-05:30,578.45544999999993,0,0,0,10050,10050,596.6174166666666,18.161966666666665,0,0.43009999999999998
33,05:30-05:40,1383.6597833333331,833.33333333333326,0,0,10050,10800,581.01983333333328,30.693383333333333,0,0.37130000000000002
34,05:40-05:50,591.14019999999994,0,0,0,10800,10800,637.31656666666663,46.176366666666667,0,0.57079999999999997
35,05:50-06:00,0,0,668.25388333333319,0,10800,10057.495685185186,733.01211666666654,64.758233333333322,0,0.90990000000000004
36,06:00-06:10,0,0,655.45533333333333,0,10057.495685185186,9329.2119814814814,742.33538333333331,86.880049999999997,0,0.93679999999999997
37,06:10-06:20,0,0,616.50403333333338,0,9329.2119814814814,8644.2075000000004,728.63198333333332,112.12795,0,0.87580000000000002
38,06:20-06:30,0,0,591.45448333333343,0,8644.2075000000004,7987.0358518518524,732.1588333333334,140.70434999999998,0,0.87590000000000001
39,06:30-06:40,0,0,557.48686666666663,0,7987.0358518518524,7367.6060000000007,730.76593333333324,173.27906666666667,0,0.86009999999999998
40,06:40-06:50,0,0,529.23969999999997,0,7367.6060000000007,6779.5618888888894,739.12928333333332,209.88958333333335,0,0.84419999999999995
41,06:50-07:00,0,0,502.4707166666667,0,6779.5618888888894,6221.2610925925928,753.90935000000002,251.43863333333334,0,0.83340000000000003
42,07:00-07:10,0,0,455.4435666666667,0,6221.2610925925928,5715.2126851851854,754.01201666666668,298.56844999999998,0,0.80920000000000003
43,07:10-07:20,0,0,410.06670000000003,0,5715.2126851851854,5259.5830185185187,757.64778333333334,347.58108333333331,0,0.79720000000000002
44,07:20-07:30,0,0,356.99678333333327,0,5259.5830185185187,4862.9199259259258,753.87363333333326,396.87684999999999,0,0.76439999999999997
45,07:30-07:40,0,0,283.36356666666666,0,4862.9199259259258,4548.0715185185181,730.55943333333335,447.19586666666669,0,0.68989999999999996
46,07:40-07:50,0,0,320.68411666666657,0,4548.0715185185181,4191.7558333333327,818.40998333333323,497.72586666666666,0,0.85999999999999999
47,07:50-08:00,0,0,418.42144999999994,0,4191.7558333333327,3726.8431111111104,966.62211666666656,548.20066666666662,0,1.1617
48,08:00-08:10,0,0,381.91078333333326,0,3726.8431111111104,3302.4977962962957,980.80433333333326,598.89355,0,1.1682999999999999
49,08:10-08:20,0,0,309.55634999999995,0,3302.4977962962957,2958.5462962962956,958.01188333333323,648.45553333333328,0,1.0955999999999999
50,08:20-08:30,0,0,264.61940000000004,0,2958.5462962962956,2664.5247407407401,961.50968333333333,696.89028333333329,0,1.0849
51,08:30-08:40,0,0,213.74080000000004,0,2664.5247407407401,2427.0349629629623,959.03508333333332,745.29428333333328,0,1.0609999999999999
52,08:40-08:50,0,0,178.55891666666673,0,2427.0349629629623,2228.6361666666658,970.69678333333331,792.13786666666658,0,1.0429999999999999
53,08:50-09:00,0,0,155.39211666666677,0,2228.6361666666658,2055.9782592592583,992.3766833333334,836.98456666666664,0,1.036
54,09:00-09:10,0,0,112.25950000000012,0,2055.9782592592583,1931.2454814814803,993.16160000000002,880.9020999999999,0,1.0146999999999999
55,09:10-09:20,0,0,64.396866666666597,0,1931.2454814814803,1859.6934074074063,988.25923333333333,923.86236666666673,0,0.99219999999999997
56,09:20-09:30,0,0,22.562249999999949,0,1859.6934074074063,1834.6242407407397,987.29713333333325,964.7348833333333,0,0.96999999999999997
57,09:30-09:40,0,17.42406666666659,0,0,1834.6242407407397,1850.3059007407396,984.59766666666667,1002.0217333333333,0,0.94220000000000004
58,09:40-09:50,0,52.837766666666539,0,0,1850.3059007407396,1897.8598907407395,983.18769999999995,1036.0254666666665,0,0.95689999999999997
59,09:50-10:00,0,84.56241666666665,0,0,1897.8598907407395,1973.9660657407394,983.70326666666665,1068.2656833333333,0,0.99770000000000003
60,10:00-10:10,0,116.9835833333334,0,0,1973.9660657407394,2079.2512907407395,982.91321666666659,1099.8968,0,0.9919
61,10:10-10:20,0,146.66060000000004,0,0,2079.2512907407395,2211.2458307407396,981.12613333333331,1127.7867333333334,0,0.95879999999999999
62,10:20-10:30,0,173.52024999999992,0,0,2211.2458307407396,2367.4140557407395,978.91179999999997,1152.4320499999999,0,0.95489999999999997
63,10:30-10:40,0,201.02908333333323,0,0,2367.4140557407395,2548.3402307407396,976.3384666666667,1177.3675499999999,0,0.9839
64,10:40-10:50,0,225.40611666666655,0,0,2548.3402307407396,2751.2057357407393,974.16579999999999,1199.5719166666665,0,0.79900000000000004
65,10:50-11:00,0,244.00925000000007,0,0,2751.2057357407393,2970.8140607407395,973.17644999999993,1217.1857,0,0.50249999999999995
66,11:00-11:10,575.17091666666647,833.33333333333326,0,0,2970.8140607407395,3720.8140607407395,973.11838333333321,1231.2808,0,0.4662
67,11:10-11:20,0,272.63153333333321,0,0,3720.8140607407395,3966.1824407407394,970.57296666666662,1243.2044999999998,0,0.50070000000000003
68,11:20-11:30,0,284.32098333333329,0,0,3966.1824407407394,4222.0713257407397,969.13220000000001,1253.4531833333333,0,0.48270000000000002
69,11:30-11:40,179.27717139918269,468.57863806584947,0,0,4222.0713257407397,4643.7921000000042,972.06584999999995,1261.3673166666667,0,0.47849999999999998
70,11:40-11:50,520.12451666666652,833.33333333333326,0,0,4643.7921000000042,5393.7921000000042,952.15016666666656,1265.3589833333333,0,0.4662
71,11:50-12:00,486.40289999999993,833.33333333333326,0,0,5393.7921000000042,6143.7921000000042,919.91011666666657,1266.8405499999999,0,0.44319999999999998
72,12:00-12:10,480.41244999999992,833.33333333333326,0,0,6143.7921000000042,6893.7921000000042,915.79844999999989,1268.7193333333332,0,0.44109999999999999
73,12:10-12:20,485.29999999999995,833.33333333333326,0,0,6893.7921000000042,7643.7921000000042,919.07539999999995,1267.1087333333332,0,0.4551
74,12:20-12:30,488.60696666666661,833.33333333333326,0,0,7643.7921000000042,8393.7921000000042,914.30483333333325,1259.0311999999999,0,0.44629999999999997
75,12:30-12:40,498.27073333333317,833.33333333333326,0,0,8393.7921000000042,9143.7921000000042,910.39379999999994,1245.4564,0,0.4113
76,12:40-12:50,0,304.55176666666648,0,0,9143.7921000000042,9417.8886900000034,927.68443333333335,1232.2361999999998,0,0.56820000000000004
77,12:50-13:00,0,264.50718333333339,0,0,9417.8886900000034,9655.9451550000031,954.29246666666654,1218.7996499999999,0,0.82789999999999997
78,13:00-13:10,0,242.50754999999992,0,0,9655.9451550000031,9874.2019500000024,956.58261666666669,1199.0901666666666,0,0.86360000000000003
79,13:10-13:20,0,223.07558333333316,0,0,9874.2019500000024,10074.969975000002,952.44726666666668,1175.5228499999998,0,0.84160000000000001
80,13:20-13:30,0,198.75931666666656,0,0,10074.969975000002,10253.853360000001,952.97508333333326,1151.7343999999998,0,0.86180000000000001
81,13:30-13:40,0,177.3598166666668,0,0,10253.853360000001,10413.477195000001,951.37476666666657,1128.7345833333334,0,0.86229999999999996
82,13:40-13:50,0,151.74029999999982,0,0,10413.477195000001,10550.043465000001,949.48636666666664,1101.2266666666665,0,0.90259999999999996
83,13:50-14:00,0,120.0350333333331,0,0,10550.043465000001,10658.074995000001,948.7163833333334,1068.7514166666665,0,0.97540000000000004
84,14:00-14:10,0,87.814450000000079,0,0,10658.074995000001,10737.108,947.85484999999994,1035.6693,0,1.0002
85,14:10-14:20,0,53.624866666666549,0,0,10737.108,10785.37038,946.49366666666674,1000.1185333333333,0,0.99780000000000002
86,14:20-14:30,0,16.255133333333447,0,0,10785.37038,10800,944.90846666666653,961.16359999999997,0,1.0270999999999999
87,14:30-14:40,0,0,23.781366666666713,0,10800,10773.57625925926,944.03246666666666,920.25109999999995,0,1.0906
88,14:40-14:50,0,0,67.320016666666788,0,10773.57625925926,10698.776240740741,945.45018333333337,878.13016666666658,0,0.93759999999999999
89,14:50-15:00,112.08986666666669,0,0,0,10698.776240740741,10698.776240740741,947.04239999999993,834.95253333333324,0,0.6694
90,15:00-15:10,266.73269362139905,112.47084362139907,0,0,10698.776240740741,10800,944.83658333333335,790.57473333333337,0,0.66000000000000003
91,15:10-15:20,197.52351666666664,0,0,0,10800,10800,942.72751666666659,745.20399999999995,0,0.72170000000000001
92,15:20-15:30,244.81403333333321,0,0,0,10800,10800,942.84778333333327,698.03375000000005,0,0.73080000000000001
93,15:30-15:40,295.53461666666669,0,0,0,10800,10800,943.76679999999999,648.2321833333333,0,0.75339999999999996
94,15:40-15:50,345.77750000000015,0,0,0,10800,10800,944.87660000000005,599.09909999999991,0,0.7823
95,15:50-16:00,394.93148333333329,0,0,0,10800,10800,945.57944999999995,550.64796666666666,0,0.80549999999999999
96,16:00-16:10,445.4316500000001,0,0,0,10800,10800,945.16910000000007,499.73744999999997,0,0.82709999999999995
97,16:10-16:20,495.69658333333325,0,0,0,10800,10800,943.59876666666662,447.90218333333337,0,0.85189999999999999
98,16:20-16:30,547.11905000000002,0,0,0,10800,10800,944.3153666666667,397.19631666666669,0,0.87909999999999999
99,16:30-16:40,599.98543333333328,0,0,0,10800,10800,948.17286666666655,348.18743333333333,0,0.90239999999999998
100,16:40-16:50,635.4297499999999,0,0,0,10800,10800,933.94356666666658,298.51381666666668,0,0.9163
101,16:50-17:00,660.83068333333335,0,0,0,10800,10800,911.11873333333335,250.28805,0,0.9264
102,17:00-17:10,702.03693333333331,0,0,0,10800,10800,911.23231666666663,209.19538333333333,0,0.94620000000000004
103,17:10-17:20,738.06578333333334,0,0,0,10800,10800,910.78783333333331,172.72205,0,0.97419999999999995
104,17:20-17:30,775.94471666666664,0,0,0,10800,10800,915.40763333333337,139.46291666666667,0,0.98619999999999997
105,17:30-17:40,826.08325000000002,0,0,0,10800,10800,936.95513333333338,110.87188333333333,0,0.97599999999999998
106,17:40-17:50,762.42279999999994,0,0,0,10800,10800,848.53543333333323,86.112633333333321,0,1.0742
107,17:50-18:00,636.98261666666667,0,0,0,10800,10800,701.42813333333334,64.445516666666663,0,1.2313000000000001
108,18:00-18:10,531.89404999999988,0,109.26725000000005,0,10800,10678.591944444444,687.12684999999988,45.965549999999993,0,1.2561
109,18:10-18:20,678.83053333333328,0,0,0,10678.591944444444,10678.591944444444,709.32263333333333,30.492099999999997,0,1.2446999999999999
110,18:20-18:30,686.2684999999999,0,0,0,10678.591944444444,10678.591944444444,704.32539999999995,18.056899999999999,0,1.2544999999999999
111,18:30-18:40,696.50438333333329,0,0,0,10678.591944444444,10678.591944444444,705.55639999999994,9.0520166666666668,0,1.2522
112,18:40-18:50,0,0,704.63426666666658,0,10678.591944444444,9895.6649814814809,707.74374999999986,3.1094833333333334,0,1.2881
113,18:50-19:00,0,0,706.48403333333329,0,9895.6649814814809,9110.6827222222219,706.52991666666662,0.045883333333333332,0,1.3466
114,19:00-19:10,0,0,707.40646666666657,0,9110.6827222222219,8324.6755370370374,707.44473333333326,0.038266666666666664,0,1.3523000000000001
115,19:10-19:20,0,0,708.553,0,8324.6755370370374,7537.394425925927,708.65311666666662,0.10011666666666666,0,1.3445
116,19:20-19:30,0,0,709.44688333333329,0,7537.394425925927,6749.1201111111122,709.44688333333329,0,0,1.3483000000000001
117,19:30-19:40,0,0,711.23244999999997,0,6749.1201111111122,5958.8618333333343,711.23244999999997,0,0,1.349
118,19:40-19:50,0,0,711.66250000000002,0,5958.8618333333343,5168.125722222223,711.66250000000002,0,0,1.3472999999999999
119,19:50-20:00,0,0,711.44503333333319,0,5168.125722222223,4377.6312407407413,711.44503333333319,0,0,1.3482000000000001
120,20:00-20:10,0,0,713.7040833333333,0,4377.6312407407413,3584.6267037037042,713.7040833333333,0,0,1.3512999999999999
121,20:10-20:20,0,0,715.28414999999995,0,3584.6267037037042,2789.8665370370372,715.28414999999995,0,0,1.3400000000000001
122,20:20-20:30,0,0,715.22685000000001,0,2789.8665370370372,1995.170037037037,715.22685000000001,0,0,1.3489
123,20:30-20:40,0,0,715.65303333333327,0,1995.170037037037,1200,715.65303333333327,0,0,1.3952
124,20:40-20:50,715.86891666666656,0,0,0,1200,1200,715.86891666666656,0,0,1.2225999999999999
125,20:50-21:00,717.00511666666671,0,0,0,1200,1200,717.00511666666671,0,0,0.93320000000000003
126,21:00-21:10,720.16030000000001,0,0,0,1200,1200,720.16030000000001,0,0,0.90680000000000005
127,21:10-21:20,717.05486666666661,0,0,0,1200,1200,717.05486666666661,0,0,0.93710000000000004
128,21:20-21:30,720.44596666666666,0,0,0,1200,1200,720.44596666666666,0,0,0.93710000000000004
129,21:30-21:40,738.13471666666658,0,0,0,1200,1200,738.13471666666658,0,0,0.98709999999999998
130,21:40-21:50,671.69356666666658,0,0,0,1200,1200,671.69356666666658,0,0,0.77639999999999998
131,21:50-22:00,1393.7903166666665,833.33333333333326,0,0,1200,1950,560.45698333333326,0,0,0.4209
132,22:00-22:10,1384.8988999999999,833.33333333333326,0,0,1950,2700,551.56556666666665,0,0,0.38590000000000002
133,22:10-22:20,568.8260499999999,0,0,0,2700,2700,568.8260499999999,0,0,0.43680000000000002
134,22:20-22:30,1396.98855,833.33333333333326,0,0,2700,3450,563.65521666666666,0,0,0.41980000000000001
135,22:30-22:40,1397.7598666666665,833.33333333333326,0,0,3450,4200,564.42653333333328,0,0,0.41860000000000003
136,22:40-22:50,566.74743333333322,0,0,0,4200,4200,566.74743333333322,0,0,0.42409999999999998
137,22:50-23:00,1399.8737666666666,833.33333333333326,0,0,4200,4950,566.54043333333334,0,0,0.42370000000000002
138,23:00-23:10,567.83015,0,0,0,4950,4950,567.83015,0,0,0.42480000000000001
139,23:10-23:20,902.69196666666653,333.33333333333331,0,0,4950,5250,569.35863333333327,0,0,0.42399999999999999
140,23:20-23:30,1403.6635166666665,833.33333333333326,0,0,5250,6000,570.33018333333325,0,0,0.42199999999999999
141,23:30-23:40,571.61538333333328,0,0,0,6000,6000,571.61538333333328,0,0,0.42399999999999999
142,23:40-23:50,573.17683333333332,0,0,0,6000,6000,573.17683333333332,0,0,0.42709999999999998
143,23:50-24:00,574.12098333333324,0,0,0,6000,6000,574.12098333333324,0,0,0.42759999999999998
