date,strategy,normal_cost_yuan,emergency_cost_yuan,total_cost_yuan,plan_kwh,emergency_kwh,emergency_intervals,spill_kwh,charge_kwh,discharge_kwh,soc_start_kwh,soc_end_kwh,solve_seconds,mip_gap
2025-02-01,value_night,22372.694293931898,2.5351980070809075e-11,22372.694293931923,42195.525208830652,4.9453774408902973e-12,0,7454.0994303467724,15136.336126696529,14773.08628154598,9902.8112878703687,7110.9734890683812,0,0
2025-02-02,value_night,59004.704734642233,1.6449327233658552e-11,59004.704734642248,92802.1927747523,3.5065284009760944e-12,0,10296.824236434297,21323.629790823357,17174.539202505352,7110.9734890683812,7219.4189646923542,0,0
2025-02-03,value_night,56981.892754652887,4.294555644435149e-11,56981.89275465293,89968.903965144069,8.326228595478824e-12,0,5891.8569886865844,21802.639771297167,17942.50929483967,7219.4189646923542,6905.6733201490597,0,0
2025-02-04,value_night,56883.057424927945,2.8241206706525191e-11,56883.057424927974,90170.811330044293,5.3930193644191604e-12,0,4239.094372060581,23957.71438962844,19220.86138164471,6905.6733201490597,7111.1036245427522,0,0
2025-02-05,value_night,51968.241640508742,6965.7147048258821,58933.956345334627,83293.510290129372,1158.6638106419784,12,317.99681704841646,22928.858964624294,19543.108664234693,7111.1036245427522,6032.5115102216332,0,0
2025-02-06,value_night,54194.605700556654,326.73357686506381,54521.339277421721,86532.557386198925,56.458860649386892,3,1786.3993822410155,23848.994908354176,19317.435260413546,6032.5115102216332,6032.7899717253395,0,0
2025-02-07,value_night,20204.81822237443,2119.056787975228,22323.875010349657,39409.139078367662,438.14701727820932,5,4479.2524274150028,20119.938337615386,16557.584336051194,6032.7899717253395,5743.4185466334202,0,0
2025-02-08,value_night,17938.875806781674,5959.9152878376408,23898.791094619315,35113.066422530312,1248.5191446353144,10,1038.0762494880571,19285.399818077465,15539.053217066574,5743.4185466334202,5834.6636972736142,0,0
2025-02-09,value_night,50735.293194258447,12382.812608462133,63118.10580272058,81944.805559929402,2231.6748775977394,29,114.90367798019838,23444.376450615022,18938.215657734752,5834.6636972736142,5892.1406608996349,0,0
2025-02-10,value_night,51239.100841406427,1723.3681449882306,52962.468986394655,82435.011881770479,304.89288785886816,10,4381.1989542635001,22034.075369050417,18002.007137017907,5892.1406608996349,5720.5783408028901,0,0
2025-02-11,value_night,49893.924750600869,3897.7845517683613,53791.709302369229,80845.50711831497,635.88972230926822,10,1590.5778065813092,23507.728585091096,18837.506684381518,5720.5783408028901,5946.9710847387478,0,0
2025-02-12,value_night,51114.413426938474,2106.6758748561888,53221.089301794666,82350.269986716754,332.59807749400727,8,3018.7432096977527,22688.772934622586,18291.384213442918,5946.9710847387478,6043.1064887402745,0,0
2025-02-13,value_night,50758.564366455452,191.82314303088216,50950.387509486332,81688.994400051306,35.845208563527919,2,6335.6437999979607,20755.224229321124,16695.507437370929,6043.1064887402745,6172.2444758282545,0,0
2025-02-14,value_night,18120.687669504634,2325.4475782732525,20446.135247777886,34747.063132439405,576.25883086133274,6,2351.4877467432198,18298.810057959297,15128.777658068451,6172.2444758282545,5831.4205745822355,0,0
2025-02-15,value_night,18332.665486205384,985.65705452575344,19318.322540731137,35370.743539783674,211.23606074005636,8,2778.6534695895816,18637.174342386064,15113.939311451921,5831.4205745822355,5811.6115811164555,0,0
2025-02-16,value_night,49192.715174555473,5534.7217755203856,54727.436950075862,79825.960038764184,998.63438710902778,13,612.84328188226641,23647.636623716477,18813.264579725532,5811.6115811164555,6190.8572316551363,0,0
2025-02-17,value_night,48368.233094228533,387.10683387008896,48755.33992809862,78635.563669192255,60.289087938275443,2,3456.6317446322319,21840.777534501442,17785.419688669816,6190.8572316551363,6085.9795808510898,0,0
2025-02-18,value_night,48198.566630018831,191.92468655074288,48390.491316569576,78409.269295741629,41.956764136936506,2,1805.4529035027701,22993.224390554948,18438.839017512491,6085.9795808510898,6292.2826240033328,0,0
2025-02-19,value_night,48368.840004339705,2425.6940684246915,50794.5340727644,78524.008979609862,465.5946078156702,9,1891.798689057297,23581.053910934617,19362.576395899727,6292.2826240033328,6001.2573706225749,0,0
2025-02-20,value_night,48408.681332157917,184.63164204527357,48593.312974203189,78775.447181272772,39.41751538114319,1,2907.7255335818754,23086.390119822456,18172.38469008376,6001.2573706225749,6587.4699339252729,0,0
2025-02-21,value_night,17990.95097649395,136.84705818140998,18127.798034675361,34338.080498097494,27.788040696465124,3,5771.7817641836155,17690.949940583254,14657.125199306247,6587.4699339252729,6223.6302145543714,0,0
2025-02-22,value_night,18303.913496681744,2.6626427229725638e-11,18303.913496681769,35107.297885339562,5.9044436007127388e-12,0,3628.1189741116696,17894.311381939318,14259.895354044762,6223.6302145543714,6484.1822871389086,0,0
2025-02-23,value_night,47930.068385101717,2.7963370979877675e-11,47930.068385101746,77820.756020983899,5.8820448511909262e-12,0,1869.4559234355979,22950.383002056878,18530.936587841912,6484.1822871389086,6549.5974469435296,0,0
2025-02-24,value_night,46606.694120557637,262.64101929042874,46869.335139848066,75927.072350985167,57.777564696932231,2,3943.7078424826614,21494.526083813515,17656.417627280749,6549.5974469435296,6276.4291142859756,0,0
2025-02-25,value_night,46783.953028390046,195.44357713966846,46979.396605529713,76328.023791309912,44.234877308519359,3,6493.7230627204681,20935.380660646559,16878.168288081924,6276.4291142859756,6364.7513887768519,0,0
2025-02-26,value_night,46521.983166279286,642.34789188611285,47164.3310581654,75843.10194147256,146.63977254572632,6,2845.3769167286059,21967.707780517463,17638.191016561123,6364.7513887768519,6537.6983728413088,0,0
2025-02-27,value_night,45682.381707698267,2598.9733959593696,48281.355103657639,74610.988844575972,535.38899599540719,5,3769.2096092679521,23012.418323947699,18591.834292644267,6537.6983728413088,6591.2812059006101,0,0
2025-02-28,value_night,17467.5311051385,3.3560072498772798e-11,17467.531105138532,33569.795865466411,6.9606542751898814e-12,0,7286.2089055087781,17129.5915174658,14138.598107508156,6591.2812059006101,6298.360118832994,0,0
2025-03-01,value_night,17956.483819848727,2.5894418609340163e-11,17956.483819848752,34523.083532551573,5.1709747594941291e-12,0,7403.5285703953887,16649.258628236952,13188.4695994141,6298.360118832994,6628.837773786142,0,0
2025-03-02,value_night,44989.542682412837,20215.091411383786,65204.634093796623,73509.797507554147,3930.3626155524148,33,1793.8133831769978,19726.5953787775,16438.555705514587,6628.837773786142,6117.7117196696854,0,0
2025-03-03,value_night,45253.116176553391,16288.319478561571,61541.435655114961,74010.120794896167,3278.7509661121776,30,1108.6147377007105,21969.027273128682,17805.916883154379,6117.7117196696854,6105.4841730917424,0,0
2025-03-04,value_night,46763.831464680799,2.4978606960601721e-11,46763.831464680821,76386.611037668772,5.787592627370941e-12,0,2435.2530042430149,23183.676435317633,18431.7763352252,6105.4841730917424,6491.0414812940553,0,0
2025-03-05,value_night,48794.072106510925,1.9397938755272291e-11,48794.072106510946,79121.788900296408,3.7892744497725062e-12,0,9313.8974974089979,19536.967688147888,15859.548301927136,6491.0414812940553,6452.5920651525566,0,0
2025-03-06,value_night,47288.735334293378,4.9673000074301752e-11,47288.735334293429,76712.609099882771,9.7130775644771461e-12,0,6921.9605572123692,19991.316437789188,16141.322028452118,6452.5920651525566,6509.9746053271365,0,0
2025-03-07,value_night,17231.332414862798,1.6515979028852713e-11,17231.332414862816,32899.645660846116,3.5033087542046815e-12,0,9105.7091929605576,15411.715110846404,12540.064176294183,6509.9746053271365,6447.1135647620349,0,0
2025-03-08,value_night,16736.92757361602,2.9015558095091266e-11,16736.927573616049,31723.948197161164,6.1741167733941893e-12,0,9568.4664049735584,16310.635637576446,13218.293362055507,6447.1135647620349,6439.6930140747199,0,0
2025-03-09,value_night,45914.182994070979,2.3362638157387043e-11,45914.182994071001,74877.398402824634,5.2938209371689027e-12,0,7357.55733968601,21172.039451942572,16985.723438803943,6439.6930140747199,6621.5024777075441,0,0
2025-03-10,value_night,43735.239641776527,2810.8329662844681,46546.072608060997,71460.531837890099,495.19869499791901,7,108.73764982392549,21374.787593421701,17569.866160357629,6621.5024777075441,6336.7378002786018,0,0
2025-03-11,value_night,44383.108379467885,5.1635041228847991e-11,44383.108379467936,73097.339273648948,9.8847874330232344e-12,0,5052.819312458676,20566.188951613396,16460.587790423138,6336.7378002786018,6556.7658673716205,0,0
2025-03-12,value_night,43264.468747400948,3.0105045234485311e-11,43264.468747400977,71187.432232090447,7.659428646888955e-12,0,5110.4527875361246,20579.754618896382,16938.309857675395,6556.7658673716205,6258.2007380723771,0,0
2025-03-13,value_night,42198.396501459196,12757.439560625822,54955.836062085014,69788.692666650837,2348.2796000767407,26,643.60957083608616,20620.705771161993,16672.96109193717,6258.2007380723771,6291.3236077435377,0,0
2025-03-14,value_night,16014.702149317351,748.49048685382638,16763.192636171178,30388.112360168256,226.84373977027579,5,11382.971528016336,16525.372580989286,13322.813992400432,6291.3236077435377,6361.0322724111948,0,0
2025-03-15,value_night,15845.68773272223,1039.9807751457552,16885.668507867984,30500.980261069031,253.91466398042508,5,7156.4585271102096,16287.452974537799,13613.141726598555,6361.0322724111948,5894.0269199412623,0,0
2025-03-16,value_night,43809.296937712694,7.4611800000415744,43816.758117712736,72325.969200877094,1.6400000000089332,1,4103.2001759469331,21531.405517174589,16658.043425577747,5894.0269199412623,6763.354745867563,0,0
2025-03-17,value_night,42524.954167270436,3.5442408896635411e-11,42524.954167270473,70227.944986406539,7.8845818762829367e-12,0,9038.8108520881342,18882.191296991135,15551.188596006057,6763.354745867563,6478.2284731528543,0,0
2025-03-18,value_night,40112.321464160304,5622.7741946093147,45735.09565876962,66789.793152917438,1114.9094483721717,8,2791.7989536322061,21713.311480672077,17726.366199681343,6478.2284731528543,6324.2463616673522,0,0
2025-03-19,value_night,41028.992114754568,979.81667061533881,42008.808785369911,68052.46067175144,203.62481929691711,3,4369.0313986342726,21884.545401824296,17462.961759410216,6324.2463616673522,6617.0463795200885,0,0
2025-03-20,value_night,41276.854123926372,25.581681623292031,41302.435805549663,68036.469944704833,5.1879297552814707,1,1974.847188610574,21414.621445624893,17556.772576442025,6617.0463795200885,6382.6805956469079,0,0
2025-03-21,value_night,15483.242291944316,1271.8349671693725,16755.077259113688,29611.654290796905,366.89925213634581,7,15154.311759607193,16148.806187792943,13358.028921133555,6382.6805956469079,6074.3518078454972,0,0
2025-03-22,value_night,16272.415645604538,1.8316260508299821e-11,16272.415645604557,31174.225206009563,4.1975312115027918e-12,0,11355.039907420351,16332.357212253355,12394.371646997475,6074.3518078454972,7001.9492466541005,0,0
2025-03-23,value_night,40336.699235466709,131.15523964255993,40467.85447510927,66711.128281499259,18.800923113901817,1,4628.772095628995,20431.395922656906,17099.958930339406,7001.9492466541005,6390.2512100015283,0,0
2025-03-24,value_night,39355.80851858214,2.9478965268836531e-11,39355.808518582169,65177.359011269036,6.8882677339843212e-12,0,3089.5194019565474,21589.100359648692,17499.75783366953,6390.2512100015283,6376.2661629414324,0,0
2025-03-25,value_night,38864.703121661863,3158.2803458297435,42022.983467491606,64722.555249732322,569.15976694791789,11,436.06764253355982,21638.432887146191,17732.910229666184,6376.2661629414324,6147.6221728550227,0,0
2025-03-26,value_night,39496.626018012277,2.4799689413157464e-11,39496.626018012299,65732.571126301453,6.5289995632156206e-12,0,6013.8045820630978,20784.041662110634,16657.829984538948,6147.6221728550227,6344.5596859335419,0,0
2025-03-27,value_night,39284.080597518812,3.3467892679439615e-11,39284.080597518849,65205.182168283165,8.1288309417004712e-12,0,2400.4036446558694,21091.102663950089,17003.313540322786,6344.5596859335419,6433.9814831299655,0,0
2025-03-28,value_night,15037.770084050999,310.93185466225077,15348.70193871325,29181.621073659539,74.171739857153327,2,15338.0756304018,16435.221245804867,13339.384829356644,6433.9814831299655,6404.1419050691893,0,0
2025-03-29,value_night,15116.139935917587,3.9707364063446001e-11,15116.139935917627,29563.493085212169,7.7191586456137884e-12,0,18784.762616737447,15973.207757630233,12901.68647248884,6404.1419050691893,6444.8216952821376,0,0
2025-03-30,value_night,38319.063489699955,2.9690178315888711e-11,38319.063489699984,63489.007939714764,6.4943606048473157e-12,0,3903.3152409973063,20743.216152685844,16503.143153968376,6444.8216952821376,6776.8905060678671,0,0
2025-03-31,value_night,36711.602408816398,1539.6207244630409,38251.22313327944,60876.622178874502,284.49777795987086,6,891.27722315097981,19408.29794642765,16089.844696077589,6776.8905060678671,6366.7534399887627,0,0
2025-04-01,value_night,37599.362388199384,9435.6739145521351,47035.03630275152,62557.146276346517,1520.476886563323,18,391.69900180158584,18639.317244787257,15162.244600345672,6366.7534399887627,6295.2005154687668,0,0
2025-04-02,value_night,37824.298258887597,10177.498845578475,48001.797104466074,63133.465931840197,1946.8279476227372,16,675.23327146726581,20868.958081338606,16899.232873342935,6295.2005154687668,6300.3373738480268,0,0
2025-04-03,value_night,38985.498827088522,635.39813572244407,39620.89696281097,65430.789564250037,128.76955643467971,2,5365.7264841238757,21559.367996497873,17229.065626603697,6300.3373738480268,6560.3623189142254,0,0
2025-04-04,value_night,14245.589626129498,2.5641744727522564e-11,14245.589626129524,28070.152150366732,5.7998050806418178e-12,0,18605.664717214437,16590.683305934748,13556.998122782448,6560.3623189142254,6428.6460467194493,0,0
2025-04-05,value_night,14762.456782269983,2.2302553359665469e-11,14762.456782270005,29086.60896874468,5.4642956826000955e-12,0,14145.042514138433,15737.788851850486,12840.337380577572,6428.6460467194493,6325.6144794098072,0,0
2025-04-06,value_night,37896.186577707056,1.7050362455250932e-11,37896.186577707071,63511.505252289891,4.0207837059824669e-12,0,5036.2380007138563,20613.80018607539,16548.609201166022,6325.6144794098072,6490.691090026522,0,0
2025-04-07,value_night,36872.899065540143,4.2302794600601602e-11,36872.899065540187,61759.763728814753,9.5399244059990451e-12,0,4851.2486565775962,19881.149028607852,16215.353239704022,6490.691090026522,6366.6660605468978,0,0
2025-04-08,value_night,37240.688596610504,513.44157750001978,37754.130174110527,62432.45952158024,104.15125000000413,4,4382.205975695404,21172.716846757627,17371.505667539452,6366.6660605468978,6120.4382586960364,0,0
2025-04-09,value_night,37059.712824525392,10169.385248675291,47229.098073200686,62211.096570055117,1783.3888525979435,18,1120.243097586389,19397.684924667476,15657.753616267471,6120.4382586960364,6180.8506728217972,0,0
2025-04-10,value_night,37589.104656038195,2.9459325645575518e-11,37589.104656038224,63096.71174618067,6.5625282985593003e-12,0,4386.2611115143918,21145.123853698835,16895.311119032558,6180.8506728217972,6438.8942311145674,0,0
2025-04-11,value_night,13768.004440552324,1.8189865613749138e-11,13768.004440552342,27469.806573113965,4.4306780466740747e-12,0,19435.965900702417,16212.917279852434,13495.72677410755,6438.8942311145674,6035.2678117511432,0,0
2025-04-12,value_night,14589.236505846256,2.5695890498722563e-11,14589.236505846282,28992.916894832273,5.2768345248921378e-12,0,16541.14442962925,15477.549103427282,12050.937188224259,6035.2678117511432,6575.1317956976272,0,0
2025-04-13,value_night,35865.356409749002,2.9024388448206652e-11,35865.356409749031,60039.017086094471,5.3526072463228047e-12,0,2070.9418930036368,20252.517718021401,16560.801008263901,6575.1317956976272,6401.5077327347817,0,0
2025-04-14,value_night,35310.396454839458,594.82323120766534,35905.219686047123,59505.587428771745,86.985114599144737,2,3484.0086870960768,19962.793718323541,16382.261662048726,6401.5077327347817,6165.5091213940559,0,0
2025-04-15,value_night,36294.818683913341,2.4718102842324896e-11,36294.818683913363,60904.244642392165,5.1955106883383451e-12,0,6710.9212390541843,19292.843318876548,15238.948748871908,6165.5091213940559,6596.9028318586097,0,0
2025-04-16,value_night,35326.834272196968,1187.5532607092828,36514.38753290625,59308.112712782633,227.53733375010947,10,617.78477784205847,19179.63605389357,16041.362735202893,6596.9028318586097,6034.8389079151657,0,0
2025-04-17,value_night,36149.621039346457,3.224749839381147e-11,36149.621039346486,60687.488299544508,6.9865224716636476e-12,0,3632.0907956927899,20120.501135159077,15933.445981307355,6034.8389079151657,6439.4610614390531,0,0
2025-04-18,value_night,13321.424668210715,2.6535077097405992e-11,13321.424668210742,26908.263209479512,6.381471739924649e-12,0,17531.088873325207,16366.58755777754,13343.530404956566,6439.4610614390531,6343.244969042652,0,0
2025-04-19,value_night,13598.179005118436,1.3531529841070976e-11,13598.179005118449,27363.205939143463,3.7698733024171815e-12,0,17365.874011822612,16176.123807843018,12963.471130522166,6343.244969042652,6497.8995844100727,0,0
2025-04-20,value_night,35085.481581245549,3.6675408265907097e-11,35085.481581245585,58985.235356846126,8.4771079045253828e-12,0,3040.9184743007827,20215.434047781673,16228.862048569661,6497.8995844100727,6659.7212845583954,0,0
2025-04-21,value_night,34735.954135604938,3.1477870754414997e-11,34735.954135604967,58473.509924519734,7.5508488350806147e-12,0,6888.0020925888384,18231.842173300724,15163.244724703152,6659.7212845583954,6220.3295464144312,0,0
2025-04-22,value_night,34066.845625849106,3.2906263935927877e-11,34066.845625849142,57019.790033677076,7.4331651944703481e-12,0,822.12064997190021,20318.724334157592,16273.984267119078,6220.3295464144312,6424.976705912839,0,0
2025-04-23,value_night,34801.487571621357,3.7773837169297053e-11,34801.487571621394,58737.513139510484,8.0078166320163291e-12,0,3649.2986024820289,18698.435810731433,15010.137990369636,6424.976705912839,6575.6378351604199,0,0
2025-04-24,value_night,34179.11075808201,2.7043504546853111e-11,34179.110758082039,57448.89332687547,4.8347992276376317e-12,0,7124.4531973189269,18303.965081165788,15069.631651609243,6575.6378351604199,6305.1712397549181,0,0
2025-04-25,value_night,12182.088741435389,454.5807846097145,12636.669526045103,25274.288166155544,92.905479778931593,2,20797.913022434146,16002.804406447689,13433.881432947363,6305.1712397549181,5781.1602800607716,0,0
2025-04-26,value_night,13094.640751543893,4.8624054232707721,13099.503156967165,27017.998375419807,1.2525516288683027,1,23809.131293720675,15649.80311532097,12509.877115326308,5781.1602800607716,5966.1196223759698,0,0
2025-04-27,value_night,32552.488539976199,5669.71282325011,38222.201363226312,55355.80662681417,1035.4375039165752,15,3770.6880602805245,20285.605427627903,16238.520540511014,5966.1196223759698,6180.3639066732931,0,0
2025-04-28,value_night,33032.02247429487,30277.21369873306,63309.23617302793,55507.912500155282,4792.6386611630469,28,726.72173874314262,15357.074998930206,12405.212893021684,6180.3639066732931,6218.1615245752764,0,0
2025-04-29,value_night,34835.267281852481,1335.9010698639527,36171.168351716435,58860.453849841331,200.31572424370006,7,7962.7184279015528,17917.208678195391,14252.371248678588,6218.1615245752764,6507.6812808638078,0,0
2025-04-30,value_night,33457.886539700616,74.784042441289955,33532.670582141909,56408.052997249426,16.494054354056008,1,5046.9772785657588,18183.542767934705,15062.827428230319,6507.6812808638078,6136.3948517491317,0,0
2025-05-01,value_night,33088.027283766751,12257.232598472052,45345.259882238803,55535.361534509604,1991.7303514061018,20,3421.8134187979094,19576.491206741164,16482.591539623376,6136.3948517491317,5441.2463382346577,0,0
2025-05-02,value_night,12560.76335260775,16840.288303062291,29401.051655670039,25773.370030942777,3348.6721304011658,27,11860.349877911725,15827.352157818699,12855.979957719821,5441.2463382346577,5401.4411050272429,0,0
2025-05-03,value_night,13129.478745552678,9320.8402657050592,22450.319011257736,26907.298663651505,1692.9873672172573,10,16429.45130582435,16151.793610004541,12848.130534960135,5401.4411050272429,5662.3547596311782,0,0
2025-05-04,value_night,32960.453710710513,11558.127519266669,44518.581229977179,55731.210282145257,1888.9055351319616,12,2534.4006935692805,18361.739303270071,15010.691512895482,5662.3547596311782,5509.3740071348248,0,0
2025-05-05,value_night,33884.944181961611,13462.521269456111,47347.465451417724,57728.118834592358,2196.006021463415,19,942.27092989781306,21217.830196843042,17311.983070685092,5509.3740071348248,5369.8844390879167,0,0
2025-05-06,value_night,33051.830201902412,11811.626150806365,44863.456352708774,55885.045761717163,1931.7352766982997,13,999.50688098578053,21297.92308814812,17350.731297385104,5369.8844390879167,5259.4248879933348,0,0
2025-05-07,value_night,38340.479854611964,3587.2910654824041,41927.770920094365,64442.567047692639,530.48386650913403,3,5208.4159194276135,20516.203891410856,15819.414846636699,5259.4248879933348,6146.8807828890012,0,0
2025-05-08,value_night,40974.398401745828,243.22893262502558,41217.627334370853,66495.697348451955,35.999250000004906,1,5818.3118467754221,19690.685393830987,14803.813042154447,6146.8807828890012,7419.8164793875021,0,0
2025-05-09,value_night,17035.908939182256,1.9677296236864092e-11,17035.908939182274,30959.046388957064,5.0359716396997101e-12,0,19129.627568414529,16050.943173583466,12720.910203040934,7419.8164793875021,7731.320665567142,0,0
2025-05-10,value_night,16876.830492609643,2.4308135948558628e-11,16876.830492609668,30640.522474943609,5.2935433814127464e-12,0,15712.971980883951,15558.060875685358,12751.555664959036,7731.320665567142,7565.1802703961484,0,0
2025-05-11,value_night,39157.566290777613,230.05813765836245,39387.624428435978,63648.830356097416,34.144212122232709,2,5111.0891419798718,17608.189829899326,14520.383486992883,7565.1802703961484,7278.7916873134554,0,0
2025-05-12,value_night,40009.736640224452,2.3532677584370277e-11,40009.736640224473,65283.597185207211,4.6722625768325088e-12,0,10169.172924457125,15912.893496129665,12729.66446871291,7278.7916873134554,7456.3242019269237,0,0
2025-05-13,value_night,39756.599498769938,2.1922129889162534e-11,39756.59949876996,64994.477886772933,4.1460168631601846e-12,0,8653.3455691148702,17687.424822484074,14475.505271492675,7456.3242019269237,7291.1117960596239,0,0
2025-05-14,value_night,39380.606785216667,1.9824097696741205e-11,39380.606785216689,64262.12978844843,4.3096637369899327e-12,0,8046.3256937934502,17244.142188104815,14042.486876783167,7291.1117960596239,7208.0765689282216,0,0
2025-05-15,value_night,38398.551071751979,3.5083683069814241e-11,38398.551071752016,62649.194710562741,7.4745765132888664e-12,0,6093.3793414960273,18269.584212044017,14478.827126310631,7208.0765689282216,7563.1166638671348,0,0
2025-05-16,value_night,14862.061325200444,2.0341710094129434e-11,14862.061325200464,27505.917431637285,4.6851411639181606e-12,0,22774.939036478005,15664.868818692661,13649.396956866714,7563.1166638671348,6495.5019819497375,0,0
2025-05-17,value_night,16078.949431977147,2.1918558523736922e-11,16078.949431977169,29946.182030318334,5.4143356464919634e-12,0,16045.777947649944,16025.059150398025,12573.454151062966,6495.5019819497375,6947.5506050157819,0,0
2025-05-18,value_night,38130.639678928579,1.9931228223413202e-11,38130.639678928601,61981.072911706528,4.5670134340980439e-12,0,4391.7773872203661,18536.949682157276,14623.822257671112,6947.5506050157819,7382.1139215449784,0,0
2025-05-19,value_night,37054.513875986762,451.90398166668905,37506.417857653454,60444.091018308412,67.003333333337494,1,10492.292132062226,16429.92808478263,13926.342415203115,7382.1139215449784,6695.3354031792242,0,0
2025-05-20,value_night,36830.578072407123,3.5335423143045828e-11,36830.578072407159,60195.081179492467,7.0454753142712434e-12,0,2128.4279901492864,18265.11156732525,14725.853194648727,6695.3354031792242,6771.87670860669,0,0
2025-05-21,value_night,37510.102136127141,2.0502371356201361e-11,37510.102136127163,61384.032129561339,4.0243364196612674e-12,0,6740.2453990615313,16930.73226128249,13649.560814116019,6771.87670860669,6843.3570614097971,0,0
2025-05-22,value_night,35896.31972543757,17.333365000017441,35913.65309043759,58763.389540906996,2.5700000000042937,1,4258.0137152883499,18255.907890090763,14564.592881138786,6843.3570614097971,7090.7931834483907,0,0
2025-05-23,value_night,14445.804674714338,1243.7896341637079,15689.594308878046,27152.794476759769,323.48004037992331,7,18015.404678979747,16774.229499710564,13734.308544883956,7090.7931834483907,6927.2569055390586,0,0
2025-05-24,value_night,15728.537823000039,1.8480534033638032e-11,15728.537823000057,29120.867783376838,4.0916436905291675e-12,0,21921.662175562797,16031.262730239541,12586.558505758836,6927.2569055390586,7370.3283563559389,0,0
2025-05-25,value_night,35861.732781592,2.857203751371884e-11,35861.732781592029,58704.302695831728,6.1668448125828945e-12,0,7357.2479870341103,16659.218138716278,13857.173613251996,7370.3283563559389,6966.7651109205981,0,0
2025-05-26,value_night,35695.158128027608,2579.9165371895874,38275.074665217195,57862.755881154582,396.7180182918396,6,810.63499566042185,17639.346478022839,14770.340524236846,6966.7651109205981,6430.6874697668763,0,0
2025-05-27,value_night,36647.826144120176,2.1340171851846889e-11,36647.826144120198,59798.746297283331,5.7993609914319677e-12,0,6519.1886625777715,17879.63953921499,13990.44920450943,6430.6874697668763,6977.419494494332,0,0
2025-05-28,value_night,36017.981207577497,1.8195035256240998e-11,36017.981207577519,58581.651780521272,4.2463810245862987e-12,0,2582.3628618265625,18750.379673314783,15024.914854620072,6977.419494494332,7158.4113620108883,0,0
2025-05-29,value_night,35257.963093992745,233.87681211973307,35491.83990611248,57696.640969277141,34.17338467169585,2,800.68583177199548,18844.448666822725,16024.443644645886,7158.4113620108883,6313.4777792114646,0,0
2025-05-30,value_night,14592.102141781987,2.8838063492742095e-11,14592.102141782016,27716.782242632464,6.1888272284704726e-12,0,17691.105809139546,16451.350405047873,13021.907238221618,6313.4777792114646,6650.9073235083106,0,0
2025-05-31,value_night,14680.697456760066,119.30317442156021,14800.000631181627,28022.478610262813,29.507122447247415,2,16336.301430026946,16994.922587834015,13668.419835150908,6650.9073235083106,6759.2045023912524,0,0
2025-06-01,value_night,35749.221176849649,73765.878584009391,109515.09976085904,58925.479811117373,13045.399308167371,67,9.8994115124662585,12101.325120905216,11365.171713132944,6759.2045023912524,5022.4285410582324,0,0
2025-06-02,value_night,40283.292148768101,34877.491024230927,75160.783172999028,66729.418956308597,6573.7047604956178,44,618.83463394855858,20036.95073279857,15993.469099942915,5022.4285410582324,5285.1629784181505,0,0
2025-06-03,value_night,39604.201698751203,35055.084621808484,74659.28632055968,65804.004003481998,6262.8778659593227,51,66.086733442504169,19198.111808038451,15389.683505372966,5285.1629784181505,5463.8152663494657,0,0
2025-06-04,value_night,42860.480885083482,16241.177381403284,59101.658266486767,71154.872552952918,2692.463736068486,33,253.3764604338412,20865.029023506995,16916.330011586102,5463.8152663494657,5446.4191524100988,0,0
2025-06-05,value_night,43957.588967765703,15695.371345624799,59652.960313390504,72471.039082548523,2759.0695193989604,38,42.228418342883856,21951.031459858696,17912.469292920763,5446.4191524100988,5299.603807482079,0,0
2025-06-06,value_night,17365.164945631543,21029.16790592713,38394.332851558676,32026.443944773713,4075.508354630023,39,2197.1358558701982,15862.600721693179,12812.779678159641,5299.603807482079,5339.5225923841199,0,0
2025-06-07,value_night,18503.933330774071,8740.7408525438877,27244.674183317959,33895.774887908789,1325.8354046524846,10,787.91477423885408,16117.406932912723,12810.224581256974,5339.5225923841199,5611.6059639422601,0,0
2025-06-08,value_night,53721.31987356265,3.5154574362650236e-11,53721.319873562687,85891.600924170896,6.7741368070528551e-12,0,15403.169223987559,18214.53733185192,12911.028898335242,5611.6059639422601,7659.1018977920503,0,0
2025-06-09,value_night,51203.860620719795,76.851844639123371,51280.71246535892,81342.118854754139,11.394743070523461,1,7156.9783288892868,19441.904066237483,16178.081530635425,7659.1018977920503,7181.1694122553135,0,0
2025-06-10,value_night,51710.235981944024,2.1408859574023612e-11,51710.235981944046,82279.887485172279,4.4320103143036249e-12,0,6642.0504789160077,20436.884398855058,16417.491625932133,7181.1694122553135,7332.7080090780591,0,0
2025-06-11,value_night,52536.619535195656,2358.4494210253279,54895.068956220981,83747.437321970749,489.2678484082943,5,3623.0253085899785,23438.910466799083,18909.676921676677,7332.7080090780591,7416.9752940009266,0,0
2025-06-12,value_night,54544.415124727762,2.574900026530713e-11,54544.415124727791,85955.682599191045,4.936495656693296e-12,0,9331.0900569565238,20082.607761256993,15910.406652355798,7416.9752940009266,7813.0926654035584,0,0
2025-06-13,value_night,22411.717523901418,1.1318594062004194e-11,22411.717523901429,37446.389946968811,2.8461677459290513e-12,0,6335.2386357664327,16026.09365961613,13260.256048413758,7813.0926654035584,7502.9591274872319,0,0
2025-06-14,value_night,22836.634648441723,1.4665741510100363e-11,22836.634648441737,38461.86835496105,3.0859759192480851e-12,0,9337.1324085302149,15270.70603943435,12339.312843003514,7502.9591274872319,7536.246959640911,0,0
2025-06-15,value_night,54321.037856477175,3.3299952129084432e-11,54321.037856477211,85698.375870810298,6.5636385215839255e-12,0,10995.385824608369,19777.898914241028,15701.883201372435,7536.246959640911,7889.819092044022,0,0
2025-06-16,value_night,53147.057971065296,2.274053789719233e-11,53147.057971065318,83670.654425777466,4.226841099352896e-12,0,7636.3616280270917,20166.42035487308,16826.180373789364,7889.819092044022,7343.8414405527246,0,0
2025-06-17,value_night,52221.549092514579,159.86034404372961,52381.409436558308,83095.718356496072,23.712874589298298,1,4885.2662701514646,21102.409879857041,17505.2561355898,7343.8414405527246,6885.7257373242828,0,0
2025-06-18,value_night,53403.727999748269,53.446672083609101,53457.174671831875,84806.81351011715,7.9285969564784011,1,10047.307624648722,18675.343448062453,14836.299865637549,6885.7257373242828,7208.7572120943296,0,0
2025-06-19,value_night,51977.978606447803,611.24821138415939,52589.226817831965,82578.076257204928,90.784518480419408,2,11167.568586662719,19110.09053190946,15868.302542886826,7208.7572120943296,6776.391420938593,0,0
2025-06-20,value_night,21417.381814639586,2.1936247485143667e-11,21417.381814639608,36344.91131415499,5.3423931944962533e-12,0,10991.517713055251,14742.411938353598,11789.59918725386,6776.391420938593,6945.007512952543,0,0
2025-06-21,value_night,21120.394353449967,8.5975697672324719e-12,21120.394353449974,36315.396403006038,2.4851232183209504e-12,0,13248.307532152881,16651.674105086706,12919.325634233555,6945.007512952543,7576.707947271072,0,0
2025-06-22,value_night,49849.525809512321,4.2578469032985744,49853.783656415617,79717.403757654305,0.63337254047004943,1,9240.8604566220201,18924.596084266934,15904.760510694188,7576.707947271072,6936.8883001177737,0,0
2025-06-23,value_night,49991.120818912183,49.120268093609894,50040.241087005794,80030.818630702677,7.2247863921280082,2,9290.0541709350073,20514.631571011909,16827.928324852117,6936.8883001177737,6702.3585753039233,0,0
2025-06-24,value_night,48594.050340119677,17754.419784928505,66348.470125048188,78156.121399382566,3409.4958457918924,21,1319.5739823392469,21830.669433940831,17853.41842110562,6702.3585753039233,6512.8294868444182,0,0
2025-06-25,value_night,50736.570245021227,2.6266863351054329e-11,50736.570245021256,81223.120788913628,6.0094151876910473e-12,0,6270.2253346045691,21564.175766690838,17048.701679048441,6512.8294868444182,6977.5858112567921,0,0
2025-06-26,value_night,49779.425981925939,270.09051408745381,50049.516496013392,79501.131353664241,40.005361151504509,2,8353.1492110958097,20623.142026706773,16982.538356320183,6977.5858112567921,6668.9265727149132,0,0
2025-06-27,value_night,19390.897652617212,52.45581883998419,19443.353471457194,33603.879999542682,28.25522156745085,1,10631.628652712743,16844.025849151152,13615.165147420437,6668.9265727149132,6700.5885620393547,0,0
2025-06-28,value_night,19018.994743355135,1.5739642478251883e-11,19018.99474335515,33742.683365268458,3.2431834995350073e-12,0,8930.8363706416403,16490.388306252182,13455.467428292031,6700.5885620393547,6591.4186728973982,0,0
2025-06-29,value_night,49383.676970607077,3.9706926191485081e-11,49383.676970607114,79695.775212210632,8.1832318699071038e-12,0,6074.9630456752748,20517.784061658887,16164.740428456855,6591.4186728973982,7096.6016301050031,0,0
2025-06-30,value_night,49713.743680477157,497.06996983100237,50210.813650308162,79389.970023095317,73.797866260980783,2,6338.9316417018917,19945.612500739891,16698.46023641881,7096.6016301050031,6493.8081736388976,0,0
2025-07-01,value_night,48086.843125713393,22624.50310861168,70711.346234325072,77822.950442821137,4506.3234812013852,40,742.84473380705663,21033.234749732623,18313.3495928505,6493.8081736388976,5075.5532341199223,0,0
2025-07-02,value_night,58116.534980978984,1023.07674006047,59139.611721039451,92265.554262423015,151.71401797088214,5,14687.205773318974,18908.518933800857,14083.222793392615,5075.5532341199223,6445.1949485488976,0,0
2025-07-03,value_night,51774.4408747532,7929.292358063165,59703.733232816361,82769.047054824914,1254.5568857557175,16,558.95093066689265,22064.531500685578,18360.297424105192,6445.1949485488976,5902.9428279379363,0,0
2025-07-04,value_night,21195.761827030215,16253.747783541043,37449.509610571258,36732.07670158289,4201.9505277964745,33,9985.0751515027641,15480.710214198138,13412.625602988204,5902.9428279379363,4932.6646840627009,0,0
2025-07-05,value_night,21080.9413194238,21683.501470991912,42764.442790415713,37697.740210929529,4727.4095191611732,42,10363.689966666665,15688.269609502935,12416.889812745572,4932.6646840627009,5255.5630962313753,0,0
2025-07-06,value_night,45149.143405264607,51794.786815095984,96943.930220360591,73899.568636640295,9700.6211155209112,62,204.74340508563591,19342.649564210915,15741.184767135357,5255.5630962313753,5173.7424072041376,0,0
2025-07-07,value_night,45541.706409941326,17507.201010493576,63048.907420434902,74267.532798611792,3466.4511149879427,38,178.49830219564527,21386.892734558547,17240.889889821126,5173.7424072041376,5265.4015462833531,0,0
2025-07-08,value_night,55422.485776270303,412.25246489781114,55834.738241168117,88629.307881550194,60.81034758230107,2,7102.0061501613927,23469.350864661988,17452.625802357561,5265.4015462833531,6996.0108774151904,0,0
2025-07-09,value_night,56881.84486060073,2.0035214376434855e-11,56881.844860600751,89591.802448750954,3.7463365742951282e-12,0,11201.616196228631,19658.532950280183,15327.071714424517,6996.0108774151904,7658.6108499734482,0,0
2025-07-10,value_night,55463.992392403197,2.6035550604319729e-11,55463.992392403226,87182.665644860273,4.6469494918710552e-12,0,10794.898487805578,19659.905612751099,16125.761839029736,7658.6108499734482,7435.0127469719591,0,0
2025-07-11,value_night,27641.373157848349,1.8910093046997644e-11,27641.373157848368,45353.579944113531,4.2881254103122046e-12,0,9852.6258133425144,16429.914898430707,13447.737917659691,7435.0127469719591,7280.0051359377167,0,0
2025-07-12,value_night,28404.194141598153,1.3892304195906036e-11,28404.194141598167,47027.729933276059,2.4087398742267396e-12,0,12811.376759024663,15579.260127353007,12447.150286434942,7280.0051359377167,7471.1722656277097,0,0
2025-07-13,value_night,56567.526980604584,131.72404560210933,56699.251026206693,89084.404063690716,19.586518655414508,2,16000.511753285668,18401.861421673559,14566.1029926131,7471.1722656277097,7848.2886644526907,0,0
2025-07-14,value_night,54439.734480547369,1.7488904990869969e-11,54439.734480547384,85797.498760098068,2.9727331707363192e-12,0,11266.647196163522,17056.399588133099,14333.227240865213,7848.2886644526907,7273.2402483666901,0,0
2025-07-15,value_night,56142.934841987095,1.5630552852030634e-11,56142.934841987109,88401.090101147449,3.1725733151688473e-12,0,11335.840459925932,18386.429402742957,14070.230344854761,7273.2402483666901,8187.437438774512,0,0
2025-07-16,value_night,50242.686079837731,406.11286180078997,50648.798941638524,79569.988410601378,60.153187954556259,2,5306.1673926330814,18419.617166566139,16230.206343976621,8187.437438774512,6731.5302842655747,0,0
2025-07-17,value_night,52065.867311176829,4.3469160715403631e-11,52065.867311176873,82808.877839927212,8.7956308902903402e-12,0,5991.4597941838274,21288.198893252847,17191.196914176115,6731.5302842655747,6789.5793835530121,0,0
2025-07-18,value_night,25449.635834879969,1.223864565247368e-11,25449.63583487998,42412.384859336235,3.7712055700467317e-12,0,8321.2291182505032,15918.404826220612,13101.497185134878,6789.5793835530121,6558.9246325572522,0,0
2025-07-19,value_night,26144.515873663979,1.2240036539878928e-11,26144.51587366399,43991.850196271393,3.3395508580724709e-12,0,13899.151805822581,15331.431535647442,12421.552195198627,6558.9246325572522,6555.4883533081475,0,0
2025-07-20,value_night,53049.515973175818,3.3135790555860468e-11,53049.515973175854,84374.167128297253,6.1035621001792606e-12,0,7621.9251584309131,20251.160565155347,15588.896811955667,6555.4883533081475,7460.5364042194442,0,0
2025-07-21,value_night,52393.39074567717,1.321810933318581,52394.712556610488,82891.981164961922,0.18947977828743312,1,5625.1784762984717,19754.652150831542,16477.409332389801,7460.5364042194442,6931.4907484236101,0,0
2025-07-22,value_night,52884.052164680979,463.25420078861032,53347.306365469587,83964.626174548786,68.661517323709106,3,6443.1909007299582,20096.031222198289,16301.079047722418,6931.4907484236101,6905.608795377163,0,0
2025-07-23,value_night,51613.380791802396,242.69408055962481,51856.07487236202,82264.636652001194,36.001206780824461,4,4361.1506775353128,21313.654415213132,17590.714350633101,6905.608795377163,6542.6596016988669,0,0
2025-07-24,value_night,51878.230366736563,85.684117967889193,51963.914484704452,82674.075316418981,12.710501021582271,2,5047.4543978509937,20315.70624907688,16292.846829487313,6542.6596016988669,6723.6320819932689,0,0
2025-07-25,value_night,24801.783685763658,1.3618980609919618e-11,24801.783685763672,41497.70324692774,3.1858959914643492e-12,0,12583.960237663498,16169.444176078103,13761.020733480529,6723.6320819932689,5986.1088032629723,0,0
2025-07-26,value_night,25583.194349104997,1.4521611496620678e-11,25583.194349105011,43265.875681481179,3.7661540552846873e-12,0,11195.540644450415,16390.377713191396,12789.134242827298,5986.1088032629723,6527.2995864382292,0,0
2025-07-27,value_night,51950.699290445395,2530.0817745354166,54480.781064980809,82908.319438646708,502.37715310046724,4,4790.5305771447947,22711.996041240538,17777.01982663817,6527.2995864382292,7215.8517717345276,0,0
2025-07-28,value_night,51093.758344470189,7014.7014062193912,58108.459750689581,81179.033980799199,1299.0325692759404,26,1630.6867680293567,20213.321906112727,17320.819357400276,7215.8517717345276,6162.4866456801228,0,0
2025-07-29,value_night,53994.544152663773,217.86510677041963,54212.409259434193,86097.701787308979,32.357805847382949,1,5167.2899060427681,21823.702511445659,16930.178774332056,6162.4866456801228,6992.5091567233758,0,0
2025-07-30,value_night,51069.531372573903,3.4577162466575827e-11,51069.53137257394,81487.242280962266,8.5869089616608107e-12,0,3726.9326575673385,21495.318377028383,17838.262803633443,6992.5091567233758,6518.00369201176,0,0
2025-07-31,value_night,51090.35981933221,2506.6373323999628,53596.997151732176,81873.587359654965,367.13413626492218,8,3725.357381973743,21459.441245999369,17639.073398719895,6518.00369201176,6232.5303703890859,0,0
2025-08-01,value_night,24117.493451128397,1801.7990533049513,25919.29250443335,40441.387076217143,777.34347346042932,6,17361.611547969398,15553.910387518725,12948.151052477224,6232.5303703890859,5844.215216403466,0,0
2025-08-02,value_night,24299.148233954165,162.59118967645253,24461.739423630617,41443.64835446424,30.266301442396983,3,16996.689522233894,16425.501108670782,12875.300908331368,5844.215216403466,6321.2763160612039,0,0
2025-08-03,value_night,48489.111602464618,1839.9375223831407,50329.049124847756,77814.931955958367,292.11775287573874,13,11866.303831782576,18380.270355336048,14979.004461617857,6321.2763160612039,6220.1813451771441,0,0
2025-08-04,value_night,47377.147570432222,321.97553361821235,47699.123104050435,75505.768804694802,47.75160490142747,3,6327.0954261076422,19022.53512565243,15211.765225497178,6220.1813451771441,6438.5015966007986,0,0
2025-08-05,value_night,47641.165146543353,153.36549755454939,47794.530644097904,75648.192098278902,22.742332475513614,2,6675.1228947315449,18912.050600486022,15068.548797796493,6438.5015966007986,6716.515139486557,0,0
2025-08-06,value_night,43331.286521692586,13978.834064685425,57310.120586378012,68387.435779546387,2826.3974910975116,31,416.28906308110197,18379.099620161298,15695.954679265165,6716.515139486557,5817.7551540037766,0,0
2025-08-07,value_night,44792.12324796179,350.49430091903423,45142.617548880822,70482.132383712218,51.900879859078778,3,2846.3901828561134,20681.581022644412,16381.92319192924,5817.7551540037766,6229.041194462372,0,0
2025-08-08,value_night,22685.687556826735,2235.3417571594855,24921.029313986219,38606.649004802312,532.47681740541896,9,20655.79948100929,16218.794735508305,13510.639644309871,6229.041194462372,5814.1346294088798,0,0
2025-08-09,value_night,23012.088787878893,102.35680025380995,23114.445588132701,39535.707329394223,25.6790768323654,1,17309.489786121288,16523.979561927321,13194.011941822026,5814.1346294088798,6025.702966452327,0,0
2025-08-10,value_night,44413.616228390099,2154.7363861096001,46568.352614499701,69645.761913605238,369.27545555484556,8,826.26111337140333,19162.966814807125,15278.809609018444,6025.702966452327,6295.9179786471295,0,0
2025-08-11,value_night,46225.697841720292,707.72855326158879,46933.426394981878,72865.832723483909,104.99161106097166,5,4510.3647654840361,20061.227300629012,16162.021064901506,6295.9179786471295,6393.2213659893387,0,0
2025-08-12,value_night,45233.135062645189,7652.3785377958984,52885.513600441089,71307.891774712771,1454.4097303713163,22,1399.8637293555471,18579.879824757663,14977.985699029119,6393.2213659893387,6472.9068760166656,0,0
2025-08-13,value_night,44425.201824296506,2709.3229944385803,47134.524818735088,69842.378716686246,411.75838960444327,11,642.03188623081576,19001.985048713264,15510.85927865339,6472.9068760166656,6340.4053324659435,0,0
2025-08-14,value_night,44812.596238671162,3098.5510289666809,47911.14726763784,70926.800122582936,499.66576295509014,11,1630.3188775314186,21306.603834017566,17436.747809344291,6340.4053324659435,6142.1845504769917,0,0
2025-08-15,value_night,22562.84765624287,3793.2927834009179,26356.140439643787,38190.739342567533,1293.8871667409885,12,19809.501779352853,16100.680952515524,13585.283105893195,6142.1845504769917,5538.0384011929691,0,0
2025-08-16,value_night,23219.036316573722,1522.3579506131723,24741.394267186894,39944.940217867406,269.86183943558331,4,19592.191429870123,16533.60719371794,12840.276932951745,5538.0384011929691,6151.3105055927326,0,0
2025-08-17,value_night,44707.355358772693,800.59402969138375,45507.949388464076,70283.876242675586,118.84198302830073,5,3145.1832069058028,20389.816141482272,16297.674739350861,6151.3105055927326,6393.6175447591531,0,0
2025-08-18,value_night,45142.097629606287,988.76180527551514,46130.859434881801,70880.759645489306,145.50596214592377,4,2552.1078113809076,20828.884767410811,16748.842587823154,6393.6175447591531,6529.7887378476044,0,0
2025-08-19,value_night,46269.661284650552,817.83896684112096,47087.50025149167,72554.001469877927,121.20199652995058,3,4782.8840810822157,18809.967156531027,15235.307821205372,6529.7887378476044,6530.639377386231,0,0
2025-08-20,value_night,44088.959052183527,31741.659606940455,75830.618659123982,68975.864371277828,5222.5391582753837,31,831.66912761723381,16896.48437155463,14180.44103628532,6530.639377386231,5981.4297159128246,0,0
2025-08-21,value_night,46195.90433970427,119.18576438983987,46315.09010409411,72586.982651739119,17.6723038514506,4,2761.1786404895138,19130.335365055806,15131.277533288097,5981.4297159128246,6386.2009519207277,0,0
2025-08-22,value_night,22686.130494717174,4021.4604792606087,26707.590973977782,38495.213455189732,1036.414079888375,16,15826.210050083742,16229.516000413925,13754.667915419566,6386.2009519207277,5709.8010018270752,0,0
2025-08-23,value_night,24326.233606810682,1.6806852798367799e-11,24326.2336068107,41420.225564399152,3.6754210785971964e-12,0,15271.612667797908,15903.64182259882,12285.035075997574,5709.8010018270752,6373.039668835373,0,0
2025-08-24,value_night,46000.34667027089,1741.7785940499718,47742.125264320865,72482.629969212168,328.63006346694294,15,5393.5348278643069,20158.880978692177,16474.745257210707,6373.039668835373,6210.7600416464311,0,0
2025-08-25,value_night,46235.399033349851,14741.887095253978,60977.286128603831,72504.369226712268,2724.2951929742562,24,955.38448510310695,18536.01244656149,15035.819528644748,6210.7600416464311,6186.7051006131624,0,0
2025-08-26,value_night,47794.332899904919,146.37639480685198,47940.709294711771,75501.10733796288,20.982854760158695,1,5564.9704642788147,20490.811266948804,16062.509921837896,6186.7051006131624,6781.2019943805344,0,0
2025-08-27,value_night,45591.914361619871,5606.0702288648326,51197.984590484702,71232.376843433129,949.80148411527978,20,972.25946312584426,20460.647371144722,17164.877373388834,6781.2019943805344,6123.6986579787399,0,0
2025-08-28,value_night,46604.956869849826,13856.525196376951,60461.482066226774,73160.225614643379,2281.6162616341021,21,974.90761402283931,19111.024065067904,15411.884786146602,6123.6986579787399,6199.3038874880776,0,0
2025-08-29,value_night,24357.055488072489,1581.5855446423564,25938.641032714844,40596.612738227821,403.55916380804592,4,15294.587999178835,16595.688186302585,13445.324633445556,6199.3038874880776,6196.1736624431205,0,0
2025-08-30,value_night,24402.013009340262,2.3485816014190419e-11,24402.013009340284,41244.839384798775,5.7308602308125955e-12,0,19869.816696385027,15522.226281242827,12659.92342616241,6196.1736624431205,6099.5957309367659,0,0
2025-08-31,value_night,47394.421083609137,471.99660477104817,47866.417688380185,74627.046590660306,69.571948525272958,3,3185.013906114556,21164.485879804684,16299.504330066993,6099.5957309367659,7037.0726560198827,0,0
2025-09-01,value_night,47269.336387054464,2.5453516627749196e-11,47269.336387054485,74223.79169398488,4.9809045776783023e-12,0,14832.9646472528,18839.102203609662,13022.409690210899,7037.0726560198827,9522.9205390342468,0,0
2025-09-02,value_night,38091.34652055442,1.1280499201404836e-11,38091.346520554434,58988.399775667029,2.8048674494129955e-12,0,3303.2943397449008,18035.077019407996,16407.727433485867,9522.9205390342468,7523.6815970727057,0,0
2025-09-03,value_night,38693.826927189337,2.3505172030979791e-11,38693.826927189359,60716.513538396735,6.4810379285518138e-12,0,1857.6537930768916,18424.155288657148,15113.012793337299,7523.6815970727057,7313.184919822691,0,0
2025-09-04,value_night,37638.4745251891,287.52751567149124,37926.002040860592,58961.421850129358,49.156467199457346,3,1983.5417756382544,19975.298270339641,16873.827278649078,7313.184919822691,6542.2563868516118,0,0
2025-09-05,value_night,16666.100146679135,4316.1363070741882,20982.236453753321,29528.78212189328,1387.2091961035244,11,21458.469630527816,16087.584656883027,13454.32463608071,6542.2563868516118,6071.8329824011062,0,0
2025-09-06,value_night,18497.489122871568,2113.6930792083667,20611.182202079934,32732.71824998438,517.95882918345558,6,21187.563454595755,17330.097751229798,12988.067826657716,6071.8329824011062,7237.7344844437957,0,0
2025-09-07,value_night,38291.30854401851,1.301301688627632e-11,38291.308544018524,59810.508804411525,2.4948931809376518e-12,0,861.64319339022109,20218.903655487382,16231.021661132745,7237.7344844437957,7400.2792620127193,0,0
2025-09-08,value_night,31213.048863885819,50279.678596500657,81492.727460386479,50066.25037002685,9915.2166213427045,65,0,13766.783391872566,13180.885933836342,7400.2792620127193,5144.9554993243191,0,0
2025-09-09,value_night,33657.264491639151,22238.548466835109,55895.812958474256,54799.737716347008,4193.2769605484646,38,1652.5257471329048,20675.4996347419,16437.844971646013,5144.9554993243191,5488.6329798742381,0,0
2025-09-10,value_night,35911.337927128472,40950.168125246608,76861.506052375073,58133.346765789247,6848.063228901703,43,140.93663085425351,17129.976903564006,13605.502189727309,5488.6329798742381,5788.3875378292814,0,0
2025-09-11,value_night,36922.927114324761,7017.4318868454193,43940.359001170182,60259.836730935182,1120.7289760839569,10,3852.8528658433429,20992.776542809544,16961.149484967085,5788.3875378292814,5836.1647763944411,0,0
2025-09-12,value_night,14808.700289533459,12569.928492491661,27378.62878202512,27676.587335630589,3394.7319225849592,26,17086.101448210597,15656.340758536553,13222.779148531603,5836.1647763944411,5234.8946273755555,0,0
2025-09-13,value_night,16041.883757758362,9327.5419286547622,25369.425686413124,30213.430954348925,1761.7753673893867,15,20554.829099999999,15912.990361627351,12499.714623222375,5234.8946273755555,5668.0141492597568,0,0
2025-09-14,value_night,35636.268795165102,33590.975438091184,69227.244233256293,57850.088887773047,5515.0028048271342,40,45.620411650372944,17516.330187428208,14296.183656478403,5668.0141492597568,5548.0628107469192,0,0
2025-09-15,value_night,39032.034021698157,3250.1313062945192,42282.165327992676,63525.692820339886,479.12577987974709,7,4522.8507311675376,21908.821321228483,17493.88408550973,5548.0628107469192,5828.3530159528518,0,0
2025-09-16,value_night,38033.709408741051,11365.165648865936,49398.875057606987,61355.501077192908,1885.8861652445219,26,50.264946219389572,19814.947335266581,16115.59502238188,5828.3530159528518,5755.5889261573557,0,0
2025-09-17,value_night,42792.976593743297,1.6002599689812768e-11,42792.976593743311,68819.688602613169,3.2986946507662651e-12,0,4261.1814707664962,20948.68422637754,16350.295494530865,5755.5889261573557,6442.409735973959,0,0
2025-09-18,value_night,40642.056530678805,805.68722076069037,41447.743751439499,65377.839603677407,143.73553780704515,5,3058.7893677429211,20289.848615737541,16783.113958662674,6442.409735973959,6055.3690916236628,0,0
2025-09-19,value_night,17676.83762131806,1109.0494106772239,18785.887031995284,31945.306711029283,332.52075075775053,7,13161.060255923117,16286.73648255813,13271.321593360884,6055.3690916236628,5967.5190444138861,0,0
2025-09-20,value_night,18076.861231616909,367.83007865270213,18444.691310269613,33027.740475402621,58.870251513764337,3,13955.104881114752,16734.383840009094,13248.311727540799,5967.5190444138861,6308.1181364878548,0,0
2025-09-21,value_night,42539.373664494989,2.6013271314795357e-11,42539.373664495019,68644.413992108472,4.5627945866044683e-12,0,6449.7714426809716,19417.060479827778,15509.905413733613,6308.1181364878548,6550.2443308510601,0,0
2025-09-22,value_night,42884.725505660899,125.58313936003952,43010.308645020938,68683.123254108737,18.634908240193404,2,4882.2527734487676,19133.497922026872,15928.012416460038,6550.2443308510601,6072.6008868307572,0,0
2025-09-23,value_night,44413.785518586119,2.1993689926790556,44415.984887578801,71561.086547277315,0.32609815296722627,1,4886.1260513097168,21345.579100079834,16786.908089292596,6072.6008868307572,6631.5019776886247,0,0
2025-09-24,value_night,45280.837646283668,1.6412037950885862e-11,45280.837646283682,72324.435871019814,2.936317855528614e-12,0,7194.6280923537042,19994.23861561394,15927.655936947815,6631.5019776886247,6928.9212462435989,0,0
2025-09-25,value_night,44237.948236034856,103.49743166669633,44341.445667701555,70510.3318846701,15.371666666672022,1,6802.9292870614881,19070.46636098524,15683.140996709953,6928.9212462435989,6666.6287525637008,0,0
2025-09-26,value_night,18829.493652115812,2.9222374298143452e-11,18829.493652115842,33459.807959435508,6.7030825334768451e-12,0,13054.614885786754,15572.205417401985,12861.255843753224,6666.6287525637008,6391.329357388574,0,0
2025-09-27,value_night,18981.627516915607,2.9245318611259564e-11,18981.627516915636,34150.9110997385,7.0721206668622472e-12,0,13745.837376473944,16196.995893573127,13593.224420308572,6391.329357388574,5865.0429723726429,0,0
2025-09-28,value_night,46085.15045926952,39.561369166692273,46124.711828436215,73940.869334211806,5.8683333333382315,1,5208.8057869621061,21952.772824166968,16702.470110250593,5865.0429723726429,7064.2383916222507,0,0
2025-09-29,value_night,45820.723163714509,39.207794133350944,45859.930957847857,72939.853910462058,5.6203833333372195,1,7068.2164218023063,19518.02148697868,16400.6552149856,7064.2383916222507,6407.5074910301792,0,0
2025-09-30,value_night,47380.993707151327,47.699097048014735,47428.692804199345,75164.943389776119,7.0597346330238002,1,5075.1630436972282,21372.037960502101,16697.372646456846,6407.5074910301792,7089.7053816411326,0,0
2025-10-01,value_night,48063.730183674474,1.4761241118321778e-11,48063.730183674488,76252.910468563394,2.4300561562995426e-12,0,21908.563402903877,17648.846428018474,12966.020895692298,7089.7053816411326,8566.977282755206,0,0
2025-10-02,value_night,41573.987118182798,2.3099201211518316e-11,41573.98711818282,66051.18419521836,5.1189191774270171e-12,0,11357.141507931259,18183.060616999057,15219.80104637862,8566.977282755206,8020.8417865225638,0,0
2025-10-03,value_night,17352.23781538515,2.2546436356796208e-11,17352.237815385171,31039.706599222831,5.7671090125666069e-12,0,20281.862947732126,16249.974947981153,13309.284996490449,8020.8417865225638,7857.7247991606573,0,0
2025-10-04,value_night,18756.06704488345,1.4825108252125577e-11,18756.067044883464,33428.919767720545,3.3324454307148699e-12,0,16611.208612514572,16763.74402317153,13042.015301298892,7857.7247991606573,8453.9663074607124,0,0
2025-10-05,value_night,42079.243271562023,1.8328158546410128e-11,42079.243271562045,66646.83052083537,3.701927653310122e-12,0,8163.2886743949157,18677.221708781679,14929.640929007886,8453.9663074607124,8674.9759242443524,0,0
2025-10-06,value_night,42456.476836306072,1.4775207279882352e-11,42456.476836306087,66612.833184594725,2.9922730959697219e-12,0,6015.991620206858,18123.495522701556,15259.7632083137,8674.9759242443524,8030.829440993868,0,0
2025-10-07,value_night,42756.661339766106,1.5519677987185786e-11,42756.66133976612,67641.319510762158,3.0020430585864233e-12,0,5570.3909472722607,20123.045324017614,15823.679760527719,8030.829440993868,8559.7038320233623,0,0
2025-10-08,value_night,38260.224285359654,2.7561861570823965e-11,38260.224285359684,62181.478883028059,5.1680881796301037e-12,0,4092.5596214484176,18375.5428650264,16765.119270113413,8559.7038320233623,6469.7821104211062,0,0
2025-10-09,value_night,39601.465013791218,2.2722666769003922e-11,39601.465013791239,64988.987937310885,4.4074882632472168e-12,0,5447.0687814148278,20416.066252288125,16634.128779725401,6469.7821104211062,6361.8764266744211,0,0
2025-10-10,value_night,15965.737235586232,594.60359029531207,16560.340825881543,30389.86283594905,160.15171753060008,3,18681.065809347961,15930.59830109524,13405.260473630227,6361.8764266744211,5804.6810380709967,0,0
2025-10-11,value_night,17086.336101845456,3.3146115963056385e-11,17086.336101845489,33012.192338319932,6.4515059960967847e-12,0,15216.171597009172,16420.11949324522,12730.412335267791,5804.6810380709967,6437.8859872497078,0,0
2025-10-12,value_night,39347.854533940641,736.59215037865908,40084.4466843193,64639.100583530831,106.7542669450377,3,2546.7579376703952,20702.457051517726,17018.31612204558,6437.8859872497078,6160.8571980094648,0,0
2025-10-13,value_night,40766.467450327793,2.3953117711528195e-11,40766.467450327815,66648.661903424421,4.5101700152372359e-12,0,5646.3117032588962,20564.442396237529,16589.487496072004,6160.8571980094648,6236.0914700987978,0,0
2025-10-14,value_night,40982.705054144448,98.143752848697616,41080.848806993148,67112.014189063455,14.068771910652211,1,2264.514462043096,21482.825053837179,17395.085838239505,6236.0914700987978,6242.7608649528138,0,0
2025-10-15,value_night,41134.752506706296,2.6601367691947431e-11,41134.752506706325,67046.576288169948,5.7216176241325911e-12,0,1052.7052882582225,21108.72818620643,17034.880836294695,6242.7608649528138,6312.9708588778249,0,0
2025-10-16,value_night,40955.467499321763,6473.1249317425545,47428.592431064317,66614.507587721571,1296.863208475763,15,954.8614537306056,21357.902652230092,17367.866259763374,6312.9708588778249,6237.4540683700488,0,0
2025-10-17,value_night,16919.684594498933,2.1309910724909289e-11,16919.684594498955,31950.146689549958,4.7775117195669736e-12,0,13366.003362835072,15762.52579859252,13182.581788544303,6237.4540683700488,5776.4141887207597,0,0
2025-10-18,value_night,17273.102904364685,2.0787715548920004e-11,17273.102904364707,33046.567147933732,4.6913584128560615e-12,0,13143.0945070414,16491.215144681577,12664.335770455917,5776.4141887207597,6547.0236295387213,0,0
2025-10-19,value_night,41429.789533885705,8096.9311011003465,49526.72063498605,67930.178690380853,1589.0483118254222,23,1800.2085932448485,21488.007269107991,17654.711393479905,6547.0236295387213,6269.8841789804601,0,0
2025-10-20,value_night,43405.026831930023,1594.0584963624178,44999.085328292444,70373.034454378387,332.16701109193144,4,2225.2278148294181,21686.060857296514,17646.869573322278,6269.8841789804601,6179.7060913003452,0,0
2025-10-21,value_night,44581.001830172136,2.7060308216420025e-11,44581.001830172165,72572.729699588148,5.3530513355326548e-12,0,1565.6253411195926,22141.735908120056,17597.212899651488,6179.7060913003452,6554.8096312178559,0,0
2025-10-22,value_night,44587.113089395891,2396.7142992685312,46983.827388664424,72563.149133663974,494.84941208735546,5,3694.5920674101972,21654.666732961639,17846.156954620503,6554.8096312178559,6214.9464079716608,0,0
2025-10-23,value_night,45435.084706790105,3.385303548597562e-11,45435.084706790141,73713.902482628415,6.4741545457991378e-12,0,5921.810318228956,21911.985895055324,17499.390763989191,6214.9464079716608,6491.9661979779048,0,0
2025-10-24,value_night,16860.484963559884,1529.0642314198601,18389.549194979743,31825.550590161169,368.77373378587492,8,11304.224087261011,16454.624396167281,13984.574876147919,6491.9661979779048,5762.7116254752154,0,0
2025-10-25,value_night,17877.743383103443,2.2059608084656904e-11,17877.743383103465,34247.615701066417,4.2245096310011832e-12,0,11409.276543008966,16765.408604839711,13325.502180115593,5762.7116254752154,6045.4658363691888,0,0
2025-10-26,value_night,45375.164372753869,2.2289440071432411e-11,45375.16437275389,73820.095027140705,4.1646686099738872e-12,0,4581.2349331342193,21710.416253892214,17015.868176552402,6045.4658363691888,6678.3202687028452,0,0
2025-10-27,value_night,45297.178460718162,617.22439412608776,45914.402854844251,73247.579354024434,88.478267506609683,1,6413.2446469214501,20859.29163409823,17489.060326155315,6678.3202687028452,6019.3934881075747,0,0
2025-10-28,value_night,46305.464463917335,3.2396350629904091e-11,46305.464463917364,75227.122679001375,6.2783667154064915e-12,0,4406.4595540328373,22426.109679222031,17577.868254253488,6019.3934881075747,6671.9274724590869,0,0
2025-10-29,value_night,45613.972187421772,4474.1752813819394,50088.147468803712,73538.239571235696,781.16598713828262,12,1232.5306671778553,22161.2627397664,18386.644648570287,6671.9274724590869,6187.4587731707488,0,0
2025-10-30,value_night,46086.742476971449,4.2308732187829044e-11,46086.742476971493,74589.531419231498,7.9828157972805514e-12,0,5514.7755420332142,21710.613599791897,17423.675372593607,6187.4587731707488,6367.3717101016764,0,0
2025-10-31,value_night,18069.927999059684,2.7554708292854005e-11,18069.927999059713,33696.783012852706,7.1544992152894338e-12,0,6912.4188182495873,17035.774354003705,14155.702226067247,6367.3717101016764,5971.0105997414057,0,0
2025-11-01,value_night,18832.592622370401,2.9533071987941642e-11,18832.59262237043,35373.841629836665,5.3415050160765531e-12,0,8731.0023077070018,17299.468581054709,13200.667692258372,5971.0105997414057,6873.1237757368981,0,0
2025-11-02,value_night,46938.476607197546,246.69806706577251,47185.174674263319,75814.780431478939,35.363828421127153,1,3182.8280963930283,22607.909063559673,18736.976833385976,6873.1237757368981,6401.3787847339663,0,0
2025-11-03,value_night,47988.339603247121,3.0017828174522252e-11,47988.33960324715,76927.888634007642,6.8413746889817162e-12,0,3080.007667833137,21528.655126479684,17185.704443638511,6401.3787847339663,6681.941238967338,0,0
2025-11-04,value_night,48705.195426443563,54.241839440534505,48759.437265884095,78293.097988759822,11.610229797417364,2,6946.9693524241175,21002.088035649245,17224.421202849451,6681.941238967338,6445.5746901078264,0,0
2025-11-05,value_night,48900.13130216139,4.3649945491441857e-11,48900.131302161433,78434.163075005054,9.3162144665370761e-12,0,4156.2289821279555,22159.459982798635,17559.54595658819,6445.5746901078264,6878.4820561952774,0,0
2025-11-06,value_night,47591.251651766252,4789.0781801625071,52380.329831928757,76499.192381350294,991.77421034148813,7,2323.3446382446637,22180.599206659637,18382.56180321252,6878.4820561952774,6415.9526719528121,0,0
2025-11-07,value_night,18913.353520939818,2.7429978288751041e-11,18913.353520939847,35129.389021254567,5.4756199574512721e-12,0,8566.3302569825664,17988.093859585853,14743.496878647191,6415.9526719528121,6223.573947083205,0,0
2025-11-08,value_night,18298.807152931167,1.9530125072719784e-11,18298.807152931186,34747.192061064226,3.7836400679225335e-12,0,7774.6252550781319,17212.197106797401,14030.837400811306,6223.573947083205,6124.7320089660843,0,0
2025-11-09,value_night,48488.654564730154,1395.6678777571069,49884.322442487261,78052.831188417593,230.41736709265473,8,2571.6647683440046,22600.241750724519,18235.475146891611,6124.7320089660843,6203.3105325163669,0,0
2025-11-10,value_night,49744.353189255977,3.6008238168960814e-11,49744.353189256013,79724.944615619737,7.5357498019457125e-12,0,1539.8742346838503,22963.398016425974,18636.770735490085,6203.3105325163669,6162.8457078663196,0,0
2025-11-11,value_night,50434.403614360665,2.1174708209059644e-11,50434.403614360686,80631.139085359828,3.9612757518625585e-12,0,4420.1535267041463,22211.142206323504,17559.176314334487,6162.8457078663196,6642.6777887413764,0,0
2025-11-12,value_night,50012.495596606372,301.09020851133658,50313.585805117706,79997.413276163337,43.16086704577755,1,5328.0093545185573,21795.404863516495,18038.82782482593,6642.6777887413764,6215.4001383218538,0,0
2025-11-13,value_night,50181.374318407034,523.02938798093419,50704.403706387966,80150.772000067067,76.287718576880636,3,3508.2118132165992,21726.521660276223,17403.545071515546,6215.4001383218538,6431.9973308865165,0,0
2025-11-14,value_night,19291.973792295521,3.3127980580971444e-11,19291.973792295554,36032.454415053173,6.9957373227680364e-12,0,5276.8113927008171,17396.65474905285,14239.467026700484,6431.9973308865165,6267.3565753668772,0,0
2025-11-15,value_night,19086.099051355333,2.4862623071442156e-11,19086.099051355359,35870.839761384821,4.8201442837125796e-12,0,4292.8867187460546,18165.573708005653,14799.507582033548,6267.3565753668772,6172.4755992013579,0,0
2025-11-16,value_night,51700.698009675514,3.2365681815194056e-11,51700.698009675543,82370.752250054415,7.1427447290162149e-12,0,3306.3724187366511,23199.01424190398,18569.178793919542,6172.4755992013579,6419.1675347821147,0,0
2025-11-17,value_night,52278.499290725973,3.7721206158636276e-11,52278.499290726009,82775.90703320592,9.2610363822132058e-12,0,5863.4429533794073,21791.14003964841,17574.430293155219,6419.1675347821147,6504.0488002932188,0,0
2025-11-18,value_night,51465.458029755886,3.0208380158436294e-11,51465.458029755915,81774.224357953077,7.1249117716831734e-12,0,2860.3703898086655,21814.581433883737,17791.279299072648,6504.0488002932188,6369.0839807078482,0,0
2025-11-19,value_night,51411.142681908226,6.3010575000405513,51417.443739408263,81848.365401009738,1.3850000000082037,1,2235.0533057796038,23477.163205677934,19230.777710447797,6369.0839807078482,6131.0000764315464,0,0
2025-11-20,value_night,52453.26207248852,3.2247895909165435e-11,52453.262072488549,83305.796571367217,6.0644822497124551e-12,0,4017.5916886161986,22416.707504911406,17921.578655493711,6131.0000764315464,6393.1716580810235,0,0
2025-11-21,value_night,19465.107241406047,2.1268086403125607e-11,19465.107241406069,36260.829161328817,5.2446935683292395e-12,0,4143.7602253269069,18198.195859242333,14945.510989907096,6393.1716580810235,6165.4246092801286,0,0
2025-11-22,value_night,19871.456860024529,2.4915740137743117e-11,19871.456860024555,37415.938964955552,5.5395688036696811e-12,0,3638.2329790807144,18477.470672157353,14919.594169615844,6165.4246092801286,6217.8213590930318,0,0
2025-11-23,value_night,53019.580049968354,3.763452216531959e-11,53019.58004996839,84200.14089833606,7.3301364977851335e-12,0,4336.4245821475415,23470.755366486206,18839.13533363102,6217.8213590930318,6409.1285960072655,0,0
2025-11-24,value_night,52243.765958792268,775.50978714389112,53019.27574593616,83017.956099513249,131.61117556948747,7,5362.6477254998363,21568.354165554385,17943.378315971484,6409.1285960072655,5883.560327260112,0,0
2025-11-25,value_night,52824.147333163164,4.811454890063516e-11,52824.147333163215,84144.911197199443,1.0698997243707709e-11,0,3230.4666400722695,23558.723434086016,18812.939343625498,5883.560327260112,6183.1454805758603,0,0
2025-11-26,value_night,52974.132931616463,154.53999266669896,53128.672924283164,84216.294868006429,32.993166666673581,1,2587.313535750181,23960.467518557518,19056.159902967927,6183.1454805758603,6574.0552439799294,0,0
2025-11-27,value_night,53018.32855439627,4.0851855481749405e-11,53018.328554396314,83978.61293889879,8.1077922153838244e-12,0,3980.1143713093434,22620.292637639781,18402.686803383669,6574.0552439799294,6484.8888363183305,0,0
2025-11-28,value_night,19860.268037439477,520.52908183334671,20380.797119272822,37317.314609875182,85.151166666671102,1,3270.7620772681221,18744.743213544651,15534.27806427092,6484.8888363183305,6094.8487682074883,0,0
2025-11-29,value_night,20635.899107507659,3.2953995088291778e-11,20635.899107507692,38910.074506061297,6.5014660322049167e-12,0,160.09583020798414,19098.767984538048,15278.239408684742,6094.8487682074883,6307.9183890864642,0,0
2025-11-30,value_night,54239.906335461288,28.398311333381891,54268.30464679467,86040.814548491675,6.0628333333442646,1,1127.6478458824904,24981.72011423832,20307.318694962465,6307.9183890864642,6227.779053053775,0,0
2025-12-01,value_night,54830.77191794815,19929.433975545191,74760.205893493345,86762.933883877355,4708.4049701955946,45,660.77717936352201,24597.757547135257,20086.123605759181,6227.779053053775,6047.8457279653085,0,0
2025-12-02,value_night,56505.044640177548,20342.080432310901,76847.125072488445,89292.271621740554,4270.2971593215789,35,179.3814640245339,24428.116876119369,19682.739509081777,6047.8457279653085,6163.4403508263185,0,0
2025-12-03,value_night,63890.307601207562,3.0470568290752451e-11,63890.307601207591,98855.785049465514,6.6968652845389443e-12,0,5623.0444654421253,24702.770205455185,18632.778188098469,6163.4403508263185,7692.8466600710199,0,0
2025-12-04,value_night,63778.884463194292,344.69744323143379,64123.581906425723,97973.237709515815,62.294149302080918,2,6417.3664543652239,24221.590548755703,19374.63389430302,7692.8466600710199,7964.9071602811364,0,0
2025-12-05,value_night,29298.523627401039,3.8381631428663352e-11,29298.523627401079,52717.112300090463,8.9905860534145177e-12,0,7227.0941846622973,19347.488074217705,15169.097642122859,7964.9071602811364,8523.0934913850051,0,0
2025-12-06,value_night,28208.564507933585,2.2404951449672697e-11,28208.564507933606,51424.003086390374,4.9511506006183481e-12,0,4402.1454009876807,19166.266489263762,15809.039620527736,8523.0934913850051,8207.1337533582482,0,0
2025-12-07,value_night,64559.753616740869,83.744543896077602,64643.498160636947,98831.875106816966,14.417585245085684,1,7031.9238342682529,22512.196904160883,18350.50929636709,8207.1337533582482,8078.6561933618332,0,0
2025-12-08,value_night,69357.967265666695,1.9654805782920449e-11,69357.96726566671,105524.18648835603,3.3537617127876729e-12,0,13548.847852548137,21067.652884456125,16939.52536531489,8078.6561933618332,8217.8489390224731,0,0
2025-12-09,value_night,68819.661997883493,2.2516147168971656e-11,68819.661997883522,104867.70725176178,3.893774191965349e-12,0,13508.621515633471,21888.036150053063,17917.404680591426,8217.8489390224731,8008.8540511908723,0,0
2025-12-10,value_night,63599.71144764292,2.9649852129054471e-11,63599.711447642949,98228.107902458767,5.6501470169223467e-12,0,6537.7433873112732,21861.81023556197,18559.064187081145,8008.8540511908723,7063.3008331064884,0,0
2025-12-11,value_night,64566.237342818,3.4877274401878828e-11,64566.237342818036,99796.147394194588,5.6274984672199935e-12,0,9389.5259304922984,22671.201593946978,18225.83483024469,7063.3008331064884,7216.4546784980075,0,0
2025-12-12,value_night,27494.686618986707,2.5118653157463201e-11,27494.686618986732,51332.581094731606,4.7295500849031669e-12,0,4430.9698026372025,18981.321020020503,15794.123211259441,7216.4546784980075,6750.6178062281951,0,0
2025-12-13,value_night,28766.027136589477,1.7349667036370419e-11,28766.027136589495,53986.764194991418,3.2640556923979602e-12,0,6022.5912106401056,19853.323899423318,15687.68429840534,6750.6178062281951,7187.8489841476976,0,0
2025-12-14,value_night,64205.065708623501,2.1093571334063199e-11,64205.065708623522,99395.628252558352,3.9470648971473565e-12,0,6257.6482403427599,23547.44766346518,19188.189451249578,7187.8489841476976,7060.3413798779429,0,0
2025-12-15,value_night,63722.684524325537,2.307098156961729e-11,63722.684524325559,98761.127372484334,4.1833203567875898e-12,0,4952.6414402654273,23664.19813857432,19325.27017302208,7060.3413798779429,6885.5972901258547,0,0
2025-12-16,value_night,63928.405336490112,2.9612973850845493e-11,63928.405336490141,99014.021152647358,5.4136695126771883e-12,0,5218.6526006545064,23689.320666666747,19312.043448007222,6885.5972901258547,6748.1598367845718,0,0
2025-12-17,value_night,62641.026426708027,4.353342902829737e-11,62641.026426708071,97679.176620381535,8.6818330302662616e-12,0,5262.5655557984237,23426.145095792632,19201.381097876168,6748.1598367845718,6496.8225364688697,0,0
2025-12-18,value_night,61805.228820970486,3.4611837285147825e-11,61805.228820970522,96405.151169026474,8.1434858856255232e-12,0,4394.2693517283687,24886.906373885053,20242.2915232536,6496.8225364688697,6403.6032471280896,0,0
2025-12-19,value_night,26815.315935349336,2.9763863040876968e-11,26815.315935349365,50801.753641021176,6.7797989444784434e-12,0,4566.4106196875891,19724.784028304366,16397.832306970777,6403.6032471280896,5936.0951981900498,0,0
2025-12-20,value_night,26971.56366075093,2.4229276585074898e-11,26971.563660750955,51478.934866258227,5.3881343831108097e-12,0,4295.9458258835539,20959.91580931687,16633.279018942194,5936.0951981900498,6318.5982944172365,0,0
2025-12-21,value_night,62296.029142753112,138.10732347276254,62434.136466225871,97145.511779555527,23.776762240297856,1,3384.6307475269159,24392.689694202338,19645.813766600091,6318.5982944172365,6443.337056310349,0,0
2025-12-22,value_night,62178.462898717102,558.22013794250904,62736.683036659611,97001.977941437013,116.23361525836481,4,3898.4663825775656,24219.850972281121,19937.532881496649,6443.337056310349,6088.3886185893034,0,0
2025-12-23,value_night,62218.108204101722,2.5734281816625068e-11,62218.108204101751,97275.153117178328,5.3883564277157348e-12,0,5052.5002898889197,24355.067576496323,19390.507282540253,6088.3886185893034,6462.9413457246037,0,0
2025-12-24,value_night,60620.186637020488,875.72159534376397,61495.908232364251,95028.217624577592,131.20570642177003,3,2913.3013113462871,24842.447075302829,20450.884372316432,6462.9413457246037,6097.9388553677836,0,0
2025-12-25,value_night,60640.232428704527,598.65534697855219,61238.887775683077,95084.465710806398,86.336903992846672,2,2639.638414543665,24665.887065621704,19947.171398699462,6097.9388553677836,6133.7134380945845,0,0
2025-12-26,value_night,25774.964033803317,2.9161571990510282e-11,25774.964033803346,49082.423859855502,6.585065825959191e-12,0,1829.5856104860259,21319.651770432461,17074.435954396315,6133.7134380945845,6349.8045265990058,0,0
2025-12-27,value_night,25667.801779594221,2.7728438212193393e-11,25667.801779594251,49261.342671386359,6.2085891983088004e-12,0,2058.2642274935606,20814.979094384835,16950.709717158708,6349.8045265990058,6249.1638035912429,0,0
2025-12-28,value_night,61032.655476606982,476.81310088878615,61509.468577495769,95578.342438352876,82.393138301578901,3,4127.1285246922607,23998.488294187915,19274.135992225729,6249.1638035912429,6432.0966103317751,0,0
2025-12-29,value_night,60600.966514745247,3.2561232599093161e-11,60600.966514745276,94720.882450528035,7.531975043661987e-12,0,2986.1756605259898,23694.142590441821,19483.202067106442,6432.0966103317751,6108.8226449444765,0,0
2025-12-30,value_night,59540.208926724627,919.14859661942842,60459.357523344057,93692.206078411662,174.41988708130194,3,2940.1676533267118,24749.051186319084,20046.995474152827,6108.8226449444765,6108.5292969062939,0,0
2025-12-31,value_night,59295.105996468075,4441.802442686796,63736.908439154868,93218.683645336045,835.40093631779018,12,791.3775048698393,25266.699509609512,20650.415366158872,6108.5292969062939,5903.6528931561188,0,0
