date,soc_start_kwh,soc_end_kwh,total_cost_yuan,original_cost_yuan,increase_cost_yuan,decrease_cost_yuan,emergency_cost_yuan,plan_kwh,emergency_kwh,charge_kwh,discharge_kwh,spill_kwh
2025-02-01,9902.8112878703687,6454.1554940443566,20588.349894318271,21375.839322582422,0,-787.4894282641784,2.7942403280079019e-11,37342.373934719624,5.279887638209857e-12,15551.608060562086,15700.592743498699,3113.1826843229064
2025-02-02,6454.1554940443566,6715.9157992619866,55880.843704169791,56892.677772834184,212.93435413355454,-1224.7684227979673,2.5077406817786142e-11,86621.779439014441,4.8681059183763864e-12,22578.78301176531,18053.229964834034,3739.9484420831786
2025-02-03,6715.9157992619866,6419.521373447129,56390.24745145395,58045.119443159994,196.5266844727137,-1851.3986761788208,5.9134714014419387e-11,86511.742118701281,1.2423839734765352e-11,22583.061588364046,18559.034869808245,2270.7989001454807
2025-02-04,6419.521373447129,6729.1038464671738,58846.014900321963,60287.773593390644,446.51438715685327,-2032.2695087814479,143.99642855590483,89342.279443331237,30.335922544235601,23289.369238887226,18585.76485778061,3474.1470347688628
2025-02-05,6729.1038464671738,5880.2497625370897,59447.220784894715,51647.685518807819,1982.1045127929488,-327.13509365830873,6144.5658469522577,83700.798584989549,1156.9332685815239,22954.708099937325,19357.28223648631,511.87900678672509
2025-02-06,5880.2497625370897,5820.6556289625569,59959.119138399532,57059.765161532225,748.41767925611896,-2502.2156593028003,4653.1519569140028,84123.933972956962,970.90182499205662,23409.83059670377,19015.597503547138,429.54548812571835
2025-02-07,5820.6556289625569,5569.8309185588787,24254.509330923171,20313.884859544814,155.4943780741454,-656.70126798613626,4441.8313612903466,37788.290197745388,877.10291603292455,20474.356054022937,16809.970643121891,3195.3280362105925
2025-02-08,5569.8309185588787,5616.261372648255,27170.783138105337,16258.991152596191,2018.1184568885524,0,8893.6735286205912,34278.323517961093,1883.3266014478529,18704.303302079803,15108.698266004201,988.88236666666683
2025-02-09,5616.261372648255,5687.3016393072694,59176.313504153055,50604.968788048936,1514.738302264424,-72.06556900714115,7128.6719828468376,82861.689216501836,1533.8646787747157,23854.97861170469,19258.596435487685,243.75575239288469
2025-02-10,5687.3016393072694,5538.7049605956454,54870.285454114717,48957.302832332469,1112.7390982194329,-819.13805581354563,5619.3815793763597,77535.225693994056,1160.3998980311683,23467.163333851939,19142.139311260533,43.963986100487887
2025-02-11,5538.7049605956454,5802.1781582649655,63919.394070098657,49087.274941477968,1263.1319392988742,-1232.9701735095223,14801.957362831326,77014.294597499407,2875.4441920208451,22930.508832789157,18336.586276656832,75.219100054593014
2025-02-12,5802.1781582649655,5892.7774407186371,57344.897290018031,50814.174639378056,713.00977295763153,-1315.5851489291285,7133.2980266114682,78567.737582246045,1459.5634406809886,23802.50851472047,19198.492542715278,156.5489175885009
2025-02-13,5892.7774407186371,6009.0672647530728,50761.023452094189,46908.859349821345,1488.6312459338981,-681.46221687823936,3044.9950732171828,75816.925043560725,694.27439191988299,23393.056988198419,18843.715318809729,632.37874942524707
2025-02-14,6009.0672647530728,5624.4729651877051,21655.528742969691,17145.283389999291,1348.3180749904468,0,3161.9272779799539,34686.372343387367,787.57357612316287,18660.102765323456,15460.818109520835,2472.8594470412404
2025-02-15,5624.4729651877051,5642.0985620240108,21846.087598933947,17709.44570482058,876.31122436436158,-156.8536378592116,3417.1843076082209,34575.630877972646,898.75443282986771,18131.679777897825,14670.797582944564,2733.4120158492487
2025-02-16,5642.0985620240108,5976.9829827863523,59650.168041516554,51565.595872184786,1038.7078666177715,-2009.2093233766668,9055.0736260906669,78262.609855907824,1932.7097657080917,23149.588310125466,18449.770552515525,118.12276400595772
2025-02-17,5976.9829827863523,5845.0532325847171,53974.567977751154,50930.487199629177,784.67088277856158,-2825.6378286988152,5085.0477240422279,74463.726310809492,1040.4015925775325,21789.749181783722,17768.433612426288,298.9491673629326
2025-02-18,5845.0532325847171,6039.5810544033384,51578.132738871747,45339.756231805521,2869.1407812507678,-10.565954977079963,3379.8016807925433,75924.947945388092,750.20211581323019,21706.386892627896,17407.098343391837,284.47372863192743
2025-02-19,6039.5810544033384,5819.5001284953496,49856.792214425135,46298.884960114396,2652.6926203425,-24.283572342222271,929.49820631046623,77326.66106231985,203.21812200325013,23788.035020616582,19466.381200016629,328.89798038980439
2025-02-20,5819.5001284953496,6185.8579080876489,48643.334794910319,48000.584454078402,916.30346295391303,-860.11709035255819,586.56396823056298,76389.438841459036,124.43276353818541,23248.053319569583,18501.201187218299,773.88573931260532
2025-02-21,6185.8579080876489,5672.1466523785657,18385.022298940246,17041.74662495713,795.4127153632478,0,547.86295861986991,34000.394723857768,250.91861003917685,17680.810873366539,14783.79693756507,5794.0373647621391
2025-02-22,5672.1466523785657,6085.9690066665225,18850.101071977711,17943.173207285185,856.77987704895077,-79.217533449505225,129.36552109307812,35117.280867180372,56.085332472065083,18138.636814323385,14319.855700742783,3509.8222027384954
2025-02-23,6085.9690066665225,6107.6592457267416,49856.667592830716,47577.710475622895,853.62598985823092,-853.05901279490399,2278.3901401444928,75687.867163345261,559.32696292553021,22795.593669139234,18444.909656848587,364.65643064680717
2025-02-24,6107.6592457267416,6168.0981928893689,46593.701985246385,46058.446982725225,603.6718962169806,-648.19585903072186,579.77896533490241,72920.013290170129,122.00148656202285,21507.187542598214,17366.426857058188,698.22047452546394
2025-02-25,6168.0981928893689,5953.4457425676237,46644.502785883335,46973.885820128366,360.16444736093592,-2030.8680928008241,1341.3206111948612,70619.697974375042,322.60966203924687,21640.158466457833,17721.715563120419,1202.5414997435394
2025-02-26,5953.4457425676237,6579.7701932575583,46885.874875326292,43287.412304539059,3524.663244327427,0,73.799326459803467,74598.018259730772,15.418870561854462,23030.100832547585,18090.689668742605,859.17793315430492
2025-02-27,6579.7701932575583,6213.704890505137,46103.44206124718,43536.564664302088,1618.9390771804244,-190.86028209944908,1138.7986018641211,71543.855173097312,266.42303967309999,22567.186231969852,18608.879620372754,895.38740117329917
2025-02-28,6213.704890505137,5912.8102055904055,18307.61332711413,16822.759831207659,617.70685264447297,-57.810836203142699,924.95747946513848,33040.075386450131,283.31579302217051,16873.634762965135,13938.449374425025,7095.6122409321788
2025-03-01,5912.8102055904055,5997.9299645105903,19583.801479852737,18814.293492343888,128.2596140695033,-481.09540884170059,1122.3437822810463,35361.10443269075,209.44653499043062,16699.024661643296,13449.602192902907,8662.362565607451
2025-03-02,5997.9299645105903,6128.9340798529629,51895.300837756156,49017.301868527175,1004.3169144952077,-949.86621913144086,2823.5482738652131,77737.652654504185,563.34016872945426,23037.937770735633,18542.825890487729,1447.5738763190648
2025-03-03,6128.9340798529629,5953.8186829946944,52246.518336101333,50821.942335326683,1195.3107114241125,-2176.3955303501766,2405.6608197007149,76451.875272277888,557.9274847991577,22815.178143105572,18637.898153087957,815.37613372610792
2025-03-04,5953.8186829946944,6144.5412882671153,49214.619454386186,45426.475572319774,888.13634153112253,-254.88270978198594,3154.8902503172735,73692.195593504177,734.67852420195902,21515.994992167318,17256.305598910345,967.72679111583284
2025-03-05,6144.5412882671153,6119.8346845711558,50349.535555431212,47376.312684936864,471.51171690828295,-2351.7081393766321,4853.4192929627034,70341.91048016696,1083.6381258331091,21102.356112627298,17115.144394554474,1307.8648712605786
2025-03-06,6119.8346845711558,6292.898981344928,44938.100047490516,43972.429278488125,607.32057597790867,-481.02363466752206,839.37382769200497,70603.783410364471,171.83957250665665,21649.093001144389,17380.007463830567,565.88331222398267
2025-03-07,6292.898981344928,5777.2174038162493,17191.249413368969,17279.171747917455,0,-619.88437441977692,531.96203987129309,31288.651289845409,113.65045003407468,15724.32126710947,13200.81364613448,7956.5085855711523
2025-03-08,5777.2174038162493,6024.6877104223822,17390.540620265245,15770.452472639428,881.22333581983253,-1.1422726866377766,740.00708449262311,31225.963491940194,327.69321284422603,16005.116503225636,12741.421091667244,9226.8217765593545
2025-03-09,6024.6877104223822,6411.6114980267721,43384.620808939813,44653.071830007488,264.94785658471966,-1533.3988776524302,3.1178480019988798e-11,68380.366976434976,8.8022922284380911e-12,22480.502631200619,17860.975722428557,427.31501766291132
2025-03-10,6411.6114980267721,6041.7436158922419,45817.447700427874,42381.475650242108,2620.3032251893796,-27.826542053567884,843.49536704995512,72371.436947422975,125.89483090298147,22177.208077693263,18296.419636852625,574.47188748529459
2025-03-11,6041.7436158922419,6418.1105129246889,45062.501193355791,37731.110347621339,6141.984318501989,-0.80971646684217813,1190.2162436993081,69234.515610159346,290.15343855596711,22483.738662091328,17873.098108964776,975.10969558874388
2025-03-12,6418.1105129246889,5928.6408609194268,42356.363047373015,42970.343430546549,639.93689624541412,-1446.6232246283992,192.7059452094571,66093.491619976805,32.339917670025564,21160.991379894913,17580.925704519621,110.23117893819665
2025-03-13,5928.6408609194268,6072.4946635060614,46244.845204677382,43064.906957132727,1637.2099391735151,-109.42628304504392,1652.1545914161775,72673.26724024181,245.56189294367715,22244.98615257458,17888.970361257441,1017.1953252016739
2025-03-14,6072.4946635060614,5806.8052389407303,17912.042923764915,14954.714784601098,1164.0052327805165,-74.631811124756581,1867.9547175080588,29778.619838423281,667.16022221402432,15768.573417281636,13011.664950106924,11659.445610129254
2025-03-15,5806.8052389407303,5718.3355831283925,18364.948319259172,14980.729251733683,1073.5812728303874,-51.187245113075946,2361.8250398081777,30337.996141095242,534.97589811324701,15949.566233075861,12998.771339022554,6998.0519951551742
2025-03-16,5718.3355831283925,6431.4713070611633,42829.105911633473,41882.777564824486,1216.9010859959897,-278.03391918703613,7.4611800000381177,69484.123039284968,1.6400000000086798,22479.309298037424,17566.418379870822,1221.8251877850334
2025-03-17,6431.4713070611633,6115.34077853706,40634.189853621894,38082.48077787002,3031.7585115655929,-1197.7709920442965,717.72155623057586,61948.735230569844,173.21575818688447,21270.26897303859,17513.435343832953,506.98592621775435
2025-03-18,6115.34077853706,5966.8671370678776,42020.963827572792,43728.807839059373,254.77689052290987,-2062.0830321641056,99.46213015461997,65571.010630176432,20.403234439134192,21732.521737341121,17736.968884568574,469.90264517635745
2025-03-19,5966.8671370678776,6309.4132890523915,41388.271196301488,36328.660746015194,5067.8427090439045,-8.2322587576610129,4.3204710697963829e-11,65444.133044354036,1.0270007066992548e-11,21941.43335990786,17464.269484739307,1501.4987191854775
2025-03-20,6309.4132890523915,6100.3297099711344,43746.72477818084,41194.53930929186,1499.7299594319043,-683.96442167600412,1736.4199311330799,66124.720436838441,360.92362216304821,21175.114953922472,17340.018333850334,441.58562226267998
2025-03-21,6100.3297099711344,5674.3520101993281,19077.498120351956,14579.927128440122,559.65223092503538,-255.24572470975261,4193.1644856965513,28200.400604335446,1258.8654386235103,15716.43219729629,13113.690009604623,14823.059338600613
2025-03-22,5674.3520101993281,6316.1788689453961,16015.014948543314,16048.300388311683,192.11255763543977,-225.39799740382404,1.5800801778098613e-11,30552.930148384563,3.595568287551032e-12,16034.676180792423,12410.4435335704,11047.497767829203
2025-03-23,6316.1788689453961,6202.6955359848153,41418.800932704777,41768.072809394442,321.43842046612428,-1684.8390303153719,1014.1287331595814,64143.523637106809,152.26043581280797,21125.337198147434,17213.658130163945,1614.3848882694558
2025-03-24,6202.6955359848153,5842.0159443668999,39596.408395612671,39067.741993629883,1309.9430761594745,-781.27667417671933,3.3550769273915646e-11,62962.341732828281,9.2708063448299072e-12,21370.339825531635,17634.586891136751,1228.0917151000749
2025-03-25,5842.0159443668999,5983.0677539263752,43975.833526336457,43407.040037022016,293.48395701466029,-2236.6031570710152,2511.9126893707989,64883.607587190658,531.41123010083516,21879.806137794338,17595.696343009884,180.78430584036641
2025-03-26,5983.0677539263752,5975.8628195090132,38112.640171743413,37535.024279706566,1315.5381443635242,-1042.1047197527828,304.18246742610137,59901.523596141036,43.916393106275201,21183.543809395698,17165.154926586147,334.49623977109582
2025-03-27,5975.8628195090132,6048.0472270866985,40149.397651522922,39855.210687251834,221.79487154091927,-1033.2311124422708,1105.6232051724396,63051.447670378489,256.2148937893802,21807.59677559675,17599.187421413451,382.26380998457057
2025-03-28,6048.0472270866985,5840.2109855343106,15600.038158269224,14754.021114145095,291.86485189681537,-132.13956198246157,686.29175420977663,29010.20750427046,183.27829662087862,15727.60872647846,12926.415685844702,15570.411993590911
2025-03-29,5840.2109855343106,5998.1717646327306,16288.258153651335,13960.908661583924,852.36194425621875,-20.647511443495965,1495.6350592546887,28806.084791271449,348.40608148266023,15991.87914347589,12811.257405026896,18266.659950971774
2025-03-30,5998.1717646327306,6206.381313436973,40433.917416541262,39209.364113012329,631.16937674576457,-1901.4739183879212,2494.8578451710937,59352.731407173393,573.5669581560112,21054.750803492396,16866.959556905018,392.8874187420281
2025-03-31,6206.381313436973,6190.0983676167252,39281.438964026223,34189.122538166201,3668.7627869451526,-50.1717307277831,1473.7253696426496,60750.597025925221,351.60258759644313,20850.466137479896,16903.532222596936,203.87621530536626
2025-04-01,6190.0983676167252,6113.4517998139982,40628.970122218379,40845.406500719982,794.08390559689337,-1389.002260409266,378.48197631077363,64664.141058713314,82.482417850374532,20436.068144292469,16622.197107899363,723.90092350391217
2025-04-02,6113.4517998139982,6090.2588298742075,40686.467058321214,39508.831747502933,1035.4407153439886,-452.44019634382187,594.63479181811601,65368.120271573564,91.802459892872292,20612.447132055699,16716.95584991093,1129.0960493216544
2025-04-03,6090.2588298742075,6125.0276664732837,39100.762595815751,40838.551705399572,41.784273662792053,-2042.4486840810453,262.87530083443403,60861.898176802555,37.847723956824247,21076.633518856615,17040.781197334683,1000.3633125707785
2025-04-04,6125.0276664732837,5893.796512428994,14994.828990986045,13527.855987738909,275.3918171927769,-39.323052887100843,1230.904238941459,27352.318023735232,375.48066489919404,16176.322604800316,13310.92934852812,18431.603182362222
2025-04-05,5893.796512428994,5856.0497942903339,14865.150689302198,13653.478055295884,808.03140453167509,0,403.64122947464159,28246.525086200119,124.29130999158522,16098.480041699015,13073.740880101001,13301.962251260346
2025-04-06,5856.0497942903339,6161.7972629318529,38019.432969775866,37847.494568838112,1122.4486359379632,-1272.68508666823,322.17485166801538,60322.942553296052,63.109951934863105,21165.410032901986,16868.809404873242,1679.3756105355042
2025-04-07,6161.7972629318529,5804.0522600454024,35065.901796489488,32800.048169903981,2131.4405274550554,0,134.41309913045151,57353.401058246745,21.863514046858704,20740.094045738195,17121.446679645749,513.89792286782188
2025-04-08,5804.0522600454024,5941.6603637203971,39150.941982474236,38826.693391355169,256.48276443723444,-1771.5270014797748,1839.2928281616066,59066.004989266352,376.43711725238546,21365.367648680676,17182.100502123852,905.98134329524441
2025-04-09,5941.6603637203971,5987.8195977826645,38947.29702362066,37764.750348972193,1228.2186236141567,-180.68169597303918,135.00974700735324,64558.51588347392,28.182913151966765,21319.831440836308,17227.520156421368,1360.0764955442714
2025-04-10,5987.8195977826645,6189.4508250989156,38413.827806190209,37016.160534527575,877.24809876915617,-1081.5249204799738,1601.9440933734511,59242.089898634935,339.53495009131456,21262.498780918751,17041.155907959561,899.64407576705446
2025-04-11,6189.4508250989156,5648.754443253415,15609.703457572565,12463.589437521325,941.12232075630925,0,2204.9916992949311,26311.04900251548,707.61873541891418,16031.476127777303,13472.122407160567,19142.663850650981
2025-04-12,5648.754443253415,6040.1441063576794,13944.306757706512,14166.132184427894,26.416235018994595,-248.24166174039703,2.3150720340758825e-11,27673.538312648747,5.5361271122933431e-12,16111.208917518408,12697.828526396073,15234.99737152641
2025-04-13,6040.1441063576794,6161.9112247381154,37706.835376404924,34218.71628818271,1055.0836020867375,-130.26883506548552,2563.3043212009611,58253.142971075678,585.26063272658394,20507.258613247111,16501.28907018777,556.0755774095976
2025-04-14,6161.9112247381154,5988.0000313966793,40703.301449163831,36514.620735648488,1270.3433998929493,-2228.9300865362993,5147.2674001586956,55201.90824488306,1004.2946653607338,19457.017400780402,15916.704168639419,137.85787810279976
2025-04-15,5988.0000313966793,6217.3929197266116,35401.458625006497,31783.961664797505,2148.353295760222,-60.092858042664801,1529.2365224914281,55196.615815600686,325.73583435155768,20182.745463117048,16141.570225627871,1341.7475791297261
2025-04-16,6217.3929197266116,5911.5434505903277,36973.926361879516,34604.23253763283,1743.1910038100643,-243.45848837683425,869.961308813458,59701.05056502005,181.67151522047087,20153.841507982572,16599.876143688547,549.16476594648998
2025-04-17,5911.5434505903277,6117.0275089345287,36760.873999206895,32755.280594974662,2532.7330186593495,-9.2250892095066561,1482.085474782391,57056.277330721823,260.00171294771843,20035.977827872583,16044.206388067014,456.16525386396199
2025-04-18,6117.0275089345287,6008.3874941501299,14775.502090884371,12738.366195451776,435.6916550776732,-49.16696897337512,1650.6112093282986,26344.432904162379,596.69831076822697,15823.683501073241,12914.959649175282,17678.29017969931
2025-04-19,6008.3874941501299,5929.6753300137534,14081.700806207637,12185.477652373982,1145.613302672665,-41.08889376253353,791.69874492352392,26436.951377117774,176.50900196304488,16181.026634889029,13177.472521982856,16825.227016174635
2025-04-20,5929.6753300137534,6227.8631614824744,34445.754615419879,32951.143812797513,1494.8835270943493,-0.27272447201384353,2.9991501282466972e-11,56939.006192308007,6.8611782921834674e-12,21605.629377737958,17232.190747645895,607.82267888261765
2025-04-21,6227.8631614824744,5892.0443690833072,34629.636447466968,35059.217332661021,56.382224505934019,-1476.5842629983217,990.62115329834114,54046.331434844353,171.85955548332345,18869.011857618632,15586.136517830342,2418.4052672060452
2025-04-22,5892.0443690833072,5971.0598287639577,34997.889815435221,31826.942270854084,2368.6910784279949,0,802.25646615314531,55964.144905491048,188.17147717178119,19921.807833807768,16065.550431671705,143.12966386009566
2025-04-23,5971.0598287639577,6129.1946781239776,34485.002808498233,30479.992738982604,3657.8858472254624,0,347.1242222901721,55601.309102931475,69.553330186592433,19576.92794418817,15714.990270368398,409.00804263162382
2025-04-24,6129.1946781239776,5997.7853486203494,33359.551299662693,31198.427319502727,1291.6287063905716,0,869.49527376939045,53339.002498243943,154.19868227954839,19331.677965734365,15776.927548798099,2848.3440635872225
2025-04-25,5997.7853486203494,5660.5372015924204,14161.076075250572,12221.292993470575,315.47687500554326,-280.48628198312645,1904.7924887575805,24729.12108320554,435.19548385256769,15997.278177647275,13261.31865621943,20427.999395630257
2025-04-26,5660.5372015924204,5837.9888954131247,14296.130609862033,12481.303261538877,565.36561663749035,-56.852288320920835,1306.3140200065882,26196.426236101091,276.63707927085017,15978.936414025789,12783.231970922256,23207.165238935071
2025-04-27,5837.9888954131247,6046.2315834801311,36695.350064443934,30576.745501048284,2345.3883667418841,-37.065287166321411,3810.2814838200852,53436.672943275829,796.90005419527074,19426.757371366162,15548.255051546283,1781.5994943178848
2025-04-28,6046.2315834801311,6068.8950709948349,38003.590959894369,36985.091726492494,1620.6553471479447,-829.48317331606029,227.32705956999393,62056.774462023357,48.719901322331943,20360.60619678878,16471.693880635677,1594.6147305259228
2025-04-29,6068.8950709948349,6370.9684555983704,34109.577073255641,31306.306719806209,1391.4442753987273,-126.82955564809532,1538.6556336988006,52925.703016003739,253.01817851168278,18514.717791848012,14725.055365253707,1955.8450512544514
2025-04-30,6370.9684555983704,6020.0302041932327,32690.831171790436,30324.973326635591,1121.7896298277274,0,1244.0682153271191,51149.506971924122,259.58482954150611,17732.132041868557,14678.871380178158,98.976706441895317
2025-05-01,6020.0302041932327,5286.2286030578452,45131.54667754913,31712.852638880249,1960.7082322021249,-5.6306542057743645,11463.616460672531,53997.501908847888,1885.8487845395464,18298.84680469894,15482.487352827991,2055.61244151648
2025-05-02,5286.2286030578452,5226.4988815491251,23392.175594151278,13612.863296553744,345.73456651009548,-93.213203611084253,9526.7909346985216,27117.445434064273,2031.5369519512835,15713.866028536673,12781.988232472555,11926.784506618094
2025-05-03,5226.4988815491251,5464.3444160351974,24897.738227953589,12478.335551922737,461.0692111382553,-18.208260300750215,11976.54172519335,26328.452475511698,2289.8306960808795,15736.987930097737,12532.899242341698,16547.02283383653
2025-05-04,5464.3444160351974,5302.9757846408957,49749.762524537306,31698.749233382106,419.29122931062562,-772.34325470927024,18404.065316553842,51792.3559596134,3361.6647340841096,18760.974361152868,15341.621000788691,0
2025-05-05,5302.9757846408957,5157.3531593455436,49153.370795797033,33188.573688579803,1785.104342874657,-230.04102392870476,14409.733788271287,56179.369274233832,2566.9965653606059,19892.288656147764,16243.814174245508,21.884557692179214
2025-05-06,5157.3531593455436,5017.5117904041808,52964.955724601561,29004.779846825848,4000.6662929044423,0,19959.509584871266,52251.693399127034,3954.1804267568814,18219.20363823411,14883.412179016865,0
2025-05-07,5017.5117904041808,5870.7660618918562,41271.571990100689,35124.028147633719,2210.8670695900278,0,3936.676772876941,60449.190298898691,609.35294990347836,20921.166229902388,16178.21580188203,1247.7468707818084
2025-05-08,5870.7660618918562,6908.5650147300003,39839.707390333766,39957.523091269482,533.40795311935676,-894.45258668010331,243.22893262502703,63184.822612430929,35.999250000005496,19859.245948283511,15151.970160555313,2687.0336747027395
2025-05-09,6908.5650147300003,7031.1198139805874,16129.718459286691,15684.216457525868,562.79147829546366,-117.28947653466251,2.2701628354937497e-11,29586.236252956471,5.4050097730851121e-12,16156.026167271082,12976.081876164051,17906.906111849439
2025-05-10,7031.1198139805874,6837.6049241178162,16142.258985569915,15388.824139481219,757.80482575169003,-4.3699796630241696,2.7236088495641296e-11,29575.392623585423,6.4321881154683069e-12,15717.846300201451,12905.618904039668,14642.119944090311
2025-05-11,6837.6049241178162,6634.6458182123997,37971.85836253962,37388.018973214799,838.58651829849862,-532.10816843205998,277.36103945838244,60165.335132443739,41.180716666677689,18333.474505805745,15032.777545017538,1421.7398049888748
2025-05-12,6634.6458182123997,6948.0497737280148,37092.444914963315,33755.541943339253,3442.6603482848222,-105.75737666078818,2.7968777516207412e-11,57688.592995420171,6.0671467849715555e-12,17211.064169823483,13658.898417592965,2205.2320098563314
2025-05-13,6948.0497737280148,6776.7142645011227,38254.972676173289,38542.847140085309,1080.7810220554384,-1368.6554859674827,2.3285506509096446e-11,59983.073122704147,4.6462417246928567e-12,18007.671439364647,14740.415824189568,3586.6047408624017
2025-05-14,6776.7142645011227,6627.1508528419781,37118.329273476054,37344.981472251886,974.06803315390948,-1200.7202319297594,2.2781827091478136e-11,58204.902333841528,4.9631410092842998e-12,18598.936439210549,15199.745586253777,1791.5626975514247
2025-05-15,6627.1508528419781,7023.223069174056,37333.877380422877,36836.203944679146,1403.2536259253584,-950.59818488596682,45.017994704331869,57793.998341867875,9.8260383508320324,19497.519369283815,15436.525694421014,977.77242202257571
2025-05-16,7023.223069174056,5552.7937886738928,14397.488000668654,14133.881518247341,429.63683757927117,-405.26255560051908,239.23220044256291,25938.920191335768,97.264292697080009,15898.746708455861,14201.371186299395,21623.30242854304
2025-05-17,5552.7937886738928,6222.8848796422017,15723.009810418022,15166.896408946574,501.88397272093766,-145.60536308839761,199.83479183890921,28945.223469023396,28.646042408101721,16512.931722162481,12772.392713080131,14784.531419015811
2025-05-18,6222.8848796422017,6806.787784056035,37270.496851555137,38386.025068476418,50.263950190394176,-1181.1658110976794,15.373643986004344,59262.288675821648,2.2794342035761197,18855.849262280681,14747.725288474903,1480.2760362194406
2025-05-19,6806.787784056035,6081.3357489637692,34945.392989954969,33906.084384247384,888.2711046254708,-300.86648058456854,451.90398166668967,55273.855013694847,67.003333333339597,17516.920258194808,14841.612240720835,5150.3337795542166
2025-05-20,6081.3357489637692,6048.0717020479788,36062.633060470071,34070.877213830048,1991.7558466399862,0,3.220925032243471e-11,58373.37478478453,7.6393336101432396e-12,18836.503962546361,15287.505851886757,296.98185745826015
2025-05-21,6048.0717020479788,6182.9743576860019,36747.474439400976,32486.18859896066,4261.2858404403041,0,1.6184769024985003e-11,56472.167266318349,4.5116133051692486e-12,16851.653105939786,13528.426625737004,1786.3255027822365
2025-05-22,6182.9743576860019,6501.7285016762044,34714.643688623975,33565.981134138186,577.86367238003868,0,570.79888210575268,54742.235848223449,81.908520227317837,18783.094406242861,14927.427739465533,151.84688500676816
2025-05-23,6501.7285016762044,6210.5062648834228,16053.746203430046,13242.084792013335,1554.9332543487803,0,1256.7281570679331,27130.500066677596,474.19601098495326,16375.456005029926,13526.219377187743,18334.510566487035
2025-05-24,6210.5062648834228,6466.9628727833542,14706.387856137075,14781.67276219363,171.21380512851312,-246.49871118508807,1.8339244789444822e-11,27737.944914206957,4.5607961851601431e-12,16233.348106604401,12918.201019239626,20668.296443508847
2025-05-25,6466.9628727833542,6284.1219588549056,34678.313338361622,33515.558571249276,1348.4619540404997,-185.70718692818883,2.9257246625391535e-11,55840.015539586471,7.6865180886898088e-12,17486.117359356027,14328.31188361398,4137.1998805111007
2025-05-26,6284.1219588549056,6252.2989950191122,37514.701768582192,33032.252537343025,4482.4492312391421,0,1.9915410542914457e-11,59026.86928377828,3.8211656061548638e-12,18202.058816641242,14772.308308931622,1017.2858260686717
2025-05-27,6252.2989950191122,6255.5738072869744,35002.789540210732,31763.56440372458,2762.1176934603577,0,477.10744302579167,54300.24798734513,90.796208110423564,17306.450425553776,14015.277513657486,1709.5039835592584
2025-05-28,6255.5738072869744,6471.5120918378134,35364.803977948817,34933.2598011714,905.72915286181922,-474.18497608443346,3.9829849585171221e-11,56876.076654550925,9.0315532830231859e-12,18684.778232599969,14940.325912310222,857.80023426117623
2025-05-29,6471.5120918378134,6062.1136845613028,40171.736695032916,33932.193073139155,3942.431649957347,-357.27136773232394,2654.3833396687319,59387.037508584355,533.1265082849892,19418.05581199914,16097.083774268165,2489.0684791383724
2025-05-30,6062.1136845613028,6151.5070972531266,14653.220786758178,14040.265354542,639.93242806633202,-26.976995850180842,2.5593914543264874e-11,27417.183447326643,5.6363802514169947e-12,16058.297233789275,12926.766687946674,17689.419634817372
2025-05-31,6151.5070972531266,6033.0029419504826,14788.576138891118,15358.920481156641,0,-629.21275918214883,58.86841691662454,27815.97548356992,9.6300371203402459,16185.665382617828,13217.04269969282,16467.80128776524
2025-06-01,6033.0029419504826,6066.2068125983878,59997.229357687676,43798.409217605033,8280.9385422560972,-1792.8974543277302,9710.7790521542775,73554.185020990088,2329.60112296133,20046.912830850742,16208.115909405993,820.16292250666413
2025-06-02,6066.2068125983878,6000.809639744296,58222.462708100065,47779.820284074158,4072.877920733059,-3157.1823575419244,9526.9468608347597,70518.727182720904,2200.507861021596,21077.654487241016,17131.757590233905,132.5306967353913
2025-06-03,6000.809639744296,6456.509816875152,56053.004708513814,42452.44348562813,6188.6172009098,-776.53796900416967,8188.4819909800499,71571.107152423472,1902.8286489246254,19985.393934307656,15778.038927371432,1074.2139610785407
2025-06-04,6456.509816875152,5626.4139760385506,53454.309508092687,50244.746880326689,2437.9994524569638,-3739.3981408824425,4510.9613161914667,72007.216372869327,857.97520349224135,20210.879415283373,17117.898583132475,126.9499275439905
2025-06-05,5626.4139760385506,5447.222430319408,55351.748642879727,43412.016032758824,4959.8420297369075,-508.89719267384737,7488.7877730578439,73689.409412199471,1530.3448541542164,20688.476305230226,16918.938198383712,300.89814284050647
2025-06-06,5447.222430319408,5492.3024193208821,31984.072240206468,18511.586751215302,3488.7390689167669,-810.93776361347147,10794.68418368787,33895.775669867624,2634.6655687785837,15489.988206832226,12506.318457432775,2691.776089246755
2025-06-07,5492.3024193208821,6063.7650630444959,24923.891940330435,19334.394987301108,3915.1979903823017,-248.70168660588067,1923.0006492529046,38870.5294699152,334.21751683538946,14763.035042494543,11443.742005069333,4758.9407826587085
2025-06-08,6063.7650630444959,6987.169522894611,47815.674073027083,47255.51700328548,2216.5471468779879,-1656.3900771364333,3.9180261035554054e-11,72617.695750319544,7.5732753401780428e-12,19661.921193389528,15095.092152780422,2865.9434430437691
2025-06-09,6987.169522894611,6251.7395776937174,51443.557227522826,52826.791779925596,0,-2476.9029072229023,1093.6683548201393,76598.693921634374,161.22678456673012,20852.666289463319,17552.546645146096,2527.0883285505406
2025-06-10,6251.7395776937174,6069.4986649714228,50479.757141567097,48577.173352383979,1814.6052356114481,-494.60450765064456,582.58306122231591,78698.429436130798,86.415473245799561,22017.822449044826,17998.45300517638,3147.0312321748092
2025-06-11,6069.4986649714228,6910.4999606964975,53788.940192753464,52861.113210356212,1231.186833258811,-401.64352655794801,98.283675696383938,83879.203999476827,14.578903166416113,24177.221476153391,18826.648229531682,2458.7633393548676
2025-06-12,6910.4999606964975,6682.4540008996319,50280.855481715247,51249.661956246666,0,-968.80647453144695,3.4711871377268718e-11,78582.586270406391,6.7692518257445045e-12,21202.899261224054,17379.589765408666,2306.8853412576791
2025-06-13,6682.4540008996319,5815.7390595444849,22267.184489195482,21225.424686184295,105.03397883813747,-582.01987597419725,1518.7457001472451,35166.490165687486,248.46580063628954,15418.888160778755,13269.342857450423,4920.0969629954398
2025-06-14,5815.7390595444849,5903.6423144839009,21014.58621139549,21763.042967699454,0,-748.45675630397545,1.4973723039268802e-11,35698.743516762828,3.6229630406836577e-12,15696.438516336651,12635.002268787217,6443.9645192133894
2025-06-15,5903.6423144839009,6918.1267345173101,50234.970110291477,47420.464731511878,2928.6681906162621,-264.71446825398448,150.5516564173187,79367.191158980306,22.325220999345451,23132.244732413907,17824.082255225196,3454.3795694576193
2025-06-16,6918.1267345173101,6286.6754631679923,49730.560324699531,48507.989949755516,1602.3877332438321,-694.40260925188284,314.58525095206562,77404.233407013293,46.614503441723009,22161.577499368661,18519.183918703005,1114.4015131226952
2025-06-17,6286.6754631679923,6446.9571426287248,51707.933963500254,49492.015440872092,1777.3340408154932,-212.86177854276963,651.44626035542728,80864.098772964324,95.89450127112201,23199.681646585825,18647.488622219858,1770.7890332028028
2025-06-18,6446.9571426287248,6353.2648007148873,50289.148278333814,49047.566364808787,1900.6968867862497,-1270.685612831036,611.57063956980619,77215.968565769144,90.668637887756915,20477.682374868564,16671.245831365988,2571.8097601543204
2025-06-19,6353.2648007148873,6080.9531285224939,50007.782228945922,45320.727297539081,4564.2309131058992,-1174.1890663607339,1297.0130846616755,74476.023019053857,209.88161767389462,22323.363829179463,18327.005206608519,2430.0418141567911
2025-06-20,6080.9531285224939,5225.4369920939498,21755.570371027497,20091.729829921285,0,-909.16444026316071,2573.0049813693727,32363.992238615887,495.20038880196131,15663.896951489398,13457.721053492103,8252.4358794205509
2025-06-21,5225.4369920939498,6181.8714625355615,19723.088134824757,20031.229997972063,62.824360380193063,-370.96622352750779,1.0453333310067591e-11,34874.693212597515,2.2684076839141198e-12,16259.498214584288,12309.402530415822,11589.857128429045
2025-06-22,6181.8714625355615,6181.6644235118001,46820.362220741656,43586.781286157413,3429.471161057691,-618.82603419076622,422.93580771731376,72518.4278554294,69.108466094657047,21431.819126008915,17359.959827188606,1058.3359227037549
2025-06-23,6181.6644235118001,5689.2148341470738,47804.232347804282,44875.642968257962,1062.0646082174978,-520.94815354010393,2387.4729248689296,71152.402972061624,507.01851169423043,21175.524492169974,17595.379469085932,1017.9904606718094
2025-06-24,5689.2148341470738,6779.1097745554753,52973.148055425976,52880.180145228878,798.61627299215422,-786.72469828973988,81.076335494685978,82942.462674977549,13.017879414845671,25035.439272131411,19297.800364058879,949.049396319876
2025-06-25,6779.1097745554753,5944.9199300770433,48773.879224417644,45283.650010075056,3394.1170933193625,-657.0042590211649,753.1163800443918,74853.311059838554,135.73257272850347,20279.961764817857,17177.539889533055,1449.2003906155815
2025-06-26,5944.9199300770433,6113.2252364027354,47149.802791888054,44049.200038038602,2441.0927430567835,-17.595147390537008,677.10515818319573,73572.046694941295,100.19510650935094,20882.55538294396,16763.39508449148,2005.697669664828
2025-06-27,6113.2252364027354,5572.9590649251086,21476.115339844971,19322.919621384262,0,-1039.8206884768247,3193.0164069375301,31639.350723280702,481.30381628519598,15758.186354489029,13250.370501465975,9841.1928198761761
2025-06-28,5572.9590649251086,5741.3218770187987,19522.519065924051,18389.694521690108,459.91602447521859,-126.0474981704147,798.95601792913817,33401.274891967594,173.97123473230008,16091.898048061588,12882.910888045566,8589.3328500172011
2025-06-29,5741.3218770187987,6599.410790226736,49160.659891034404,42501.188273268846,6120.5567500500538,-16.775200988936373,555.69006870443752,75616.581441370043,124.28386144691659,21802.004192950881,16887.34337440307,1558.4359509358048
2025-06-30,6599.410790226736,5887.3859667910447,47028.051553267178,46262.843684102125,362.12313873142068,-404.49986104685581,807.58459148048644,73883.169668468385,119.83027796265097,21151.1326017549,17773.239748513595,747.4231098563838
2025-07-01,5887.3859667910447,5688.1222073846084,73478.858418628457,40130.529824420242,13418.377362503114,0,19929.951231705101,77536.477162703086,5045.5057048515064,19963.396353915632,16349.688430137456,101.7309104430916
2025-07-02,5688.1222073846084,6348.122854301504,52015.724044449154,48405.931101288166,1264.8348086008305,-350.88040360979693,2695.8385381699477,77183.107394809136,534.85414200203365,20512.978644480572,16021.512119804054,321.72864546797598
2025-07-03,6348.122854301504,6077.3318922601657,62329.144258800596,49993.744832613993,6111.9904926815534,-682.17649642121171,6905.5854299262619,82202.280926574254,1604.702805568171,20113.521115111875,16535.663969077825,468.7076527750371
2025-07-04,6077.3318922601657,5121.8182976325952,36731.697384531959,19364.698078558544,3532.8909963159413,0,13834.108309657478,36969.543951942098,3834.2104753488775,15500.083533285691,13415.029897126224,9837.8333244648366
2025-07-05,5121.8182976325952,5655.3361481903667,35251.89385676173,20036.716914577693,5224.659798389177,0,9990.5171437948666,40068.119903640589,2831.7931664235707,15957.501707512523,12445.410317583151,10597.741713468113
2025-07-06,5655.3361481903667,5697.0753453326734,63917.767572428369,42852.335429676248,15922.24077711775,0,5143.1913656343786,83937.431032836321,907.49654981639401,23709.998019186409,19167.533118112915,508.48113157921398
2025-07-07,5697.0753453326734,5663.5093670414908,59312.638840236112,42253.321941898444,7621.4324415123074,-0.95879196447632831,9438.843248789839,75293.613524576285,2370.2418751875507,21296.347675671634,17280.250997756091,238.27595518163153
2025-07-08,5663.5093670414908,6389.8542564331237,55854.260249912593,55323.382816683901,897.59983535839933,-2066.7697117187577,1700.0473095890411,81802.703164777777,323.82641251264386,22267.248317413294,17382.760736652308,1670.6549798627557
2025-07-09,6389.8542564331237,6472.4120041925717,55305.547061590834,56478.10065695025,206.43742944137773,-3124.6724437224511,1745.6814189216575,80312.266399740445,387.39550341067843,20703.314624873819,16695.382873164286,2633.0051347749213
2025-07-10,6472.4120041925717,6699.6511233167585,53977.807173550987,52298.234906157275,743.81373449012244,-1391.636822946276,2327.3953558498742,78673.850644849663,541.66365346458542,20585.076363351185,16469.396647102687,2246.2111987324142
2025-07-11,6699.6511233167585,5567.2968437442305,28398.151645007085,27665.70980407923,0,-1733.4211254692477,2465.8629663971051,41934.127431947039,427.73163560342647,14839.922773293878,13039.456297983319,8042.6154422398949
2025-07-12,5567.2968437442305,5947.2341079926136,27267.944584152327,27163.409420841166,0,-650.40069701057121,754.935860321733,44717.251179328901,120.33089915874271,15206.99059535227,11975.718844411796,10522.066994213836
2025-07-13,5947.2341079926136,7018.082143236069,56901.841242520575,57797.03042501762,93.539836253957759,-4519.1477507684367,3530.4187320174397,77072.865488342431,806.2434113595798,20808.105971496014,15890.802605192661,3694.0851333986529
2025-07-14,7018.082143236069,6716.4890356409915,51597.176554480713,51772.060625920785,1196.8914779420484,-1528.4989301558544,156.72338077373135,78081.910731694108,23.276901941740768,18941.58647112074,15614.11883844337,2970.0407842917994
2025-07-15,6716.4890356409915,6789.1736975329959,56453.091054980607,55393.138451886058,0,-3158.9115861789769,4218.8641892735204,78195.253940481227,993.7907276943281,18931.770992412614,15269.318308151422,2777.5414005810176
2025-07-16,6789.1736975329959,6868.6315656299967,50416.745361882917,49445.319597137714,1077.0722244136459,-503.08492093038723,397.43846126195274,76630.230006390222,58.890976783988663,19901.036604179742,16048.327568098292,701.84856375942627
2025-07-17,6868.6315656299967,5913.8325970825208,51301.638020566839,48764.074672907227,2021.9417711973392,-686.33981860117979,1201.9613950634603,76550.916037762785,249.23878495156887,20501.249249793022,17465.330964025081,1043.8204702797316
2025-07-18,5913.8325970825208,5294.2877273971071,27960.530774905419,25931.429392591654,338.79972728397718,-1444.7909907254939,3135.0926457552814,39982.614600757857,501.41467009340852,15310.176697587043,12958.833507762378,6858.4379810265991
2025-07-19,5294.2877273971071,5860.6341169637535,27165.358530542821,27196.884098436585,0,-1182.6790293922172,1151.1534614984516,42536.539537174598,208.25799224729056,15875.301963159916,12349.282839549553,12035.959355811525
2025-07-20,5860.6341169637535,7134.2824700767951,52175.606152094362,52628.120768090725,1144.5928491685938,-1597.1074651649867,3.0599494049710073e-11,79941.329742703703,6.1923799421492731e-12,21407.444223760162,16193.746303443999,2637.6536057208746
2025-07-21,7134.2824700767951,5907.2482842604031,51486.590874808193,52218.22724227971,0,-1256.1979901374464,524.56162266593662,78679.568306416622,91.21032193307849,20094.250943300816,17380.674031308412,2067.4523663572954
2025-07-22,5907.2482842604031,6766.288558987073,53439.242830718511,49446.258126606495,3008.2957071262781,-179.90918587654119,1164.5981828622782,81389.295809172268,206.19549819176154,21775.123312851578,16864.713636155779,2889.9370140015594
2025-07-23,6766.288558987073,5961.2625776814075,55465.768168124167,55872.217093545114,97.518983060143896,-3048.6095854052032,2544.6416769241087,78904.764003523203,451.8248197089157,21384.605604411907,18046.053922748746,1801.4900249022976
2025-07-24,5961.2625776814075,6780.5131226726771,53309.72540280562,55345.855899952541,211.05039532219652,-2559.7653077243413,312.58441525521584,79562.698630718238,46.368869260600455,21171.823941037419,16411.851901748167,1232.6234606895791
2025-07-25,6780.5131226726771,5342.1817806872023,31735.043456767464,22839.394795870285,1036.8780260604362,-875.75775787071279,8734.5283927074561,37600.573219847349,1745.3292758625996,15639.829501672317,13962.760104141506,11163.513531512463
2025-07-26,5342.1817806872023,5940.5814378703362,25920.904547830316,23904.177734396013,309.25507369001548,-114.39029301293139,1821.8620327572194,41415.664427479729,299.12785030963721,16311.791064839157,12673.991071054897,9607.9007173384398
2025-07-27,5940.5814378703362,6462.1786308891624,53627.047968886269,49794.287438492014,2977.4161005740934,-993.24552107607485,1848.5899508962402,79448.98363568887,441.21230268622253,22007.469061615731,17356.6124661918,1554.1495429511549
2025-07-28,6462.1786308891624,6057.5837903417441,52872.367027871704,50699.388967461331,2105.9342636802562,-110.93195913906881,177.97575586917822,82384.949522640425,28.575948224657377,22018.793573535077,18199.358151056087,639.21281505275533
2025-07-29,6057.5837903417441,6234.9220729907593,54393.109099969573,49865.599219815231,3598.243854845055,-215.14282500904176,1144.4088503183323,83172.384047690255,168.75979240918699,21244.650304694031,17048.562292418057,3075.8098778234744
2025-07-30,6234.9220729907593,6567.2526513105258,54115.525132629926,44655.529975904647,9502.606813109569,-71.917793027200005,29.306136642907511,80314.21265251204,4.3459126302887467,21111.827845891712,16801.483034684497,1904.9597039351065
2025-07-31,6567.2526513105258,6077.6278186743912,53695.511722140523,46529.015480718677,4968.748125729473,-5.3380354684345743,2203.0861511608146,79577.705589842182,352.18581986753316,21805.165212459142,18102.846171464429,1532.5761020483287
2025-08-01,6077.6278186743912,5655.8150558361831,29798.306907949798,22801.698247932469,820.99373414039064,-623.91648217407965,6799.5314080510216,37804.750099459576,1893.0586384980675,15702.321240100808,13098.511691036045,15842.639522226204
2025-08-02,5655.8150558361831,6047.449199100879,26547.301575923106,24594.600347778214,0,-606.84606997651019,2559.5472981214079,40514.219898321244,396.05052396326579,15964.621043935469,12578.872316649504,16597.496761665207
2025-08-03,6047.449199100879,6356.3983805016542,46558.956765321062,41657.463217348857,2205.6119127764496,0,2695.8816351957526,67248.88132070702,534.68586273062942,19606.422705502024,15603.148128195942,940.81262279823454
2025-08-04,6356.3983805016542,6575.3485366096247,48896.56392640221,45208.770530262518,1827.5910532009495,-735.72485951418173,2595.9272024529228,70601.930988265405,567.25180926927294,19611.213681687059,15688.027941669341,1830.3419741836246
2025-08-05,6575.3485366096247,6529.161826976665,45548.022951271298,44101.862708634428,1404.1657380242543,-149.87984606100468,191.87435067362264,70599.728650289981,28.450307443137369,19887.296116227884,16150.277892814247,1738.8510009861484
2025-08-06,6529.161826976665,5829.7288690659798,47867.639182763691,47033.942189322683,333.04798213736166,-582.61940032466873,1083.268411628319,71692.59119084393,210.38876164751306,19849.701759468051,16707.748087288732,646.6270136454508
2025-08-07,5829.7288690659798,5983.4093689113151,47978.741771674191,46976.069517269658,1909.04330008431,-1970.1356163395762,1063.7645706598089,69528.198202683168,155.69350237969508,19940.759008120032,16013.702346716425,2368.8497936592439
2025-08-08,5983.4093689113151,5601.2828828228357,25800.715294418056,22361.412950043738,414.62687832263441,-265.49402324571571,3290.169489297401,38346.599562672258,563.04033655177932,15827.207403907265,13163.951834644518,20471.213079961286
2025-08-09,5601.2828828228357,5845.4653281401879,23521.658513665592,23082.774056586924,119.73027818041278,-50.844932148714904,369.99911104697105,39780.676456190871,84.297591806097586,16055.426772638331,12785.131485051432,17672.749760410064
2025-08-10,5845.4653281401879,6756.5323351945362,46100.364137251512,45382.451234908745,632.06681040361275,-253.48308984064172,339.32918177980423,70930.96610670707,59.587691286953216,19731.911955987336,15162.888378000829,1116.9111700075059
2025-08-11,6756.5323351945362,6041.7506910105403,46774.256481792087,43957.028431136627,1780.1894875966418,-476.81475518891023,1513.8533182477227,69577.500586765265,224.34830013703919,19314.187945283917,16287.795715445569,2214.2033237306191
2025-08-12,6041.7506910105403,6462.3710811698975,48831.306586251012,46934.119401617812,2269.4393779081283,-958.65921484746332,586.40702157252611,73215.969905583261,86.938660116466963,19328.495269006813,15277.522816752105,1491.3924634450118
2025-08-13,6462.3710811698975,6367.3883980377223,47279.557076621481,41610.442444515516,4788.9972850765689,0,880.11734702939873,71252.981288308612,129.76590462154803,19784.61182233915,16111.019990913668,1588.1759115046746
2025-08-14,6367.3883980377223,6140.9924098844804,48291.966651329087,43960.617048939159,3761.8447898812055,-334.97300680270615,904.47781931143072,71979.969974147301,138.51805949478003,20782.254584420127,17037.382602718222,2447.3250686068382
2025-08-15,6140.9924098844804,5506.4386619431061,27611.610092815801,22702.650079831845,821.90841604066088,-630.40069237763623,4717.4522893209341,37676.946050708066,1495.6458354110932,15891.233378247805,13442.997409527958,19564.629034065976
2025-08-16,5506.4386619431061,6001.0126188550821,27505.518869042899,24695.664967986475,877.05423984128515,-1184.9243969053875,3117.7240581205274,39386.686010679397,626.69743806532688,16136.546703324628,12625.48626847217,19573.042647225593
2025-08-17,6001.0126188550821,6363.5853015547782,48021.928052712203,45255.184262765775,1864.6983092625439,-962.72376407862828,1864.7692447625031,70018.917488540203,346.22085380263917,19890.09854463692,15784.66440672618,3094.3105877654293
2025-08-18,6363.5853015547782,6411.4862918166982,47731.883519953226,44554.768675826788,1430.7045432501372,-455.22807622405094,2201.638377100347,69976.289566313673,377.3352554812115,20475.204254255987,16541.80455471162,2026.1095055838473
2025-08-19,6411.4862918166982,6248.8025963816181,45765.539855830983,44391.32015770729,526.53154402863288,-205.70848831931184,1053.3966424143769,69346.07646145366,156.10996503796167,19308.653091893513,15786.424330325321,1662.2976149234207
2025-08-20,6248.8025963816181,6036.0758586646925,55268.638540407541,47360.763161835093,2744.9726889313879,-1396.1923704761143,6559.0950601171762,73377.545134392392,1344.4739748687484,20425.014045185504,16735.715440545497,382.02943795446652
2025-08-21,6036.0758586646925,6056.2076584603647,46544.81955565785,45462.157675956158,918.95692246689282,-904.58146079304834,1068.2864180278455,69496.268400153145,169.61055515174141,19163.756611521458,15504.524235516277,162.22809596637023
2025-08-22,6056.2076584603647,5658.0009176026697,30068.853844399779,22622.537150831296,1248.4762350913009,-438.60553091085171,6636.4459893880303,38206.051407962092,1800.0921673836526,15761.342435904391,13125.073439854483,16139.305179295829
2025-08-23,5658.0009176026697,5980.1115333631151,24240.154682894186,22833.500914694327,1406.6537681998491,0,1.3364988449282578e-11,40789.096744988703,4.3200998334214091e-12,15680.609002119494,12411.393737532388,14989.875330401603
2025-08-24,5980.1115333631151,6325.2043201350098,45692.241020630609,44266.448443914822,1331.8188719588493,-60.711085020211101,154.684789777156,69673.654395823803,22.473883047581882,21155.658504250048,16825.49988034783,1632.3801716358262
2025-08-25,6325.2043201350098,6249.4771314942236,53280.869774981351,57395.346938663657,103.93468112434221,-4816.4232639875536,598.01141918090298,75653.516057073619,88.684991732872604,20930.205559611197,17021.620973061774,1060.5294455903982
2025-08-26,6249.4771314942236,6719.7470807262889,46014.462760483679,44948.34840057871,805.59126418195569,0,260.52309572300402,70619.212856335667,38.40632275471431,20958.288425779319,16552.970670572391,723.48304055011738
2025-08-27,6719.7470807262889,6080.7356474135722,49945.546579721165,43910.412341201132,5083.8861675228309,-140.74085264977521,1091.9889236469812,73451.239866839751,192.94162060119589,20362.079158426313,17068.394408306762,2436.3478706547239
2025-08-28,6080.7356474135722,6165.3884631063365,52101.088799604149,42774.224444490952,7995.8996277124243,0,1330.9647274007837,76499.391978574306,245.42774523755617,21974.298169438283,17722.993983121527,1725.7205541617782
2025-08-29,6165.3884631063365,5751.5586018282502,24757.553535339113,24569.453373928824,530.23397803815749,-420.32282685084294,78.189010222976052,40456.18136790047,42.116353473181348,15988.084237187282,13322.795107271975,15277.788241458347
2025-08-30,5751.5586018282502,5827.8231596126534,25033.04563999287,23868.51964536462,460.90181221015132,-233.14375086488442,936.76793328298277,40369.456690823863,233.33864183269301,15850.980963725386,12770.6564786116,19009.751014209425
2025-08-31,5827.8231596126534,6910.9432989706602,49323.881481322918,45098.930930980816,2322.5864807883922,0,1902.3640695537124,72478.089488162339,377.67784286382334,21271.21693177284,16254.877589313794,1192.8049052337865
2025-09-01,6910.9432989706602,9128.5168212775206,45945.782850131698,48446.666668927515,229.39426001941524,-2730.2780788152522,2.3733605303277728e-11,67393.700537942772,4.7251091928046662e-12,18797.441937488984,13230.111799289904,8252.2358664103631
2025-09-02,9128.5168212775206,6928.3519276257903,38690.295946324819,34741.293140005226,3508.8200218151719,-149.49093220828951,589.67371671270894,57733.966307138864,116.42158210670183,18315.079168547116,16815.362530809722,2292.9154015081645
2025-09-03,6928.3519276257903,6861.0111919186502,39511.907100082833,37721.43864414694,1954.1179285099638,-163.64947257410344,3.5384559060602786e-11,60613.577346612125,9.8916430602002947e-12,18767.165529346628,15262.010740907193,1560.7053081726904
2025-09-04,6861.0111919186502,6500.6724131656192,43000.177733713877,36743.908090342775,1801.5008468204696,-282.13311774487966,4736.9019142955131,57450.967170023112,877.89923753478467,18684.79652344195,15458.990084865709,1177.4944189816488
2025-09-05,6500.6724131656192,5604.7591193555963,23007.836583083306,16237.736206709054,884.34234257768776,-716.49034400192056,6602.2483777984835,27911.032313424068,2025.1165818413506,15954.016601908779,13729.075411975133,20886.946038665097
2025-09-06,5604.7591193555963,6451.5945722503948,19524.687509498974,18038.679055687622,892.13896754449081,-383.39251391493303,977.2620001817952,32119.828614156155,235.67193200561385,16934.117491263827,12954.483260318382,20654.782615216325
2025-09-07,6451.5945722503948,6734.7672671682603,42509.76671481732,36423.387717762118,3517.5041255138076,-255.88314990378453,2824.75802144519,60162.171490830136,535.13327677784719,19429.87432295128,15483.342776164465,1789.7896041544946
2025-09-08,6734.7672671682603,5515.2638698932351,50598.738476916711,32258.132105738041,7733.5623849650892,-32.968286139748969,10640.012272353331,59547.746509908742,2668.3606535512854,19966.055007724819,17270.057613804627,124.54023620650355
2025-09-09,5515.2638698932351,5841.4606616808624,50977.299016016994,30578.065332859951,7007.8679728023999,0,13391.365710354652,55021.030648385189,3349.3632543361614,18995.305205881203,15092.62010415491,1364.8745343283863
2025-09-10,5841.4606616808624,5910.8445675156127,51144.625208847028,36073.574166189435,7174.0397050102429,-606.53483370834317,8503.5461713556906,63627.592534144409,2015.0630288909715,21106.19461447237,17033.572122471345,254.03442103434338
2025-09-11,5910.8445675156127,5980.3996879697943,44347.368660139124,36174.047487833865,2913.1214211263523,-1059.977797068882,6320.177548247786,57232.531116107522,1301.4095504856446,21194.750651940052,17105.148419662684,948.25265098245586
2025-09-12,5980.3996879697943,5235.723290242222,26031.198732177403,13888.917180870307,2291.312542678605,0,9850.96900862849,28026.08741334673,3230.5939667791827,15493.901810636642,13220.269224570497,17431.392594059762
2025-09-13,5235.723290242222,5725.4162618060773,23141.116990309085,14829.178486208526,3158.4809494184888,0,5153.4575546820724,30612.642767161131,1650.7983232205229,15790.769111822827,12349.799306169025,20815.369801394507
2025-09-14,5725.4162618060773,6060.4027459969284,46203.608928810834,38841.139732392156,4190.0275324908225,-1094.3877685514051,4266.8294324792578,63261.893147871968,1171.5862744176829,20927.986292943311,16650.181061512318,56.349440858654475
2025-09-15,6060.4027459969284,5704.1230239066581,45098.796915203027,33981.891056533641,4060.1116958688726,0,7056.7941628005246,58039.389954044098,1398.6353919124208,20483.098344320613,16911.961408780942,799.8577770835077
2025-09-16,5704.1230239066581,5861.4770749110257,45003.15536320502,39744.343796685323,3357.6960319117734,-1382.5938266309226,3283.7093612388435,62943.863474251193,915.94320041081414,21113.690327013257,16960.470518976806,214.81688329222047
2025-09-17,5861.4770749110257,5977.8770909391551,41666.8280195115,40862.9159179751,1555.9000786948591,-831.27732835150107,79.28935119304785,64491.380649847335,16.76450630663674,21111.077951970317,16995.213126670642,432.16193085429711
2025-09-18,5977.8770909391551,5982.3433929160119,43864.688874013053,36151.600571001982,6045.6129782646813,0,1667.4753247463832,64431.978357311418,312.94697311562686,21226.723046502178,17189.625995887596,1751.7771631457981
2025-09-19,5982.3433929160119,5388.8250334968488,22439.422785964547,16718.8763595987,867.18687121450625,-320.32770573138663,5173.6872608827289,30239.61512134063,1532.9066392948553,15614.134686736359,13181.615619733697,13238.650376966149
2025-09-20,5388.8250334968488,6071.8658547633286,21266.860466647981,17320.554573814261,1442.144911749336,-255.02559033260937,2759.1865714169944,32315.944582427848,679.9879841834852,16482.487170302884,12736.077868805507,13604.089531780613
2025-09-21,6071.8658547633286,6302.3364800642339,40570.500983607264,39676.805004779475,1354.5584660238078,-460.86248719605675,3.8106478861266174e-11,63752.527492602414,8.6348705963246175e-12,20726.786734452886,16581.273692136027,1319.5269669522313
2025-09-22,6302.3364800642339,6102.564312214321,45151.889549483429,42478.362611715886,2058.143154953224,-1786.6151973535691,2401.9989801678867,63899.990185695824,659.47917437661283,20936.64713542147,17138.479130756317,147.28147207394613
2025-09-23,6102.564312214321,6398.8026334146343,44645.476053069957,43157.371154994224,967.20398821518506,-767.0290932033771,1287.9300030639295,67871.660018660623,274.3104343157537,22187.510142409632,17705.268726271526,1547.1134535049398
2025-09-24,6398.8026334146343,6419.618153869601,42432.294596319058,38294.032325966182,4138.262270352845,0,3.1904347608247007e-11,65517.513328083587,7.7204909132433386e-12,21136.079810523806,17101.490678114817,419.69909567460809
2025-09-25,6419.618153869601,5986.9933798583488,42777.689669666026,40617.711759985788,2387.6670110493005,-433.49432855988044,205.80522719080551,65927.166912162997,37.206645969651873,20484.573945040283,16981.867192092763,2126.217905185134
2025-09-26,5986.9933798583488,5129.0928437738285,23156.605693971451,18171.798964103116,336.35167832286919,-1172.2288392099956,5820.6838907554629,30197.490111294792,1260.3599828965248,15369.419290781409,13221.340108009008,11615.527411418912
2025-09-27,5129.0928437738285,5522.5912572294001,22634.380042690071,17646.903554809476,1276.5726136661062,-75.994807043312122,3786.8986812578041,33557.675409813972,723.53529810471832,16283.068432274727,12835.136858032512,13031.976883676472
2025-09-28,5522.5912572294001,6890.3611188756895,46105.570971667315,41964.32894746949,3680.9179730643609,0,460.32405113346533,71675.09948140019,117.86593144514374,22660.863006350286,17124.306159662072,2768.7793994904514
2025-09-29,6890.3611188756895,5853.9094815392818,46113.73900467722,43141.388005656656,720.59671308539851,-1058.8017194606564,3310.5560053958252,65634.424479124209,560.35342793461109,20792.110500545401,17774.415979044552,417.19178555796759
2025-09-30,5853.9094815392818,6130.3430916034094,46983.204536429454,44531.256800777985,2210.926322300541,-209.38764290642609,450.40905625735815,72310.677312121232,81.675841396036617,22650.073545860585,18097.769323089356,2417.8741640793696
2025-10-01,6130.3430916034094,7388.1506214737874,39385.610082277031,40849.433324374702,0,-1463.8232420976983,2.5959549176945984e-11,61198.121059742334,5.2757798130187439e-12,21308.796288852758,16128.09821708739,6355.9014546436347
2025-10-02,7388.1506214737874,7362.3017464115319,38845.654381529304,41655.336111106124,15.726750241154667,-2825.4084798180029,3.05410559064967e-11,57895.999114478407,6.7696959149543545e-12,20767.601114049292,16845.020889935957,2242.6357736984114
2025-10-03,7362.3017464115319,5966.1621742986899,17098.075741843713,15076.016095831166,1024.3373489423861,-458.19163544675024,1455.913932516909,27948.859557495976,635.24990812464671,15797.27026128696,14052.314526543996,19022.000030877658
2025-10-04,5966.1621742986899,6580.9832610165595,17693.340274800805,18463.693490429814,0,-770.3532156290313,2.1522512105853766e-11,32071.422950385688,4.4424464107351014e-12,15961.472643549427,12375.453863228951,15389.421736731882
2025-10-05,6580.9832610165595,7638.1683826498083,41144.942593816006,43042.104207290082,602.23894145316774,-2499.4005549272561,1.6747642384018492e-11,62043.267241727212,4.0909498011387768e-12,21644.780647235355,16580.805714790713,2243.3312426159096
2025-10-06,7638.1683826498083,6668.4766196442815,40188.805738953197,37791.780407183687,2918.0057459600316,-520.98041419054175,2.1253365289908292e-11,62029.930358602331,4.4781955921280314e-12,19735.099285993652,16858.153008359826,1419.8748309685154
2025-10-07,6668.4766196442815,7409.9150533769398,41971.830105803892,39603.501171775817,2767.466244292862,-399.13731026481332,1.7613801084337411e-11,65558.505478042178,3.4106051316484809e-12,21332.148698338351,16611.74585529467,3066.5396349984953
2025-10-08,7409.9150533769398,6023.8294257962361,39463.368580250506,34289.940719187529,2779.2503826009197,-0.76556086337718554,2394.9430393254279,59138.648903899622,411.26780641640585,19969.577985870157,17422.835233377464,524.67829115666439
2025-10-09,6023.8294257962361,6017.4723137693245,43136.869926774496,41441.576287472868,1410.8317209581223,-2809.4374469117165,3093.8993652552131,59919.505239182108,592.24560859137091,21411.745705607456,17349.235422366259,689.25888119895274
2025-10-10,6017.4723137693245,5176.0341687535329,20362.636847987917,15156.922910610116,99.536037942357297,-356.23024531526505,5462.4081447507069,28422.497828454154,1534.0660362374547,15537.347769241158,13342.546023599551,18418.151202383331
2025-10-11,5176.0341687535329,5899.0229478475158,18296.787439504606,16163.12422672609,439.37822801742755,-48.833795810906736,1743.1187805719953,32169.720835860546,286.35827829670831,16939.931852869977,13070.654899640096,14480.488577594038
2025-10-12,5899.0229478475158,5957.4824655796674,43338.70189293228,36367.908504588879,2855.4021164149522,0,4115.3912719284463,62776.246352456743,973.27856592333774,20813.613585547828,16806.413438334806,1227.3687878337257
2025-10-13,5957.4824655796674,5950.7424097613803,44702.781586453821,38298.645250425834,2933.664327523788,-1461.6480584416172,4932.1200669458149,60045.073161845692,1025.3234901058763,20489.52171001121,16602.578635345537,156.05827728588702
2025-10-14,5950.7424097613803,6078.0432412140854,43709.389445843452,40666.207389692325,2679.4519250274479,-825.56965909290841,1189.2997902165903,65830.872791260233,244.38075191825988,21269.131288879984,17113.425595685352,1145.7185666505366
2025-10-15,6078.0432412140854,6023.0819561971384,42990.466853817641,42577.958850157236,928.6714071290736,-1206.8670672702565,690.70366380158691,66242.72282190813,150.27437654151373,21777.204585499709,17689.000870770014,384.76983371995038
2025-10-16,6023.0819561971384,6074.2424049004858,42859.00887511747,40280.140505033822,2337.2704932585234,-8.0127456530257462,249.61062247814436,67301.318700308722,57.841358798346832,22015.551430991702,17786.552255270268,163.68793338563057
2025-10-17,6074.2424049004858,5423.6447551830688,23003.939443700609,14525.644899514064,1771.908961635701,-355.21156254073082,7061.5971450915704,29167.253368024991,1830.6430827141037,15365.091571310393,13031.262057507094,12659.867620269122
2025-10-18,5423.6447551830688,5789.6041792130436,17443.148450913784,16727.054961323425,788.05118923694226,-348.02546795428805,276.06776830770701,31673.294094372533,108.44287002189913,16407.098267409569,12960.386114974774,12258.431545292962
2025-10-19,5789.6041792130436,6153.2875925533881,47125.183906592487,40983.530242131172,2027.8923529268636,-178.15540323940223,4291.9167147738435,67924.033677379979,933.39079377418898,22119.807764935584,17589.729217591514,441.6233904767596
2025-10-20,6153.2875925533881,5717.9812207229706,44428.064691230829,44695.04463545933,430.21544503707025,-1233.7921447847791,536.59675551920941,68859.143596801412,100.16970824482578,22085.539727791838,18281.062914158767,714.05412474647869
2025-10-21,5717.9812207229706,6395.3694662235557,45403.794878036977,44132.677029462306,1529.7371686764716,-258.61932010184108,3.8829180648569663e-11,72813.790375072305,7.8090867106084261e-12,22857.359573663016,17904.811833716518,1398.6612851258024
2025-10-22,6395.3694662235557,5921.6872345372094,45029.949238719237,41542.922866939967,2832.2338919027643,-3.2310071671037006,658.02348704361339,70101.037905843565,120.06806642816761,22248.973359080032,18447.98242937254,865.21834256423085
2025-10-23,5921.6872345372094,6170.0585413482349,47010.512920603782,48783.938765029176,1809.9790576756091,-3704.4222675317669,121.0173654307599,68396.869576298894,30.938863717436803,22353.393267404943,17882.714370468086,577.63250974614084
2025-10-24,6170.0585413482349,5507.1832508175476,21819.946181901025,15577.514962610492,822.36984944538915,-65.75788390227828,5485.8192537474197,30588.420622533831,1483.3030319037939,16059.065043848968,13604.430446995288,11197.038340917266
2025-10-25,5507.1832508175476,5873.8807110493999,19195.363959818595,16425.167987257824,491.33087595501763,0,2278.8650966057498,32467.112543007643,427.29477340864423,17173.559458881289,13580.555447485176,9902.9705716868357
2025-10-26,5873.8807110493999,6717.6137721691193,48201.204110445549,44660.807299303167,4567.5999262292553,-2034.6528225501329,1007.4497074632615,70223.359068671562,208.33212998127664,22469.346581203237,17440.810975766875,858.84357654980499
2025-10-27,6717.6137721691193,5847.7365328654123,45145.123550886623,40388.499753996533,4162.9669690999654,-249.35016512333644,843.00699291346132,68454.203005021933,157.52311654132313,21121.533409593783,17891.331577144309,1828.9426224471138
2025-10-28,5847.7365328654123,6375.8220830785876,46160.300427459639,41734.196189487506,4185.7667219891646,-12.235491481286825,252.57300746426185,71757.384827004251,54.455866002550103,22044.655216360086,17380.893730059812,1175.6575067065282
2025-10-29,6375.8220830785876,6022.1015695157239,47365.82060118713,46037.668993570849,1397.1053693173724,-436.48176606806373,367.52800436697356,74395.492662258242,79.4233334976647,22695.835336972341,18701.975085154172,1168.7989439377434
2025-10-30,6022.1015695157239,6011.9603046995235,44752.492291693852,40906.961921180162,3503.5759434022511,-6.448861344743082,348.40328845617381,69538.36488202546,75.638886718583947,22101.518755626676,17911.357330392188,636.02469350956267
2025-10-31,6011.9603046995235,5632.3194499217461,22566.503108426434,17794.368641397108,557.06068720751375,-569.98388959091881,4785.0576694127321,32315.8837617674,1247.28857609959,16682.116489960958,13854.19112616838,6830.9549074077349
2025-11-01,5632.3194499217461,6207.3679586225035,18061.143420311008,17691.309189874824,428.47346299969382,-58.639232563550046,3.9317356037571472e-11,33961.057460268443,8.8633544947924747e-12,17595.23875000644,13734.599729674534,7556.3800066032154
2025-11-02,6207.3679586225035,6229.924995477606,48370.705794960777,44546.404505430219,2354.7737258578409,-101.35724647561906,1570.8848101483368,74311.496496465988,233.02678766614002,23183.606492890271,18758.419926071532,1322.9527839800455
2025-11-03,6229.924995477606,6291.3326197759116,47314.083499337299,47898.821957602464,186.3998273542033,-925.38674371153274,154.24845809216802,74781.196432066616,69.867493071189372,22826.226367770694,18433.976496025789,953.88377005956988
2025-11-04,6291.3326197759116,6139.2175964159387,46663.510738249912,44368.439853232339,1924.7048691349837,-135.27468240826221,505.64069829085122,72983.384080620803,83.595952858948237,21954.135710606992,17919.753446615643,1452.5257361550691
2025-11-05,6139.2175964159387,6458.9608174087098,49091.97124543447,49869.91025646645,20.729511875447045,-1725.8745326082071,927.20600970077578,75050.702745317365,188.08629639609637,23575.969395078311,18808.766311119944,793.56589108843036
2025-11-06,6458.9608174087098,6032.5566897650624,48835.286997883522,45966.845818812792,2803.9076407334614,-17.090554259328108,81.624092596595204,76850.22324645186,18.514488410509205,22553.194992254903,18651.851658605752,1597.809851213221
2025-11-07,6032.5566897650624,5745.4371537579136,18933.621200309099,17483.643677672306,1181.6067463153017,-13.228742883446497,281.59951920493972,34448.081525652902,75.972617524067246,17941.17645105566,14790.760507761519,8055.1764165494915
2025-11-08,5745.4371537579136,5894.6121597252468,18900.456537585069,17383.060708239747,341.70530090128261,-17.603264879838846,1193.2937933238752,33770.33049774784,243.81173959850204,17857.881572066635,14330.626568003376,6695.6801332830728
2025-11-09,5894.6121597252468,6054.2302810823339,49525.527289668964,47177.324108547829,1182.1475596924058,-283.41169071666991,1449.4673121453909,76399.177300113864,305.55258496353554,23479.167347312701,18874.469242101914,753.2145965332694
2025-11-10,6054.2302810823339,6044.8357368745746,52570.665425523548,48794.9097209334,2672.6893687382681,-514.50686357813777,1617.5731994300211,79531.407578492712,271.58335551752856,22642.765339364269,18349.095014672042,1650.8775093180029
2025-11-11,6044.8357368745746,6295.4375051135639,49671.662533527924,50301.337831357319,308.4481235638525,-1198.6400898297775,260.51666843653982,77125.804969782796,56.072987957544029,23132.498326827801,18511.78205331543,1002.1420175612909
2025-11-12,6295.4375051135639,6036.9738026340083,50518.260912378493,47266.346249737835,2740.1083103883129,-612.77419759827796,1124.5805498506338,76345.822814650164,172.742478213243,22077.947074101889,18115.754462254135,1600.3849310156463
2025-11-13,6036.9738026340083,6236.8952046104368,52854.343859654226,46337.093870455399,3037.558198281788,-151.21732787230792,3630.9091187893368,76500.402079924912,737.73634040778074,21842.162767097507,17512.2225795702,512.32691613871532
2025-11-14,6236.8952046104368,5916.1305181746129,19473.947246875963,18263.669730893867,511.70897015889409,-35.360852971203208,733.92939879440291,34722.1178992731,156.67486528358296,17377.260435099099,14364.269170222517,4267.3461996800916
2025-11-15,5916.1305181746129,5934.347475241143,19691.107698544471,19025.333721335919,0,-230.50059411589396,896.27457132444874,35524.959273795866,189.8872804878084,18787.441583348133,15201.432421152111,3916.9504754209793
2025-11-16,5934.347475241143,6095.2455184821529,51554.888105271632,48129.535208464236,3546.1048237568102,-128.59811920271673,7.8461922533117727,79877.470617971994,1.5911969688329879,23261.536672154463,18697.03646552821,880.01722498123104
2025-11-17,6095.2455184821529,6141.1756786822098,51728.52765817917,46805.814880159669,4973.5664186070171,-54.338613839227946,3.4849732517088343,79241.506786853104,1.6205409215020188,22322.502058566923,18039.88952325916,2264.7604591335112
2025-11-18,6141.1756786822098,6085.4327731314261,51185.615279654819,48289.811739335135,2431.7970019826739,-54.153133913093129,518.15967225010593,79648.356454436522,118.00032340049879,24272.346457460601,19710.769245538795,314.22773258187397
2025-11-19,6085.4327731314261,5904.6935590135063,53250.707325626398,47808.191991565109,4736.4814638182634,-165.37777497700037,871.41164522002259,80516.242359459735,169.49741324067486,23030.336457516729,18817.237823294672,1104.3295384783446
2025-11-20,5904.6935590135063,6017.172236827465,51245.877009431999,48293.261116653361,2904.7380370395977,-7.2083152277083204,55.086170966746622,80228.492593885167,11.756732678849513,24044.63345737636,19374.922290442293,777.46212629659851
2025-11-21,6017.172236827465,5731.1119357203788,19881.772918678402,18383.96673827829,1139.2653860671066,0,358.54079433300473,35647.44196742701,153.24860258087131,17786.134431742874,14664.223160708103,3814.3952323064423
2025-11-22,5731.1119357203788,5855.1316873962196,20306.947625290879,20042.3536279857,152.84620167216607,-123.15601323973289,234.903808872745,38195.816801314562,50.521354607781063,19174.996178024943,15420.129127691947,4271.6416222560019
2025-11-23,5855.1316873962196,6138.4560709507077,52174.849759381512,48934.827555607029,3046.1810777844485,-158.90022057561634,352.7413465656532,80518.96593648351,76.579602734393973,23333.175491313668,18644.880202765038,675.15396733593116
2025-11-24,6138.4560709507077,5693.420872365069,52457.968932745462,47462.44717074174,1784.5071549369748,-2.4814044533653647,3213.4960115201161,77748.459755712887,626.98351248349502,23137.706843667656,19142.074222097879,217.8669466266023
2025-11-25,5693.420872365069,5936.2362932364622,54072.661361007042,55822.701891403507,84.858692744163278,-2341.2598652523097,506.3606421116823,81375.320649113492,84.128755345096579,23298.496676445648,18653.248429136722,645.54069048298118
2025-11-26,5936.2362932364622,6211.0377572700136,53337.540277180102,52031.701592172372,1841.0481639270492,-613.26283935700133,78.053360437678748,82944.670926940351,16.903483131861435,24110.628081421786,19282.287428321448,1375.5668736385462
2025-11-27,6211.0377572700136,6164.2811208877893,52334.706129744125,50340.143461135391,2265.6158369975551,-311.65342221737831,40.600253828558849,81119.73897796878,5.8199905144186861,23040.883467408945,18705.196581345241,1008.9793490861625
2025-11-28,6164.2811208877893,5896.5491663017156,20885.897603153597,18760.167999758803,399.96640501642753,-33.096288295649614,1758.8594866740148,35945.860741763921,336.05389280194942,19046.495306481687,15668.619957377636,1982.8007354618117
2025-11-29,5896.5491663017156,5816.2546802676961,22176.887917812302,23445.470802077569,0.26282340046899366,-1268.8457076657642,2.966577405949522e-11,39867.961457817408,6.3162808316974406e-12,18557.889015068919,15104.155139636441,1484.7774823849384
2025-11-30,5816.2546802676961,6013.8541688713458,55465.489649801559,52041.092006541825,2955.3799818627326,-65.573097736558168,534.5907591335565,85740.059192399989,86.223950200673485,25462.261942346198,20446.592633557138,565.7857171449341
2025-12-01,6013.8541688713458,5854.3354883776883,75328.922309334506,55412.952282925129,559.22031806773168,-612.5200345061503,19969.269742847799,85620.710005411966,5134.745047023107,24000.867258235892,19584.269291615368,39.929352481215915
2025-12-02,5854.3354883776883,6047.1979994460271,75068.175061355723,58139.592415676969,853.33053570368281,-887.31563488031475,16962.567744855383,89700.818462631316,4017.6645243438888,24499.154892041974,19670.739202592493,252.2573475257376
2025-12-03,6047.1979994460271,7433.2175168498707,63986.273458194853,57446.816033465278,6545.2645987122878,-5.8071739827406645,3.2253358206446592e-11,96193.57918763248,7.8284045912369038e-12,25639.642083655337,19520.692522097368,2911.88105940785
2025-12-04,7433.2175168498707,7625.8631885664081,64987.579410953484,63423.489668644688,1021.0735582902749,-1561.4104617045809,2104.4266457230851,94039.773743646219,423.10548281359274,24369.940881614937,19566.271009563221,2888.0006044080974
2025-12-05,7625.8631885664081,8103.0483886804041,28209.051267532363,27721.77555966418,967.58229861643281,-480.30659074829259,4.2421214097032587e-11,49336.251374088162,9.0754070924958796e-12,19747.265416937327,15565.818307616641,3843.1765814341488
2025-12-06,8103.0483886804041,7776.2787580974991,27196.803488295893,27645.927361258775,5.6115927913292492,-454.73546575424194,3.3791436981900347e-11,49140.034705353377,7.7711170831662457e-12,19375.876401843656,15988.552553017973,2088.0800398610322
2025-12-07,7776.2787580974991,7740.3632039932018,63586.237507993224,64752.276190112483,29.561783889587506,-1442.2453177560458,246.64485174719573,95180.596106512763,42.462744554911204,24144.624822577643,19589.47010498176,3015.2228834717935
2025-12-08,7740.3632039932018,7883.9055464109942,68344.256373025652,69328.701344780507,220.31370538725719,-1204.7586771421211,2.4252727826024057e-11,101384.63362679209,4.3769432522822171e-12,21342.79420677288,17158.475199310018,9353.1035026625486
2025-12-09,7883.9055464109942,7693.756577936645,66343.736264671723,67677.937162217655,232.6727694952923,-1566.8736670412561,2.0775004827555677e-11,98919.755370801489,3.4958702599396929e-12,22804.716916048466,18642.954773626174,7369.5389617125365
2025-12-10,7693.756577936645,6734.7010242071146,62219.984242595441,60374.498418768278,2104.23031589435,-258.74449206722193,2.6257810592511532e-11,95296.520141491477,5.3645976549887564e-12,23162.60466641104,19624.859778149526,3371.1567865632915
2025-12-11,6734.7010242071146,6924.30128351451,62129.260184609899,63603.501663464267,7.5548966534213733,-1481.7963755078435,3.7647144068841951e-11,94513.858332652802,7.0938810381449002e-12,23384.802275500035,18771.049609778376,3938.850966931147
2025-12-12,6924.30128351451,6375.6354292720534,27763.395678462144,26359.19761012707,1984.7856756347119,-580.58760729966798,3.0525613370357974e-11,49648.883544039156,7.1822547909050627e-12,18807.150094816101,15727.590845619252,2854.9108115089712
2025-12-13,6375.6354292720534,6824.7382610230961,27984.520377047374,27824.377977660617,842.73456084203713,-682.59216145529922,2.0762547237040965e-11,50853.392184043827,4.3165471197426086e-12,19773.65668700583,15612.469367898779,2893.6714816034523
2025-12-14,6824.7382610230961,6838.3016983674615,63758.095375446806,60103.8219569785,3654.2734184682704,0,2.8640538829449725e-11,97455.24857579064,5.5297988410529797e-12,24298.083678990239,19669.240686372166,4047.6837831725793
2025-12-15,6838.3016983674615,6679.251971401337,63484.478317853558,59580.467047099686,3904.0112707538351,0,3.2608846733950259e-11,96681.832082116103,6.4170890823334048e-12,23866.515956538831,19475.022679065962,2820.7808379765675
2025-12-16,6679.251971401337,6584.1348348207339,62532.02296926186,63249.424360125711,48.434565317657857,-765.83595618153504,2.5130515002302901e-11,95815.185897049174,4.8283599340948058e-12,23998.476795200972,19524.371627035325,1922.9893955501896
2025-12-17,6584.1348348207339,6409.3186216235927,61413.659660454927,62018.531578777925,789.81031094586797,-1394.6822292689012,3.7504167327284673e-11,93513.035115927807,8.0881967789991904e-12,24318.84438546727,19855.598544105917,857.94220789979499
2025-12-18,6409.3186216235927,6392.844282775558,60127.931596232469,59022.566261693471,1108.5962438989386,-3.2309093599868057,4.0935992151602822e-11,92931.333196188963,9.6576080466093117e-12,25252.393034604411,20469.265262992802,781.93845791070203
2025-12-19,6392.844282775558,5839.9487900727072,26001.011881272447,24577.970013255006,1929.8327452979668,-506.79087728056402,4.1224058833222441e-11,46950.655706830781,1.0445866394093173e-11,20168.296780163022,16833.926335364617,707.89396203237413
2025-12-20,5839.9487900727072,6219.1973194898555,25707.375255209143,26173.028605645472,177.01013822426123,-642.66348866061662,2.8775151816873291e-11,47690.497195452321,6.5851768482616535e-12,21399.055900487227,16991.911602919219,427.00064788430751
2025-12-21,6219.1973194898555,6395.6431165616332,62219.348929541506,60958.773317229716,1404.6844129303945,-340.98319863924939,196.87439802063719,95721.863465174625,33.894189209028518,25042.20196317372,20125.382372806114,1801.1561973493663
2025-12-22,6395.6431165616332,6082.0300492884662,61027.958828392817,59862.671708542373,697.38281154221863,-0.87152767333328418,468.77583598156434,94013.156040320988,101.17903868623925,24613.938436198699,20219.541893866794,782.51145334199839
2025-12-23,6082.0300492884662,6502.7656320148635,61746.324004266695,61220.172262414773,1231.1569423803728,-998.2798078659705,293.27460733751639,93808.301632635383,63.758490981309123,24992.697478414077,19865.422933061644,1486.6930449309223
2025-12-24,6502.7656320148635,6097.6278555031149,62207.763023043277,59895.110584939372,1456.111769478784,-521.95072038384592,1378.4913890089638,92790.841531487415,244.69412466199356,24319.132843366591,20063.121601987514,924.9650981036674
2025-12-25,6097.6278555031149,6133.7134380945845,61188.750164566831,57519.154067766736,3299.372804183231,0,370.22329261685934,93860.926508186807,53.634231967759014,25461.666173348189,20591.472576079708,1231.91860955275
2025-12-26,6133.7134380945845,6258.43894661782,25601.47250902839,24366.344448764834,1338.2071071212974,-103.0790468577795,4.1525493710281581e-11,47129.486086763391,1.0098588631990424e-11,20377.675220566613,16393.663970988047,137.85240385149166
2025-12-27,6258.43894661782,6274.2085599912089,25474.468641846011,24923.957474391111,697.36624790312089,-146.85508044825008,2.9244649368820321e-11,48007.139188535395,6.3664629124104977e-12,20968.842101329119,16970.569450040541,670.05747058015197
2025-12-28,6274.2085599912089,6546.8096572088471,60356.391646528631,59691.507965015655,1181.5710787424,-516.68739722945554,4.7569376770972836e-11,92722.445711557753,1.1372014441235478e-11,24309.53154143034,19445.379561062702,1049.0389811901107
2025-12-29,6546.8096572088471,6117.3786862079296,60411.788447444436,58388.685127917641,2026.6050950571585,-3.5017755303984646,3.5020709110433757e-11,93780.226693101198,7.6379458313624582e-12,24280.161914226475,20053.419024424271,2029.717536632344
2025-12-30,6117.3786862079296,6108.5292969062939,59363.019440645956,58693.638619437719,990.92235649938709,-517.84396733983738,196.30243204869157,91483.559282598959,40.983038801995001,24776.860270288063,20077.221269304806,600.5007204176884
2025-12-31,6108.5292969062939,5903.6528931561188,61210.076646475027,59980.412333215456,867.91557820799926,-182.88159834244789,544.63033339400818,94148.246574074175,117.36527292700345,25275.71287877109,20657.716195179746,1001.1922300765102
