date,model,nominal_cost,oracle_lower,regret
2025-02-01,seasonal,18361.862477592615,17998.970342377095,362.89213521551937
2025-02-01,ridge,18284.532610557413,17998.970342377095,285.56226818031791
2025-02-01,gru_mean,18387.429144259284,17998.970342377095,388.45880188218871
2025-02-02,seasonal,65441.985369558919,64999.181622205375,442.80374735354417
2025-02-02,ridge,65534.244158696718,64999.181622205375,535.06253649134305
2025-02-02,gru_mean,65463.387448632537,64999.181622205375,464.20582642716181
2025-02-03,seasonal,64294.992131744992,63797.53499412402,497.45713762097148
2025-02-03,ridge,64351.181299610849,63797.53499412402,553.64630548682908
2025-02-03,gru_mean,64384.626363016687,63797.53499412402,587.09136889266665
2025-02-04,seasonal,64018.109132830185,63644.911868947165,373.19726388301933
2025-02-04,ridge,64063.863220687439,63644.911868947165,418.95135174027382
2025-02-04,gru_mean,64052.62807849118,63644.911868947165,407.71620954401442
2025-02-05,seasonal,58496.040864278468,58135.58665203413,360.45421224433812
2025-02-05,ridge,58624.291564708445,58135.58665203413,488.70491267431498
2025-02-05,gru_mean,58547.765461079834,58135.58665203413,412.17880904570484
2025-02-06,seasonal,60962.417357175058,60314.223781686531,648.19357548852713
2025-02-06,ridge,60904.409712565801,60314.223781686531,590.18593087927002
2025-02-06,gru_mean,60931.107854772854,60314.223781686531,616.88407308632304
2025-02-07,seasonal,16432.642519681918,16119.91395439472,312.72856528719785
2025-02-07,ridge,16391.187812772601,16119.91395439472,271.27385837788097
2025-02-07,gru_mean,16350.607692278849,16119.91395439472,230.6937378841285
2025-02-08,seasonal,14465.83656892822,14150.809659395047,315.02690953317324
2025-02-08,ridge,14425.427360229824,14150.809659395047,274.61770083477677
2025-02-08,gru_mean,14478.886568928221,14150.809659395047,328.07690953317433
2025-02-09,seasonal,56332.701131358932,55974.642512584134,358.05861877479765
2025-02-09,ridge,56515.646723724567,55974.642512584134,541.00421114043274
2025-02-09,gru_mean,56427.453088912443,55974.642512584134,452.81057632830925
2025-02-10,seasonal,55630.800066585783,55260.578175951065,370.22189063471887
2025-02-10,ridge,55887.385249155472,55260.578175951065,626.80707320440706
2025-02-10,gru_mean,55610.754978199679,55260.578175951065,350.17680224861397
2025-02-11,seasonal,54730.582263160191,54206.453179015909,524.12908414428239
2025-02-11,ridge,54651.668187117772,54206.453179015909,445.21500810186262
2025-02-11,gru_mean,54734.849683581924,54206.453179015909,528.39650456601521
2025-02-12,seasonal,55687.924974822927,55226.917498220457,461.00747660246998
2025-02-12,ridge,55770.321801694052,55226.917498220457,543.40430347359506
2025-02-12,gru_mean,55619.391485419619,55226.917498220457,392.47398719916237
2025-02-13,seasonal,54741.113786349772,54231.250166859754,509.8636194900173
2025-02-13,ridge,54928.51622597035,54231.250166859754,697.26605911059596
2025-02-13,gru_mean,54803.918318156226,54231.250166859754,572.66815129647148
2025-02-14,seasonal,14557.126264564718,14257.510299335103,299.61596522961554
2025-02-14,ridge,14588.939579348873,14257.510299335103,331.42928001377004
2025-02-14,gru_mean,14551.239983194708,14257.510299335103,293.72968385960485
2025-02-15,seasonal,15165.721562684583,14837.975991774665,327.74557090991766
2025-02-15,ridge,15212.054714474449,14837.975991774665,374.07872269978361
2025-02-15,gru_mean,15164.85992352388,14837.975991774665,326.88393174921475
2025-02-16,seasonal,53562.131465276827,53249.69421405092,312.43725122590695
2025-02-16,ridge,53661.797244863017,53249.69421405092,412.10303081209713
2025-02-16,gru_mean,53635.303138729098,53249.69421405092,385.60892467817757
2025-02-17,seasonal,52527.758685282788,52141.173053467304,386.58563181548379
2025-02-17,ridge,52642.200975539454,52141.173053467304,501.02792207214952
2025-02-17,gru_mean,52548.336126550821,52141.173053467304,407.16307308351679
2025-02-18,seasonal,51690.152886796546,51162.188554710177,527.96433208636881
2025-02-18,ridge,51730.889328771314,51162.188554710177,568.70077406113705
2025-02-18,gru_mean,51687.525884705727,51162.188554710177,525.33732999554923
2025-02-19,seasonal,51869.286924643056,51290.477998570212,578.80892607284477
2025-02-19,ridge,51933.696714330108,51290.477998570212,643.21871575989644
2025-02-19,gru_mean,51944.239846157812,51290.477998570212,653.76184758760064
2025-02-20,seasonal,52311.021971689726,51895.989265441924,415.03270624780271
2025-02-20,ridge,52231.724234017383,51895.989265441924,335.73496857545979
2025-02-20,gru_mean,52317.624408487653,51895.989265441924,421.63514304572891
2025-02-21,seasonal,14603.697229769135,14429.846022631446,173.85120713768993
2025-02-21,ridge,14807.098010237181,14429.846022631446,377.25198760573585
2025-02-21,gru_mean,14612.853474272639,14429.846022631446,183.00745164119326
2025-02-22,seasonal,15009.648096550722,14856.946589097899,152.70150745282263
2025-02-22,ridge,15056.584272942819,14856.946589097899,199.63768384491959
2025-02-22,gru_mean,15001.089195857963,14856.946589097899,144.14260676006415
2025-02-23,seasonal,51569.471750849829,51043.812677829148,525.65907302068081
2025-02-23,ridge,51565.322189556282,51043.812677829148,521.50951172713394
2025-02-23,gru_mean,51483.121696035741,51043.812677829148,439.30901820659346
2025-02-24,seasonal,49767.911124395891,49402.218731675093,365.69239272079722
2025-02-24,ridge,50066.607303953519,49402.218731675093,664.38857227842527
2025-02-24,gru_mean,49811.275625273032,49402.218731675093,409.05689359793905
2025-02-25,seasonal,49308.28543660896,48943.506660037412,364.7787765715475
2025-02-25,ridge,49368.99488849625,48943.506660037412,425.48822845883842
2025-02-25,gru_mean,49298.953065108042,48943.506660037412,355.44640507063014
2025-02-26,seasonal,49553.745380494322,49234.305933463438,319.43944703088346
2025-02-26,ridge,49600.795877704048,49234.305933463438,366.48994424060947
2025-02-26,gru_mean,49561.372326548633,49234.305933463438,327.06639308519516
2025-02-27,seasonal,47417.815267534868,47134.211336687265,283.6039308476029
2025-02-27,ridge,47399.820801100483,47134.211336687265,265.60946441321721
2025-02-27,gru_mean,47410.550542116704,47134.211336687265,276.33920542943815
2025-02-28,seasonal,13862.685094333292,13583.559597221363,279.12549711192878
2025-02-28,ridge,13903.505704925949,13583.559597221363,319.9461077045853
2025-02-28,gru_mean,13943.421818604867,13583.559597221363,359.86222138350422
2025-03-01,seasonal,14276.170402824317,14124.263138761291,151.90726406302565
2025-03-01,ridge,14384.130650253164,14124.263138761291,259.8675114918733
2025-03-01,gru_mean,14269.246334887745,14124.263138761291,144.98319612645355
2025-03-02,seasonal,47648.080175088427,47245.968055121943,402.1121199664849
2025-03-02,ridge,47828.577779537365,47245.968055121943,582.60972441542253
2025-03-02,gru_mean,47816.163287649993,47245.968055121943,570.19523252805084
2025-03-03,seasonal,47791.005557499768,47437.444243334408,353.56131416535936
2025-03-03,ridge,48021.091066652254,47437.444243334408,583.6468233178457
2025-03-03,gru_mean,47949.336531580433,47437.444243334408,511.89228824602469
2025-03-04,seasonal,49506.218958735124,49153.203748821506,353.01520991361758
2025-03-04,ridge,49497.195824003233,49153.203748821506,343.99207518172625
2025-03-04,gru_mean,49577.489556871355,49153.203748821506,424.28580804984813
2025-03-05,seasonal,50815.130542781895,50427.050832639841,388.07971014205395
2025-03-05,ridge,50842.683165589027,50427.050832639841,415.63233294918609
2025-03-05,gru_mean,50828.670207634452,50427.050832639841,401.61937499461055
2025-03-06,seasonal,49308.909594361066,48960.667649130773,348.24194523029291
2025-03-06,ridge,49308.986554881136,48960.667649130773,348.31890575036232
2025-03-06,gru_mean,49348.312469327786,48960.667649130773,387.64482019701245
2025-03-07,seasonal,13537.893730913707,13287.73593962833,250.15779128537724
2025-03-07,ridge,13583.010799454049,13287.73593962833,295.27485982571852
2025-03-07,gru_mean,13501.208141678471,13287.73593962833,213.47220205014128
2025-03-08,seasonal,13197.44203948908,12931.427636083008,266.01440340607223
2025-03-08,ridge,13202.960262731416,12931.427636083008,271.53262664840804
2025-03-08,gru_mean,13184.975372822415,12931.427636083008,253.5477367394069
2025-03-09,seasonal,47257.281130318122,46780.307833025203,476.9732972929196
2025-03-09,ridge,47219.277364328649,46780.307833025203,438.96953130344627
2025-03-09,gru_mean,47183.56676168846,46780.307833025203,403.25892866325739
2025-03-10,seasonal,46424.258277256638,46066.638930193243,357.61934706339525
2025-03-10,ridge,46515.97563296475,46066.638930193243,449.33670277150668
2025-03-10,gru_mean,46462.993293571337,46066.638930193243,396.35436337809369
2025-03-11,seasonal,46363.020419127104,45908.642645116881,454.37777401022322
2025-03-11,ridge,46339.083581520448,45908.642645116881,430.44093640356732
2025-03-11,gru_mean,46362.749114158789,45908.642645116881,454.10646904190799
2025-03-12,seasonal,44642.729713062319,44084.909346270368,557.82036679195153
2025-03-12,ridge,44604.390097882002,44084.909346270368,519.48075161163433
2025-03-12,gru_mean,44624.773836271037,44084.909346270368,539.86449000066932
2025-03-13,seasonal,44453.993946407529,43924.148894846861,529.84505156066734
2025-03-13,ridge,44450.290790147919,43924.148894846861,526.14189530105796
2025-03-13,gru_mean,44496.809799941853,43924.148894846861,572.6609050949919
2025-03-14,seasonal,12442.414733303822,12007.416571266749,434.99816203707269
2025-03-14,ridge,12407.815657072337,12007.416571266749,400.39908580558767
2025-03-14,gru_mean,12522.953184859813,12007.416571266749,515.53661359306352
2025-03-15,seasonal,12649.288954206722,12358.996383280924,290.29257092579792
2025-03-15,ridge,12676.427887962207,12358.996383280924,317.4315046812826
2025-03-15,gru_mean,12658.545289151814,12358.996383280924,299.54890587088994
2025-03-16,seasonal,45331.102365050814,44890.227720563766,440.8746444870485
2025-03-16,ridge,45286.781547719183,44890.227720563766,396.55382715541782
2025-03-16,gru_mean,45321.544473755275,44890.227720563766,431.31675319150963
2025-03-17,seasonal,42841.523158553318,42546.766420128653,294.75673842466495
2025-03-17,ridge,42879.599592831626,42546.766420128653,332.83317270297266
2025-03-17,gru_mean,42844.953461505211,42546.766420128653,298.18704137655732
2025-03-18,seasonal,40957.984789252805,40633.295698478891,324.68909077391436
2025-03-18,ridge,41110.660382978371,40633.295698478891,477.36468449948006
2025-03-18,gru_mean,40990.22170907988,40633.295698478891,356.92601060098968
2025-03-19,seasonal,41599.864133183451,41175.55906193921,424.30507124424184
2025-03-19,ridge,41644.295880264821,41175.55906193921,468.73681832561124
2025-03-19,gru_mean,41619.973527019931,41175.55906193921,444.41446508072113
2025-03-20,seasonal,42270.552288576728,41791.564766774056,478.98752180267184
2025-03-20,ridge,42355.14145881289,41791.564766774056,563.57669203883415
2025-03-20,gru_mean,42288.07661888274,41791.564766774056,496.51185210868425
2025-03-21,seasonal,11816.188620097322,11610.150889966091,206.037730131231
2025-03-21,ridge,12134.322632621035,11610.150889966091,524.17174265494396
2025-03-21,gru_mean,12010.587260903243,11610.150889966091,400.43637093715188
2025-03-22,seasonal,12797.353307871432,12429.824241428516,367.52906644291579
2025-03-22,ridge,12915.060817628804,12429.824241428516,485.23657620028825
2025-03-22,gru_mean,12882.103012911162,12429.824241428516,452.27877148264633
2025-03-23,seasonal,40929.774060748183,40463.242985394623,466.53107535355957
2025-03-23,ridge,40816.957584208503,40463.242985394623,353.71459881388
2025-03-23,gru_mean,40871.567120939879,40463.242985394623,408.32413554525556
2025-03-24,seasonal,39974.009660918673,39415.764308829093,558.24535208957968
2025-03-24,ridge,39951.518936225511,39415.764308829093,535.75462739641807
2025-03-24,gru_mean,39991.914602610785,39415.764308829093,576.15029378169129
2025-03-25,seasonal,39517.173563468728,39118.60018267401,398.5733807947181
2025-03-25,ridge,39596.187366587721,39118.60018267401,477.58718391371076
2025-03-25,gru_mean,39607.873563468725,39118.60018267401,489.27338079471519
2025-03-26,seasonal,39867.383201228113,39310.175481029539,557.20772019857395
2025-03-26,ridge,39899.695740160714,39310.175481029539,589.52025913117541
2025-03-26,gru_mean,39883.610711406829,39310.175481029539,573.43523037729028
2025-03-27,seasonal,39404.820343210042,39043.706032509901,361.11431070014078
2025-03-27,ridge,39533.541500888423,39043.706032509901,489.83546837852191
2025-03-27,gru_mean,39410.264282938602,39043.706032509901,366.55825042870129
2025-03-28,seasonal,11725.06094046961,11435.205102122967,289.85583834664249
2025-03-28,ridge,11835.781485223357,11435.205102122967,400.57638310038965
2025-03-28,gru_mean,11691.548714868801,11435.205102122967,256.34361274583352
2025-03-29,seasonal,11798.271927347887,11508.103706390317,290.16822095757016
2025-03-29,ridge,11833.022427294503,11508.103706390317,324.91872090418656
2025-03-29,gru_mean,11803.539012994243,11508.103706390317,295.43530660392571
2025-03-30,seasonal,38070.225460627407,37569.129651219162,501.09580940824526
2025-03-30,ridge,37990.138183316521,37569.129651219162,421.00853209735942
2025-03-30,gru_mean,38029.105801498357,37569.129651219162,459.97615027919528
2025-03-31,seasonal,36824.423189470413,36545.476466413515,278.94672305689892
2025-03-31,ridge,36822.433700658381,36545.476466413515,276.95723424486641
2025-03-31,gru_mean,36810.146414941191,36545.476466413515,264.66994852767675
2025-04-01,seasonal,38651.31863369944,38194.058458995707,457.26017470373336
2025-04-01,ridge,38744.006723780964,38194.058458995707,549.94826478525647
2025-04-01,gru_mean,38647.078488029962,38194.058458995707,453.02002903425455
2025-04-02,seasonal,38338.662703840986,37798.658552416644,540.00415142434213
2025-04-02,ridge,38339.244672163783,37798.658552416644,540.58611974713858
2025-04-02,gru_mean,38286.9452976303,37798.658552416644,488.2867452136561
2025-04-03,seasonal,39683.65957249757,39196.828978370024,486.83059412754665
2025-04-03,ridge,39605.232511856389,39196.828978370024,408.40353348636563
2025-04-03,gru_mean,39731.33298192361,39196.828978370024,534.50400355358579
2025-04-04,seasonal,10898.428475366658,10755.760671945049,142.66780342160928
2025-04-04,ridge,10928.186486015673,10755.760671945049,172.42581407062426
2025-04-04,gru_mean,10938.167520238818,10755.760671945049,182.40684829376914
2025-04-05,seasonal,11660.604896580768,11477.378853584292,183.22604299647537
2025-04-05,ridge,11647.24374003302,11477.378853584292,169.8648864487277
2025-04-05,gru_mean,11651.211004863668,11477.378853584292,173.83215127937547
2025-04-06,seasonal,38302.296471950154,37930.559716546675,371.73675540347904
2025-04-06,ridge,38445.387795309543,37930.559716546675,514.82807876286824
2025-04-06,gru_mean,38344.726162858817,37930.559716546675,414.16644631214149
2025-04-07,seasonal,36969.196794320102,36553.704639249758,415.49215507034387
2025-04-07,ridge,36893.897146736439,36553.704639249758,340.19250748668128
2025-04-07,gru_mean,36977.162361496259,36553.704639249758,423.45772224650136
2025-04-08,seasonal,37219.255952139414,36744.029667218798,475.22628492061631
2025-04-08,ridge,37344.586754301199,36744.029667218798,600.55708708240127
2025-04-08,gru_mean,37317.208170792073,36744.029667218798,573.17850357327552
2025-04-09,seasonal,37381.545840668492,36883.354134340669,498.19170632782334
2025-04-09,ridge,37278.305787497964,36883.354134340669,394.95165315729537
2025-04-09,gru_mean,37278.327401048475,36883.354134340669,394.97326670780603
2025-04-10,seasonal,37518.664750463504,37217.604586838243,301.06016362526134
2025-04-10,ridge,37552.636770103316,37217.604586838243,335.0321832650734
2025-04-10,gru_mean,37456.762319854293,37217.604586838243,239.15773301605077
2025-04-11,seasonal,10838.298611700562,10489.288054524153,349.01055717640884
2025-04-11,ridge,10808.618584408934,10489.288054524153,319.33052988478084
2025-04-11,gru_mean,10867.90563682802,10489.288054524153,378.61758230386658
2025-04-12,seasonal,11405.142478346574,10957.119937820393,448.02254052618082
2025-04-12,ridge,11352.991323262635,10957.119937820393,395.87138544224217
2025-04-12,gru_mean,11452.654330574826,10957.119937820393,495.5343927544327
2025-04-13,seasonal,36213.461952124126,35819.384179942695,394.07777218143019
2025-04-13,ridge,36198.504171216628,35819.384179942695,379.1199912739321
2025-04-13,gru_mean,36269.028179633169,35819.384179942695,449.64399969047372
2025-04-14,seasonal,35293.149710367448,34878.059444297905,415.09026606954285
2025-04-14,ridge,35285.77742949441,34878.059444297905,407.71798519650474
2025-04-14,gru_mean,35230.807086652756,34878.059444297905,352.74764235485054
2025-04-15,seasonal,35799.155651591209,35379.537600463897,419.61805112731236
2025-04-15,ridge,35789.197320365944,35379.537600463897,409.65971990204707
2025-04-15,gru_mean,35801.733956898956,35379.537600463897,422.19635643505899
2025-04-16,seasonal,35802.952874154464,35330.174899534475,472.77797461998853
2025-04-16,ridge,35796.127345417932,35330.174899534475,465.95244588345668
2025-04-16,gru_mean,35796.374699136177,35330.174899534475,466.19979960170167
2025-04-17,seasonal,35770.762162880448,35384.921346678137,385.84081620231154
2025-04-17,ridge,35782.242755256681,35384.921346678137,397.32140857854392
2025-04-17,gru_mean,35723.984058204107,35384.921346678137,339.06271152597037
2025-04-18,seasonal,10304.348599216009,10082.650433133158,221.69816608285146
2025-04-18,ridge,10337.920860037462,10082.650433133158,255.27042690430426
2025-04-18,gru_mean,10316.293160886831,10082.650433133158,233.64272775367317
2025-04-19,seasonal,10626.074472050055,10311.448655493714,314.62581655634131
2025-04-19,ridge,10772.010661954833,10311.448655493714,460.56200646111938
2025-04-19,gru_mean,10693.182305740476,10311.448655493714,381.73365024676241
2025-04-20,seasonal,35076.979867655959,34766.518705996154,310.46116165980493
2025-04-20,ridge,35049.359414592633,34766.518705996154,282.84070859647909
2025-04-20,gru_mean,35086.675543292527,34766.518705996154,320.15683729637385
2025-04-21,seasonal,34368.800604987649,33919.225447327903,449.57515765974676
2025-04-21,ridge,34274.185701710056,33919.225447327903,354.96025438215293
2025-04-21,gru_mean,34327.480017058137,33919.225447327903,408.25456973023392
2025-04-22,seasonal,34230.937882573315,33896.896156884839,334.04172568847571
2025-04-22,ridge,34326.857693541744,33896.896156884839,429.96153665690508
2025-04-22,gru_mean,34241.816198100569,33896.896156884839,344.92004121572973
2025-04-23,seasonal,35008.735345762121,34492.183266262793,516.5520794993281
2025-04-23,ridge,35071.450636138761,34492.183266262793,579.26736987596814
2025-04-23,gru_mean,35032.45927135332,34492.183266262793,540.27600509052718
2025-04-24,seasonal,33804.230928424455,33616.164046103579,188.06688232087618
2025-04-24,ridge,33827.32881888884,33616.164046103579,211.16477278526145
2025-04-24,gru_mean,33815.858085735388,33616.164046103579,199.69403963180957
2025-04-25,seasonal,9252.3582065912142,8953.0102491032903,299.34795748792385
2025-04-25,ridge,9352.6449312475779,8953.0102491032903,399.63468214428758
2025-04-25,gru_mean,9369.807980261081,8953.0102491032903,416.79773115779062
2025-04-26,seasonal,10373.585017495772,10008.933821475242,364.65119602052982
2025-04-26,ridge,10402.576233936081,10008.933821475242,393.64241246083839
2025-04-26,gru_mean,10365.372407822324,10008.933821475242,356.43858634708158
2025-04-27,seasonal,32247.362091475821,31744.082856353627,503.27923512219422
2025-04-27,ridge,32183.042519481292,31744.082856353627,438.95966312766541
2025-04-27,gru_mean,32204.600609329391,31744.082856353627,460.51775297576387
2025-04-28,seasonal,33299.871752949708,32779.168279465899,520.70347348380892
2025-04-28,ridge,33375.820483766292,32779.168279465899,596.65220430039335
2025-04-28,gru_mean,33290.902914694365,32779.168279465899,511.73463522846578
2025-04-29,seasonal,34375.718533786043,33721.411909187809,654.30662459823361
2025-04-29,ridge,34284.136691115782,33721.411909187809,562.7247819279728
2025-04-29,gru_mean,34318.212586683861,33721.411909187809,596.80067749605223
2025-04-30,seasonal,32977.118903178445,32581.024813879263,396.09408929918209
2025-04-30,ridge,33005.757736149499,32581.024813879263,424.73292227023558
2025-04-30,gru_mean,33004.236210263065,32581.024813879263,423.21139638380191
2025-05-01,seasonal,33489.20998932459,33007.396490674284,481.81349865030643
2025-05-01,ridge,33517.73048774201,33007.396490674284,510.33399706772616
2025-05-01,gru_mean,33436.74490850509,33007.396490674284,429.34841783080628
2025-05-02,seasonal,10358.440234225727,10034.927367367723,323.51286685800369
2025-05-02,ridge,10460.641659793844,10034.927367367723,425.71429242612066
2025-05-02,gru_mean,10397.967047084308,10034.927367367723,363.03967971658494
2025-05-03,seasonal,10604.156789400608,10336.728946233072,267.42784316753568
2025-05-03,ridge,10683.023838255618,10336.728946233072,346.29489202254626
2025-05-03,gru_mean,10670.51914488442,10336.728946233072,333.79019865134796
2025-05-04,seasonal,33915.283330926904,33428.673220303754,486.61011062315083
2025-05-04,ridge,33864.140638234065,33428.673220303754,435.46741793031106
2025-05-04,gru_mean,33866.449455565205,33428.673220303754,437.7762352614518
2025-05-05,seasonal,34712.438022542759,33999.129849106801,713.30817343595845
2025-05-05,ridge,34686.574102364691,33999.129849106801,687.44425325789052
2025-05-05,gru_mean,34747.568933195609,33999.129849106801,748.43908408880816
2025-05-06,seasonal,33892.437413630978,33562.861516662742,329.57589696823561
2025-05-06,ridge,33908.722791780601,33562.861516662742,345.8612751178589
2025-05-06,gru_mean,33876.34592939225,33562.861516662742,313.48441272950731
2025-05-07,seasonal,39206.788751808956,38742.061331437522,464.72742037143325
2025-05-07,ridge,39260.718071995507,38742.061331437522,518.65674055798445
2025-05-07,gru_mean,39184.541160059205,38742.061331437522,442.47982862168283
2025-05-08,seasonal,41994.003446421513,41295.838871060609,698.16457536090456
2025-05-08,ridge,41993.849714893266,41295.838871060609,698.01084383265697
2025-05-08,gru_mean,42028.676419874973,41295.838871060609,732.83754881436471
2025-05-09,seasonal,13409.67608867781,13225.08121123923,184.59487743857972
2025-05-09,ridge,13536.191364977778,13225.08121123923,311.11015373854752
2025-05-09,gru_mean,13490.273684535492,13225.08121123923,265.1924732962616
2025-05-10,seasonal,13804.564550184445,13569.345216862705,235.21933332174012
2025-05-10,ridge,13835.946581057817,13569.345216862705,266.60136419511218
2025-05-10,gru_mean,13779.277533116816,13569.345216862705,209.93231625411136
2025-05-11,seasonal,39875.863603722493,39539.46934280057,336.39426092192298
2025-05-11,ridge,40051.425157660487,39539.46934280057,511.95581485991715
2025-05-11,gru_mean,40013.83914491511,39539.46934280057,474.3698021145392
2025-05-12,seasonal,41024.081075960399,40459.673121950385,564.40795401001378
2025-05-12,ridge,40987.985937177662,40459.673121950385,528.31281522727659
2025-05-12,gru_mean,40944.034566357484,40459.673121950385,484.36144440709904
2025-05-13,seasonal,40336.553789969345,39764.766308744453,571.78748122489196
2025-05-13,ridge,40357.443648448076,39764.766308744453,592.67733970362315
2025-05-13,gru_mean,40304.638879095248,39764.766308744453,539.87257035079529
2025-05-14,seasonal,39345.951432558424,38899.544545854376,446.40688670404779
2025-05-14,ridge,39376.590836480937,38899.544545854376,477.04629062656022
2025-05-14,gru_mean,39353.639667880663,38899.544545854376,454.09512202628684
2025-05-15,seasonal,39019.85896448826,38538.455946852177,481.40301763608295
2025-05-15,ridge,39047.402985141671,38538.455946852177,508.94703828949423
2025-05-15,gru_mean,38983.595496883274,38538.455946852177,445.13955003109731
2025-05-16,seasonal,11839.319264045527,11672.454322210942,166.8649418345849
2025-05-16,ridge,11968.002979921599,11672.454322210942,295.5486577106567
2025-05-16,gru_mean,11941.939281524345,11672.454322210942,269.48495931340221
2025-05-17,seasonal,13059.301119586466,12901.049744013366,158.25137557309972
2025-05-17,ridge,13094.030476662876,12901.049744013366,192.98073264951017
2025-05-17,gru_mean,13054.465093205401,12901.049744013366,153.41534919203514
2025-05-18,seasonal,38549.871086059116,38070.290461540775,479.58062451834121
2025-05-18,ridge,38442.069121433844,38070.290461540775,371.77865989306883
2025-05-18,gru_mean,38522.601481223355,38070.290461540775,452.31101968258008
2025-05-19,seasonal,37190.018823956765,36517.466740609998,672.55208334676718
2025-05-19,ridge,37122.553800909911,36517.466740609998,605.08706029991299
2025-05-19,gru_mean,37171.223018017939,36517.466740609998,653.75627740794152
2025-05-20,seasonal,37000.570284488073,36421.990842042607,578.57944244546525
2025-05-20,ridge,36976.640754913125,36421.990842042607,554.64991287051816
2025-05-20,gru_mean,37047.465429270334,36421.990842042607,625.47458722772717
2025-05-21,seasonal,37928.531559412091,37566.171461224905,362.36009818718594
2025-05-21,ridge,37905.417837392117,37566.171461224905,339.24637616721157
2025-05-21,gru_mean,37906.390937637887,37566.171461224905,340.21947641298175
2025-05-22,seasonal,36150.150259785718,35681.578007844975,468.57225194074272
2025-05-22,ridge,36163.113281711412,35681.578007844975,481.53527386643691
2025-05-22,gru_mean,36115.057947133944,35681.578007844975,433.47993928896904
2025-05-23,seasonal,11407.052531880407,11175.271856556468,231.78067532393834
2025-05-23,ridge,11442.479161122788,11175.271856556468,267.20730456632009
2025-05-23,gru_mean,11433.694818829455,11175.271856556468,258.42296227298721
2025-05-24,seasonal,12767.940728510133,12599.150209974781,168.79051853535202
2025-05-24,ridge,12818.638302616531,12599.150209974781,219.48809264174997
2025-05-24,gru_mean,12770.331509083018,12599.150209974781,171.181299108237
2025-05-25,seasonal,36137.762923023067,35725.031177989091,412.73174503397604
2025-05-25,ridge,36265.95871572895,35725.031177989091,540.92753773985896
2025-05-25,gru_mean,36234.043273099283,35725.031177989091,509.0120951101926
2025-05-26,seasonal,35892.289797472549,35356.946214800118,535.34358267243078
2025-05-26,ridge,35856.348916420291,35356.946214800118,499.40270162017259
2025-05-26,gru_mean,35878.240917089897,35356.946214800118,521.2947022897788
2025-05-27,seasonal,36850.144822083792,36330.886303412626,519.2585186711658
2025-05-27,ridge,36902.378590716704,36330.886303412626,571.49228730407776
2025-05-27,gru_mean,36882.662198890677,36330.886303412626,551.7758954780511
2025-05-28,seasonal,36468.905123277807,35927.822941475672,541.08218180213589
2025-05-28,ridge,36585.013780535461,35927.822941475672,657.19083905978914
2025-05-28,gru_mean,36558.699293356098,35927.822941475672,630.87635188042623
2025-05-29,seasonal,35572.778365318227,35065.665233254265,507.11313206396153
2025-05-29,ridge,35565.522739889268,35065.665233254265,499.85750663500221
2025-05-29,gru_mean,35537.688223028978,35065.665233254265,472.02298977471219
2025-05-30,seasonal,11834.193285183683,11679.051414811589,155.14187037209376
2025-05-30,ridge,11908.911722207275,11679.051414811589,229.8603073956856
2025-05-30,gru_mean,11899.725250244743,11679.051414811589,220.67383543315373
2025-05-31,seasonal,11505.516507213164,11102.119813743675,403.39669346948904
2025-05-31,ridge,11587.372780189813,11102.119813743675,485.25296644613809
2025-05-31,gru_mean,11619.362070878849,11102.119813743675,517.24225713517444
2025-06-01,seasonal,40031.853684713074,38826.223622701189,1205.6300620118855
2025-06-01,ridge,39575.768015682821,38826.223622701189,749.54439298163197
2025-06-01,gru_mean,39679.917345701993,38826.223622701189,853.69372300080431
2025-06-02,seasonal,43974.190734245974,43195.304161705426,778.88657254054851
2025-06-02,ridge,44002.747706279217,43195.304161705426,807.44354457379086
2025-06-02,gru_mean,44060.015540289416,43195.304161705426,864.71137858399015
2025-06-03,seasonal,43134.858891107302,42755.370633686834,379.48825742046756
2025-06-03,ridge,43339.151358416166,42755.370633686834,583.78072472933127
2025-06-03,gru_mean,43177.746046284999,42755.370633686834,422.37541259816498
2025-06-04,seasonal,47336.005961534174,46679.005637309296,657.00032422487857
2025-06-04,ridge,47410.882765660994,46679.005637309296,731.87712835169805
2025-06-04,gru_mean,47478.10746780206,46679.005637309296,799.10183049276384
2025-06-05,seasonal,48701.506465654587,48065.875848070544,635.63061758404365
2025-06-05,ridge,48828.199159783195,48065.875848070544,762.32331171265105
2025-06-05,gru_mean,48723.361201489766,48065.875848070544,657.48535341922252
2025-06-06,seasonal,15604.679824654908,15307.806079341226,296.87374531368187
2025-06-06,ridge,15692.644963712668,15307.806079341226,384.83888437144196
2025-06-06,gru_mean,15667.171480870733,15307.806079341226,359.36540152950693
2025-06-07,seasonal,16655.749051964835,16309.353686444312,346.39536552052232
2025-06-07,ridge,16818.571698092615,16309.353686444312,509.21801164830322
2025-06-07,gru_mean,16676.573457358376,16309.353686444312,367.2197709140637
2025-06-08,seasonal,58090.467431017409,57832.296966055845,258.17046496156399
2025-06-08,ridge,58209.44655029288,57832.296966055845,377.14958423703501
2025-06-08,gru_mean,58281.461361671507,57832.296966055845,449.16439561566222
2025-06-09,seasonal,56502.751662362731,56102.363293915485,400.38836844724574
2025-06-09,ridge,56587.246958903153,56102.363293915485,484.88366498766845
2025-06-09,gru_mean,56555.837707590952,56102.363293915485,453.47441367546708
2025-06-10,seasonal,56524.115959203933,56230.92108509563,293.19487410830334
2025-06-10,ridge,56654.688740503647,56230.92108509563,423.76765540801716
2025-06-10,gru_mean,56580.53684981601,56230.92108509563,349.61576472037996
2025-06-11,seasonal,57591.014368178905,57224.689692209613,366.324675969292
2025-06-11,ridge,57643.981754421693,57224.689692209613,419.29206221208005
2025-06-11,gru_mean,57661.086344576295,57224.689692209613,436.39665236668225
2025-06-12,seasonal,60238.228605645811,59719.319115035891,518.90949060991989
2025-06-12,ridge,60250.121917697019,59719.319115035891,530.80280266112823
2025-06-12,gru_mean,60235.952509808601,59719.319115035891,516.63339477271074
2025-06-13,seasonal,19699.363131019538,19436.949450962475,262.41368005706317
2025-06-13,ridge,19771.581805707872,19436.949450962475,334.63235474539761
2025-06-13,gru_mean,19703.51444232247,19436.949450962475,266.56499135999547
2025-06-14,seasonal,20745.896275711635,20394.64072472406,351.25555098757468
2025-06-14,ridge,20894.556303196092,20394.64072472406,499.91557847203148
2025-06-14,gru_mean,20770.81783950414,20394.64072472406,376.17711478007914
2025-06-15,seasonal,59428.304171333039,58938.611777899765,489.69239343327354
2025-06-15,ridge,59494.872626462384,58938.611777899765,556.26084856261878
2025-06-15,gru_mean,59496.392339141625,58938.611777899765,557.78056124185969
2025-06-16,seasonal,58596.553883746194,58282.537856723335,314.01602702285891
2025-06-16,ridge,58548.440435816112,58282.537856723335,265.90257909277716
2025-06-16,gru_mean,58626.775391183852,58282.537856723335,344.23753446051705
2025-06-17,seasonal,57320.317982839653,56904.881264624346,415.43671821530734
2025-06-17,ridge,57317.294028456265,56904.881264624346,412.41276383191871
2025-06-17,gru_mean,57325.389823187754,56904.881264624346,420.50855856340786
2025-06-18,seasonal,59125.895887332779,58776.702908472507,349.19297886027198
2025-06-18,ridge,59120.057694678471,58776.702908472507,343.35478620596405
2025-06-18,gru_mean,59102.917630111901,58776.702908472507,326.21472163939325
2025-06-19,seasonal,56296.303833003112,55996.784922067789,299.51891093532322
2025-06-19,ridge,56249.886135467474,55996.784922067789,253.10121339968464
2025-06-19,gru_mean,56243.476084485119,55996.784922067789,246.69116241732991
2025-06-20,seasonal,18922.03913671639,18488.62009144156,433.41904527482984
2025-06-20,ridge,18882.416735669358,18488.62009144156,393.79664422779751
2025-06-20,gru_mean,18883.838718565636,18488.62009144156,395.21862712407528
2025-06-21,seasonal,18509.529119915569,18132.225808938725,377.30331097684393
2025-06-21,ridge,18518.974916680912,18132.225808938725,386.74910774218733
2025-06-21,gru_mean,18494.18240321584,18132.225808938725,361.95659427711507
2025-06-22,seasonal,54622.448252604241,54036.283258510193,586.16499409404787
2025-06-22,ridge,54756.23772450455,54036.283258510193,719.95446599435672
2025-06-22,gru_mean,54750.489283780698,54036.283258510193,714.20602527050505
2025-06-23,seasonal,54001.143350889863,53741.120224585058,260.02312630480446
2025-06-23,ridge,54067.142946575397,53741.120224585058,326.02272199033905
2025-06-23,gru_mean,54007.795489655604,53741.120224585058,266.67526507054572
2025-06-24,seasonal,54132.784605280831,53843.088094918246,289.69651036258438
2025-06-24,ridge,54146.805068618662,53843.088094918246,303.71697370041511
2025-06-24,gru_mean,54123.539109555917,53843.088094918246,280.4510146376706
2025-06-25,seasonal,55215.667281231734,54683.39501146588,532.27226976585371
2025-06-25,ridge,55301.167808220314,54683.39501146588,617.77279675443424
2025-06-25,gru_mean,55243.314927111642,54683.39501146588,559.91991564576165
2025-06-26,seasonal,53468.722772134293,52916.596620165306,552.12615196898696
2025-06-26,ridge,53276.237214785746,52916.596620165306,359.64059462043951
2025-06-26,gru_mean,53380.889863350581,52916.596620165306,464.29324318527506
2025-06-27,seasonal,16720.99702367204,16449.611109975926,271.38591369611459
2025-06-27,ridge,16723.678062782681,16449.611109975926,274.06695280675558
2025-06-27,gru_mean,16740.963063830226,16449.611109975926,291.35195385430052
2025-06-28,seasonal,16705.072410129647,16424.213590578958,280.85881955068908
2025-06-28,ridge,16636.352487715536,16424.213590578958,212.13889713657773
2025-06-28,gru_mean,16705.431323186021,16424.213590578958,281.21773260706323
2025-06-29,seasonal,54367.726574681859,53694.897670273058,672.82890440880146
2025-06-29,ridge,54438.272100055343,53694.897670273058,743.37442978228501
2025-06-29,gru_mean,54415.314453273211,53694.897670273058,720.41678300015337
2025-06-30,seasonal,53919.361613937857,53393.166061627737,526.19555231012055
2025-06-30,ridge,53898.54220991992,53393.166061627737,505.37614829218364
2025-06-30,gru_mean,53876.209900497095,53393.166061627737,483.0438388693583
2025-07-01,seasonal,56779.213625212971,56259.321426455819,519.89219875715207
2025-07-01,ridge,56916.805219115398,56259.321426455819,657.48379265957919
2025-07-01,gru_mean,56849.66712027599,56259.321426455819,590.34569382017071
2025-07-02,seasonal,67705.690769702313,67310.803272055273,394.88749764703971
2025-07-02,ridge,67742.046426269022,67310.803272055273,431.24315421374922
2025-07-02,gru_mean,67782.896712942689,67310.803272055273,472.09344088741636
2025-07-03,seasonal,61764.048951985707,61479.799799006025,284.24915297968255
2025-07-03,ridge,61807.777504482809,61479.799799006025,327.97770547678374
2025-07-03,gru_mean,61773.244575543198,61479.799799006025,293.44477653717331
2025-07-04,seasonal,20942.073446518556,20617.743351874804,324.33009464375209
2025-07-04,ridge,21063.765465454184,20617.743351874804,446.02211357937995
2025-07-04,gru_mean,20965.362506972211,20617.743351874804,347.6191550974072
2025-07-05,seasonal,20589.67728183791,20231.204375837078,358.47290600083215
2025-07-05,ridge,20628.697102234029,20231.204375837078,397.49272639695118
2025-07-05,gru_mean,20671.831250681411,20231.204375837078,440.62687484433263
2025-07-06,seasonal,53816.37574278895,53461.69634217034,354.67940061861009
2025-07-06,ridge,53926.371455149354,53461.69634217034,464.67511297901365
2025-07-06,gru_mean,53958.477694385008,53461.69634217034,496.781352214668
2025-07-07,seasonal,53609.970028759548,53241.968007210628,368.00202154892031
2025-07-07,ridge,53767.251324672528,53241.968007210628,525.28331746190088
2025-07-07,gru_mean,53767.251324672528,53241.968007210628,525.28331746190088
2025-07-08,seasonal,65332.293754055754,65029.56497041387,302.72878364188364
2025-07-08,ridge,65232.40439626031,65029.56497041387,202.83942584643955
2025-07-08,gru_mean,65332.676600277002,65029.56497041387,303.11162986313138
2025-07-09,seasonal,66624.078128551511,66362.555424328486,261.52270422302536
2025-07-09,ridge,66630.702562896724,66362.555424328486,268.14713856823801
2025-07-09,gru_mean,66624.078128551511,66362.555424328486,261.52270422302536
2025-07-10,seasonal,65063.726013498366,64696.487387430927,367.23862606743933
2025-07-10,ridge,65469.45538898505,64696.487387430927,772.96800155412348
2025-07-10,gru_mean,65469.355246680083,64696.487387430927,772.86785924915603
2025-07-11,seasonal,27377.587544099486,27073.837659432786,303.74988466670038
2025-07-11,ridge,27414.543169826742,27073.837659432786,340.7055103939565
2025-07-11,gru_mean,27406.646676601631,27073.837659432786,332.80901716884546
2025-07-12,seasonal,27895.462384386381,27323.848137876103,571.61424651027846
2025-07-12,ridge,27876.244155919172,27323.848137876103,552.39601804306949
2025-07-12,gru_mean,27882.703268182464,27323.848137876103,558.85513030636139
2025-07-13,seasonal,64459.071599332507,64253.755762436005,205.31583689650142
2025-07-13,ridge,64476.487509022438,64253.755762436005,222.73174658643256
2025-07-13,gru_mean,64513.669664541405,64253.755762436005,259.91390210539976
2025-07-14,seasonal,63255.96473794643,62757.392162660537,498.57257528589253
2025-07-14,ridge,63109.19944727236,62757.392162660537,351.80728461182298
2025-07-14,gru_mean,63156.378539412617,62757.392162660537,398.9863767520801
2025-07-15,seasonal,65603.777057988729,65056.609422891408,547.16763509732118
2025-07-15,ridge,65578.119605119049,65056.609422891408,521.51018222764105
2025-07-15,gru_mean,65475.388045603722,65056.609422891408,418.77862271231425
2025-07-16,seasonal,59511.528332676622,59259.102460432085,252.42587224453746
2025-07-16,ridge,59537.248197315741,59259.102460432085,278.14573688365635
2025-07-16,gru_mean,59511.528332676622,59259.102460432085,252.42587224453746
2025-07-17,seasonal,61122.342568570617,60527.418320272656,594.92424829796073
2025-07-17,ridge,61124.364535965404,60527.418320272656,596.9462156927475
2025-07-17,gru_mean,61125.195776873079,60527.418320272656,597.77745660042274
2025-07-18,seasonal,24391.288292917983,24145.366756411495,245.92153650648834
2025-07-18,ridge,24424.405721524807,24145.366756411495,279.03896511331186
2025-07-18,gru_mean,24366.524530340219,24145.366756411495,221.15777392872405
2025-07-19,seasonal,25351.959015510867,25018.767872716533,333.19114279433416
2025-07-19,ridge,25384.857519892626,25018.767872716533,366.08964717609342
2025-07-19,gru_mean,25365.165618045176,25018.767872716533,346.39774532864249
2025-07-20,seasonal,61675.18206363669,61243.199361863699,431.98270177299128
2025-07-20,ridge,61546.662584221609,61243.199361863699,303.46322235791013
2025-07-20,gru_mean,61650.412584221602,61243.199361863699,407.21322235790285
2025-07-21,seasonal,61928.29351293284,61635.297958975571,292.99555395726929
2025-07-21,ridge,62007.726509575892,61635.297958975571,372.42855060032161
2025-07-21,gru_mean,62012.502191789674,61635.297958975571,377.20423281410331
2025-07-22,seasonal,61672.382320722943,61310.913669866874,361.46865085606987
2025-07-22,ridge,61899.552121044937,61310.913669866874,588.63845117806341
2025-07-22,gru_mean,61674.142297348742,61310.913669866874,363.2286274818689
2025-07-23,seasonal,60257.839352833682,59921.316644677172,336.52270815650991
2025-07-23,ridge,60250.925957073581,59921.316644677172,329.60931239640922
2025-07-23,gru_mean,60285.092118885579,59921.316644677172,363.7754742084071
2025-07-24,seasonal,60674.21552152872,60291.67647738097,382.53904414775025
2025-07-24,ridge,60762.062359223564,60291.67647738097,470.38588184259424
2025-07-24,gru_mean,60695.689871115377,60291.67647738097,404.01339373440715
2025-07-25,seasonal,24000.671210513072,23637.808068739498,362.86314177357417
2025-07-25,ridge,24063.26632963225,23637.808068739498,425.45826089275215
2025-07-25,gru_mean,24002.568544567202,23637.808068739498,364.76047582770479
2025-07-26,seasonal,24968.394983112765,24463.803294236077,504.59168887668784
2025-07-26,ridge,25002.088683619018,24463.803294236077,538.2853893829415
2025-07-26,gru_mean,24933.309616892897,24463.803294236077,469.50632265681998
2025-07-27,seasonal,60816.799883512635,60338.547341163023,478.25254234961176
2025-07-27,ridge,60903.169321962792,60338.547341163023,564.62198079976952
2025-07-27,gru_mean,60956.822203756106,60338.547341163023,618.27486259308353
2025-07-28,seasonal,60159.207141185077,59792.470057576109,366.73708360896853
2025-07-28,ridge,60188.719858779405,59792.470057576109,396.24980120329565
2025-07-28,gru_mean,60238.829812416247,59792.470057576109,446.35975484013761
2025-07-29,seasonal,63087.723114322012,62726.850288213274,360.87282610873808
2025-07-29,ridge,63236.313567803387,62726.850288213274,509.46327959011251
2025-07-29,gru_mean,63133.435064565841,62726.850288213274,406.58477635256713
2025-07-30,seasonal,60516.843762863791,60121.002485075784,395.84127778800757
2025-07-30,ridge,60454.398776776121,60121.002485075784,333.39629170033731
2025-07-30,gru_mean,60522.555954929354,60121.002485075784,401.55346985357028
2025-07-31,seasonal,59338.75746636049,59058.449882348614,280.30758401187632
2025-07-31,ridge,59404.79280663142,59058.449882348614,346.34292428280605
2025-07-31,gru_mean,59362.125914082048,59058.449882348614,303.67603173343377
2025-08-01,seasonal,23058.999539812306,22740.764720165756,318.23481964655002
2025-08-01,ridge,23110.815184748801,22740.764720165756,370.05046458304423
2025-08-01,gru_mean,23037.983769497951,22740.764720165756,297.21904933219412
2025-08-02,seasonal,23244.124473122905,22821.721441204805,422.40303191810017
2025-08-02,ridge,23280.057416696327,22821.721441204805,458.33597549152182
2025-08-02,gru_mean,23221.95634885825,22821.721441204805,400.23490765344468
2025-08-03,seasonal,55292.274555400225,54638.231558903455,654.04299649676977
2025-08-03,ridge,55142.133698672777,54638.231558903455,503.90213976932137
2025-08-03,gru_mean,55153.456365339443,54638.231558903455,515.22480643598828
2025-08-04,seasonal,54759.612150807254,54160.35260019455,599.25955061270361
2025-08-04,ridge,54692.800216604257,54160.35260019455,532.44761640970682
2025-08-04,gru_mean,54711.050216604257,54160.35260019455,550.69761640970682
2025-08-05,seasonal,54876.064791600998,54366.807821609043,509.25696999195497
2025-08-05,ridge,54782.551076393574,54366.807821609043,415.74325478453102
2025-08-05,gru_mean,54860.801589731585,54366.807821609043,493.99376812254195
2025-08-06,seasonal,50635.632452576581,50319.84544893539,315.7870036411914
2025-08-06,ridge,50623.327513834469,50319.84544893539,303.48206489907898
2025-08-06,gru_mean,50632.031337801767,50319.84544893539,312.18588886637735
2025-08-07,seasonal,51345.036692893351,51112.956775600935,232.07991729241621
2025-08-07,ridge,51565.294592720173,51112.956775600935,452.33781711923803
2025-08-07,gru_mean,51495.074153955691,51112.956775600935,382.11737835475651
2025-08-08,seasonal,21499.027234162102,21276.645057094131,222.3821770679715
2025-08-08,ridge,21513.326000714129,21276.645057094131,236.68094361999829
2025-08-08,gru_mean,21515.631975117278,21276.645057094131,238.98691802314715
2025-08-09,seasonal,22225.901970713858,21824.634518695751,401.26745201810627
2025-08-09,ridge,22186.613031806584,21824.634518695751,361.97851311083286
2025-08-09,gru_mean,22177.035304047189,21824.634518695751,352.40078535143766
2025-08-10,seasonal,51981.798180267448,51746.252841517206,235.54533875024208
2025-08-10,ridge,52043.701440141573,51746.252841517206,297.44859862436715
2025-08-10,gru_mean,52024.628212943855,51746.252841517206,278.37537142664951
2025-08-11,seasonal,52705.104353312483,52102.113908160638,602.99044515184505
2025-08-11,ridge,52825.476900093541,52102.113908160638,723.36299193290324
2025-08-11,gru_mean,52727.089659038495,52102.113908160638,624.97575087785663
2025-08-12,seasonal,52699.916563131737,52414.885499462252,285.03106366948487
2025-08-12,ridge,52671.00225854334,52414.885499462252,256.11675908108737
2025-08-12,gru_mean,52658.516563131736,52414.885499462252,243.63106366948341
2025-08-13,seasonal,51223.784368709166,50994.448637394205,229.33573131496087
2025-08-13,ridge,51215.421702042506,50994.448637394205,220.97306464830035
2025-08-13,gru_mean,51223.784368709166,50994.448637394205,229.33573131496087
2025-08-14,seasonal,51809.307740077857,51446.34564865139,362.96209142646694
2025-08-14,ridge,51813.539256438511,51446.34564865139,367.19360778712144
2025-08-14,gru_mean,51841.439429088903,51446.34564865139,395.09378043751349
2025-08-15,seasonal,21515.91101820103,21365.816912687769,150.09410551326073
2025-08-15,ridge,21595.333091596127,21365.816912687769,229.51617890835769
2025-08-15,gru_mean,21542.77237172678,21365.816912687769,176.95545903901075
2025-08-16,seasonal,22345.290109997277,21992.043809409672,353.24630058760522
2025-08-16,ridge,22373.528839064616,21992.043809409672,381.48502965494481
2025-08-16,gru_mean,22348.002816829838,21992.043809409672,355.95900742016602
2025-08-17,seasonal,51646.598829045048,51142.47992699618,504.11890204886731
2025-08-17,ridge,51530.456504015601,51142.47992699618,387.9765770194208
2025-08-17,gru_mean,51562.940529063693,51142.47992699618,420.46060206751281
2025-08-18,seasonal,52045.691486842821,51792.739212509397,252.9522743334237
2025-08-18,ridge,52157.203426257423,51792.739212509397,364.46421374802594
2025-08-18,gru_mean,52059.751371203864,51792.739212509397,267.01215869446605
2025-08-19,seasonal,53308.073458022831,53130.38230560159,177.69115242124099
2025-08-19,ridge,53419.987746549028,53130.38230560159,289.60544094743818
2025-08-19,gru_mean,53348.114314145299,53130.38230560159,217.73200854370953
2025-08-20,seasonal,51547.304658066139,51127.497609078084,419.80704898805561
2025-08-20,ridge,51510.320646023982,51127.497609078084,382.82303694589791
2025-08-20,gru_mean,51510.490658066134,51127.497609078084,382.99304898804985
2025-08-21,seasonal,52984.419373932484,52644.446664584932,339.97270934755215
2025-08-21,ridge,52980.561733233684,52644.446664584932,336.11506864875264
2025-08-21,gru_mean,53000.313978822582,52644.446664584932,355.86731423765013
2025-08-22,seasonal,21823.102203780967,21499.941054434192,323.16114934677535
2025-08-22,ridge,21854.485537114298,21499.941054434192,354.54448268010674
2025-08-22,gru_mean,21784.214549700901,21499.941054434192,284.27349526670878
2025-08-23,seasonal,22903.951071900323,22688.204520172847,215.74655172747589
2025-08-23,ridge,22917.519276062572,22688.204520172847,229.31475588972535
2025-08-23,gru_mean,22867.378509787901,22688.204520172847,179.17398961505387
2025-08-24,seasonal,53084.857136056955,52771.73541506609,313.12172099086456
2025-08-24,ridge,53070.213170124989,52771.73541506609,298.47775505889877
2025-08-24,gru_mean,53051.290187103528,52771.73541506609,279.55477203743794
2025-08-25,seasonal,53336.074672733419,52955.889719761151,380.18495297226764
2025-08-25,ridge,53376.798328070727,52955.889719761151,420.90860830957536
2025-08-25,gru_mean,53343.5893807682,52955.889719761151,387.69966100704914
2025-08-26,seasonal,54497.024845813372,53949.003591460947,548.02125435242488
2025-08-26,ridge,54478.936364452406,53949.003591460947,529.93277299145848
2025-08-26,gru_mean,54453.791505844354,53949.003591460947,504.78791438340704
2025-08-27,seasonal,52207.804441288354,51754.984825709122,452.81961557923205
2025-08-27,ridge,52225.639948563738,51754.984825709122,470.65512285461591
2025-08-27,gru_mean,52238.314723277799,51754.984825709122,483.32989756867755
2025-08-28,seasonal,53294.419396920654,52752.591883311783,541.8275136088705
2025-08-28,ridge,53278.530045349224,52752.591883311783,525.93816203744063
2025-08-28,gru_mean,53322.475301358027,52752.591883311783,569.88341804624361
2025-08-29,seasonal,23108.824532066152,22857.280276235244,251.54425583090779
2025-08-29,ridge,23129.788690214704,22857.280276235244,272.50841397945987
2025-08-29,gru_mean,23116.191952136782,22857.280276235244,258.91167590153782
2025-08-30,seasonal,23448.527371545944,23058.299200854181,390.22817069176381
2025-08-30,ridge,23577.952179814187,23058.299200854181,519.65297896000629
2025-08-30,gru_mean,23582.634593816922,23058.299200854181,524.33539296274103
2025-08-31,seasonal,53708.462010668292,53242.538359403537,465.92365126475488
2025-08-31,ridge,53814.877913502743,53242.538359403537,572.339554099206
2025-08-31,gru_mean,53768.090754728153,53242.538359403537,525.55239532461565
2025-09-01,seasonal,48069.284592199081,47743.496852531876,325.78773966720473
2025-09-01,ridge,48095.298813412628,47743.496852531876,351.80196088075172
2025-09-01,gru_mean,48033.898748685882,47743.496852531876,290.40189615400595
2025-09-02,seasonal,38921.572675449584,38662.59426461676,258.97841083282401
2025-09-02,ridge,38975.166841853716,38662.59426461676,312.57257723695511
2025-09-02,gru_mean,39019.575000084769,38662.59426461676,356.98073546800879
2025-09-03,seasonal,40721.109071029052,40201.105569221196,520.00350180785608
2025-09-03,ridge,40830.854343423809,40201.105569221196,629.74877420261328
2025-09-03,gru_mean,40771.483950764115,40201.105569221196,570.37838154291967
2025-09-04,seasonal,38907.808051047439,38433.324862974434,474.48318807300529
2025-09-04,ridge,38960.873602430715,38433.324862974434,527.5487394562806
2025-09-04,gru_mean,38973.940742369108,38433.324862974434,540.61587939467427
2025-09-05,seasonal,13699.822822385282,13374.600330789848,325.22249159543389
2025-09-05,ridge,13721.874346889737,13374.600330789848,347.2740160998892
2025-09-05,gru_mean,13806.07963975804,13374.600330789848,431.47930896819162
2025-09-06,seasonal,15208.339872921544,14900.999021731051,307.34085119049269
2025-09-06,ridge,15193.638065832689,14900.999021731051,292.63904410163741
2025-09-06,gru_mean,15213.521786510841,14900.999021731051,312.52276477978921
2025-09-07,seasonal,39109.849094579797,38746.733157104078,363.11593747571897
2025-09-07,ridge,39117.837707341925,38746.733157104078,371.10455023784743
2025-09-07,gru_mean,39122.926477335597,38746.733157104078,376.19332023151946
2025-09-08,seasonal,32711.504478047842,32188.915269493493,522.58920855434917
2025-09-08,ridge,32707.772210909476,32188.915269493493,518.85694141598287
2025-09-08,gru_mean,32711.504478047842,32188.915269493493,522.58920855434917
2025-09-09,seasonal,35013.289565673942,34428.044433429452,585.24513224449038
2025-09-09,ridge,35136.394957356795,34428.044433429452,708.3505239273436
2025-09-09,gru_mean,34977.564439842608,34428.044433429452,549.52000641315681
2025-09-10,seasonal,37466.9641572193,37110.511575498385,356.45258172091417
2025-09-10,ridge,37685.669578891771,37110.511575498385,575.15800339338602
2025-09-10,gru_mean,37382.277748567736,37110.511575498385,271.76617306935077
2025-09-11,seasonal,37930.853772649607,37397.816071240493,533.03770140911365
2025-09-11,ridge,37904.300443513581,37397.816071240493,506.4843722730875
2025-09-11,gru_mean,37910.799684880127,37397.816071240493,512.9836136396334
2025-09-12,seasonal,12117.025086769723,11844.966341273412,272.05874549631153
2025-09-12,ridge,12147.5106364488,11844.966341273412,302.54429517538847
2025-09-12,gru_mean,12251.892855854487,11844.966341273412,406.92651458107503
2025-09-13,seasonal,13079.422773786766,12851.070144854573,228.3526289321926
2025-09-13,ridge,13082.614792009394,12851.070144854573,231.54464715482027
2025-09-13,gru_mean,13091.564792009394,12851.070144854573,240.494647154821
2025-09-14,seasonal,37249.533802601007,36764.93379225643,484.60001034457673
2025-09-14,ridge,37201.407058505974,36764.93379225643,436.47326624954439
2025-09-14,gru_mean,37164.459133051838,36764.93379225643,399.52534079540783
2025-09-15,seasonal,40403.814859866863,40096.833290198745,306.98156966811803
2025-09-15,ridge,40582.635158207544,40096.833290198745,485.80186800879892
2025-09-15,gru_mean,40548.11126439189,40096.833290198745,451.27797419314447
2025-09-16,seasonal,40024.7497249925,39614.149684580545,410.60004041195498
2025-09-16,ridge,39936.992715843371,39614.149684580545,322.84303126282612
2025-09-16,gru_mean,39975.888813269688,39614.149684580545,361.7391286891434
2025-09-17,seasonal,44520.30625886879,44036.493641121313,483.81261774747691
2025-09-17,ridge,44520.850174115032,44036.493641121313,484.35653299371916
2025-09-17,gru_mean,44547.656516164534,44036.493641121313,511.16287504322099
2025-09-18,seasonal,41768.539627368809,41098.762351257377,669.777276111432
2025-09-18,ridge,41768.792928619136,41098.762351257377,670.03057736175833
2025-09-18,gru_mean,41896.797802636756,41098.762351257377,798.03545137937908
2025-09-19,seasonal,14507.09403908495,14293.681941909424,213.41209717552556
2025-09-19,ridge,14554.866989039536,14293.681941909424,261.18504713011134
2025-09-19,gru_mean,14557.620128468956,14293.681941909424,263.93818655953146
2025-09-20,seasonal,14712.447727951192,14356.378205184039,356.0695227671531
2025-09-20,ridge,14658.308725739918,14356.378205184039,301.93052055587941
2025-09-20,gru_mean,14714.247727951191,14356.378205184039,357.86952276715238
2025-09-21,seasonal,44569.730365859439,44009.335080683108,560.39528517633153
2025-09-21,ridge,44460.613775434067,44009.335080683108,451.2786947509594
2025-09-21,gru_mean,44404.018955028987,44009.335080683108,394.6838743458793
2025-09-22,seasonal,45115.383146959641,44770.2850554244,345.09809153524111
2025-09-22,ridge,45116.398100956329,44770.2850554244,346.11304553192895
2025-09-22,gru_mean,45133.205881237001,44770.2850554244,362.92082581260183
2025-09-23,seasonal,46346.018080500122,45685.699218376561,660.31886212356039
2025-09-23,ridge,46384.964889837116,45685.699218376561,699.26567146055459
2025-09-23,gru_mean,46358.68553611244,45685.699218376561,672.9863177358784
2025-09-24,seasonal,47262.175509308639,46775.664041449418,486.51146785922174
2025-09-24,ridge,47293.857664130381,46775.664041449418,518.19362268096302
2025-09-24,gru_mean,47308.804248247034,46775.664041449418,533.14020679761597
2025-09-25,seasonal,45876.696183918582,45407.745586190504,468.95059772807872
2025-09-25,ridge,45863.463084511677,45407.745586190504,455.71749832117348
2025-09-25,gru_mean,45827.520832382812,45407.745586190504,419.77524619230826
2025-09-26,seasonal,15148.570513564835,14808.727059098555,339.84345446627958
2025-09-26,ridge,15164.570840332277,14808.727059098555,355.84378123372153
2025-09-26,gru_mean,15165.726988299031,14808.727059098555,356.99992920047589
2025-09-27,seasonal,15905.205571064407,15569.694739188379,335.51083187602853
2025-09-27,ridge,15892.081516628714,15569.694739188379,322.38677744033521
2025-09-27,gru_mean,15894.331777902607,15569.694739188379,324.63703871422877
2025-09-28,seasonal,48557.722502094402,48060.993387153358,496.72911494104483
2025-09-28,ridge,48540.36927023709,48060.993387153358,479.37588308373233
2025-09-28,gru_mean,48617.495284714583,48060.993387153358,556.50189756122563
2025-09-29,seasonal,47942.30433948779,47411.5138767436,530.79046274418943
2025-09-29,ridge,47960.684401277322,47411.5138767436,549.17052453372162
2025-09-29,gru_mean,47921.014603159172,47411.5138767436,509.50072641557199
2025-09-30,seasonal,49503.420280037652,48936.039430810975,567.38084922667622
2025-09-30,ridge,49553.732493701049,48936.039430810975,617.69306289007363
2025-09-30,gru_mean,49489.725014939075,48936.039430810975,553.68558412809944
2025-10-01,seasonal,47504.971544627624,47035.970858947541,469.00068568008282
2025-10-01,ridge,47534.462648689725,47035.970858947541,498.49178974218376
2025-10-01,gru_mean,47543.771544627627,47035.970858947541,507.80068568008573
2025-10-02,seasonal,41143.774450011348,40875.247988595016,268.52646141633159
2025-10-02,ridge,41184.652317390581,40875.247988595016,309.40432879556465
2025-10-02,gru_mean,41143.774450011348,40875.247988595016,268.52646141633159
2025-10-03,seasonal,13297.161124854836,12920.192567222555,376.96855763228086
2025-10-03,ridge,13390.984696828094,12920.192567222555,470.79212960553923
2025-10-03,gru_mean,13391.623525868137,12920.192567222555,471.430958645582
2025-10-04,seasonal,14887.174186889546,14663.055872904117,224.11831398542927
2025-10-04,ridge,14884.367850107563,14663.055872904117,221.31197720344608
2025-10-04,gru_mean,14885.997619443344,14663.055872904117,222.9417465392271
2025-10-05,seasonal,42445.348911357934,42111.365447032767,333.98346432516701
2025-10-05,ridge,42493.145079383423,42111.365447032767,381.77963235065545
2025-10-05,gru_mean,42369.823818895093,42111.365447032767,258.45837186232529
2025-10-06,seasonal,43467.624412562407,42950.724364029957,516.90004853245046
2025-10-06,ridge,43472.411143445177,42950.724364029957,521.68677941522037
2025-10-06,gru_mean,43471.236752824872,42950.724364029957,520.51238879491575
2025-10-07,seasonal,43177.746484634692,42733.392920970589,444.35356366410269
2025-10-07,ridge,43287.79543860197,42733.392920970589,554.40251763138076
2025-10-07,gru_mean,43249.828618468309,42733.392920970589,516.43569749771996
2025-10-08,seasonal,39006.859862825688,38609.858429519598,397.00143330608989
2025-10-08,ridge,39012.441215156898,38609.858429519598,402.58278563729982
2025-10-08,gru_mean,38984.101377971383,38609.858429519598,374.2429484517852
2025-10-09,seasonal,40213.843026727569,39827.494988367107,386.34803836046194
2025-10-09,ridge,40307.979102546466,39827.494988367107,480.48411417935858
2025-10-09,gru_mean,40230.601146162422,39827.494988367107,403.10615779531508
2025-10-10,seasonal,12572.451172956169,12231.819062381206,340.63211057496301
2025-10-10,ridge,12649.784960946537,12231.819062381206,417.96589856533137
2025-10-10,gru_mean,12552.951172956169,12231.819062381206,321.13211057496301
2025-10-11,seasonal,13606.598166282587,13295.043136040775,311.55503024181235
2025-10-11,ridge,13684.122488274392,13295.043136040775,389.0793522336171
2025-10-11,gru_mean,13649.513726077736,13295.043136040775,354.47059003696086
2025-10-12,seasonal,39915.939990084262,39349.089858533982,566.85013155027991
2025-10-12,ridge,39893.594454324098,39349.089858533982,544.50459579011658
2025-10-12,gru_mean,39898.005021841265,39349.089858533982,548.91516330728336
2025-10-13,seasonal,41402.052257820098,41040.247791528156,361.80446629194194
2025-10-13,ridge,41393.449076870776,41040.247791528156,353.20128534262039
2025-10-13,gru_mean,41374.399076870781,41040.247791528156,334.15128534262476
2025-10-14,seasonal,42046.146620199936,41366.739037763356,679.4075824365791
2025-10-14,ridge,42102.297591133232,41366.739037763356,735.55855336987588
2025-10-14,gru_mean,42060.881406089757,41366.739037763356,694.14236832640017
2025-10-15,seasonal,42230.516884927289,41761.285191944662,469.23169298262656
2025-10-15,ridge,42175.111564748266,41761.285191944662,413.82637280360359
2025-10-15,gru_mean,42230.420339730204,41761.285191944662,469.13514778554236
2025-10-16,seasonal,42234.884892450267,41721.610273658793,513.2746187914745
2025-10-16,ridge,42199.321862803954,41721.610273658793,477.71158914516127
2025-10-16,gru_mean,42277.432212603795,41721.610273658793,555.82193894500233
2025-10-17,seasonal,13523.234402477745,13290.835763164981,232.39863931276341
2025-10-17,ridge,13549.053503705063,13290.835763164981,258.21774054008165
2025-10-17,gru_mean,13551.912965444235,13290.835763164981,261.07720227925347
2025-10-18,seasonal,13666.217789764176,13348.323188614882,317.89460114929352
2025-10-18,ridge,13652.6417977908,13348.323188614882,304.31860917591803
2025-10-18,gru_mean,13715.704044870867,13348.323188614882,367.38085625598433
2025-10-19,seasonal,42995.710360114041,42632.502500460767,363.20785965327377
2025-10-19,ridge,42970.916756485705,42632.502500460767,338.41425602493837
2025-10-19,gru_mean,42999.478655732877,42632.502500460767,366.97615527211019
2025-10-20,seasonal,44913.131079494808,44547.065302334398,366.0657771604092
2025-10-20,ridge,44806.420082732649,44547.065302334398,259.35478039825102
2025-10-20,gru_mean,44913.131079494808,44547.065302334398,366.0657771604092
2025-10-21,seasonal,46545.972957221093,46085.552266767918,460.42069045317476
2025-10-21,ridge,46550.88431457433,46085.552266767918,465.33204780641245
2025-10-21,gru_mean,46545.972957221093,46085.552266767918,460.42069045317476
2025-10-22,seasonal,46364.962049017086,46118.938470625086,246.02357839199976
2025-10-22,ridge,46436.783575837529,46118.938470625086,317.84510521244374
2025-10-22,gru_mean,46432.053775674387,46118.938470625086,313.11530504930124
2025-10-23,seasonal,46828.176008515911,46229.677336951718,598.4986715641935
2025-10-23,ridge,46889.004638008948,46229.677336951718,659.32730105723022
2025-10-23,gru_mean,46853.546011677943,46229.677336951718,623.86867472622544
2025-10-24,seasonal,13308.155533791374,13132.881383465017,175.2741503263569
2025-10-24,ridge,13363.329244086957,13132.881383465017,230.44786062193998
2025-10-24,gru_mean,13308.617298349896,13132.881383465017,175.73591488487909
2025-10-25,seasonal,14215.307203095907,13974.726586939436,240.58061615647057
2025-10-25,ridge,14310.144686271437,13974.726586939436,335.41809933200057
2025-10-25,gru_mean,14298.317765450511,13974.726586939436,323.59117851107476
2025-10-26,seasonal,47270.428145484126,46864.056799683007,406.37134580111888
2025-10-26,ridge,47243.673624219053,46864.056799683007,379.6168245360459
2025-10-26,gru_mean,47255.825743311398,46864.056799683007,391.76894362839084
2025-10-27,seasonal,46660.518813016264,46333.926810024568,326.59200299169606
2025-10-27,ridge,46709.028500608416,46333.926810024568,375.10169058384781
2025-10-27,gru_mean,46729.638570660973,46333.926810024568,395.71176063640451
2025-10-28,seasonal,48522.584979544969,48150.216665084459,372.36831446050928
2025-10-28,ridge,48466.964245465766,48150.216665084459,316.74758038130676
2025-10-28,gru_mean,48483.093291531477,48150.216665084459,332.87662644701777
2025-10-29,seasonal,47976.908966526345,47732.550008280145,244.35895824620093
2025-10-29,ridge,47922.04571717434,47732.550008280145,189.49570889419556
2025-10-29,gru_mean,47974.145788773691,47732.550008280145,241.59578049354604
2025-10-30,seasonal,48743.881556644352,48213.432739082557,530.44881756179529
2025-10-30,ridge,48718.926915308693,48213.432739082557,505.49417622613691
2025-10-30,gru_mean,48788.502685564177,48213.432739082557,575.06994648162072
2025-10-31,seasonal,14348.414124914019,14132.906867568121,215.50725734589832
2025-10-31,ridge,14371.94050742151,14132.906867568121,239.0336398533891
2025-10-31,gru_mean,14367.760555267079,14132.906867568121,234.85368769895831
2025-11-01,seasonal,14750.714007007897,14545.924627005465,204.78938000243215
2025-11-01,ridge,14717.582157689392,14545.924627005465,171.65753068392769
2025-11-01,gru_mean,14736.652596202533,14545.924627005465,190.72796919706889
2025-11-02,seasonal,49606.304834593888,49344.635859841103,261.66897475278529
2025-11-02,ridge,49627.159570935793,49344.635859841103,282.52371109469095
2025-11-02,gru_mean,49637.65326134811,49344.635859841103,293.01740150700789
2025-11-03,seasonal,51171.458778015221,50472.686074113779,698.77270390144258
2025-11-03,ridge,51352.273478738258,50472.686074113779,879.58740462447895
2025-11-03,gru_mean,51267.165535670916,50472.686074113779,794.47946155713726
2025-11-04,seasonal,51606.032760859613,51222.784046191373,383.2487146682397
2025-11-04,ridge,51597.650694769734,51222.784046191373,374.86664857836149
2025-11-04,gru_mean,51565.171767087129,51222.784046191373,342.3877208957565
2025-11-05,seasonal,52415.208013629912,51950.954712616556,464.25330101335567
2025-11-05,ridge,52359.155370965746,51950.954712616556,408.20065834918933
2025-11-05,gru_mean,52393.716010339398,51950.954712616556,442.76129772284185
2025-11-06,seasonal,51388.436797896458,50792.712902856743,595.72389503971499
2025-11-06,ridge,51317.420977513677,50792.712902856743,524.7080746569336
2025-11-06,gru_mean,51376.187147529941,50792.712902856743,583.47424467319797
2025-11-07,seasonal,14943.728930346128,14757.356759720165,186.3721706259621
2025-11-07,ridge,15020.930484191133,14757.356759720165,263.57372447096714
2025-11-07,gru_mean,14985.286455930942,14757.356759720165,227.92969621077646
2025-11-08,seasonal,14532.364870171619,14404.734111563545,127.63075860807476
2025-11-08,ridge,14544.825799995104,14404.734111563545,140.09168843155931
2025-11-08,gru_mean,14532.364870171619,14404.734111563545,127.63075860807476
2025-11-09,seasonal,51852.323562880018,51370.208420393334,482.11514248668391
2025-11-09,ridge,51918.311150944646,51370.208420393334,548.10273055131256
2025-11-09,gru_mean,51961.443443320386,51370.208420393334,591.23502292705234
2025-11-10,seasonal,54225.482594033674,53508.774486786075,716.7081072475994
2025-11-10,ridge,54296.592359922186,53508.774486786075,787.8178731361113
2025-11-10,gru_mean,54240.611370950268,53508.774486786075,731.83688416419318
2025-11-11,seasonal,54042.2285220591,53534.982855022616,507.24566703648452
2025-11-11,ridge,54073.832857213856,53534.982855022616,538.85000219124049
2025-11-11,gru_mean,54090.415466883263,53534.982855022616,555.43261186064774
2025-11-12,seasonal,53553.045975330657,53241.642191994091,311.40378333656554
2025-11-12,ridge,53678.285582704266,53241.642191994091,436.64339071017457
2025-11-12,gru_mean,53536.612676883393,53241.642191994091,294.97048488930159
2025-11-13,seasonal,54625.918897610252,54111.65314659779,514.26575101246272
2025-11-13,ridge,54684.673807370578,54111.65314659779,573.02066077278869
2025-11-13,gru_mean,54634.014257956718,54111.65314659779,522.36111135892861
2025-11-14,seasonal,15169.27172398623,14993.453518987237,175.81820499899368
2025-11-14,ridge,15139.388390652897,14993.453518987237,145.93487166566047
2025-11-14,gru_mean,15173.805057319565,14993.453518987237,180.35153833232835
2025-11-15,seasonal,15427.944186046549,15246.596814129891,181.34737191665772
2025-11-15,ridge,15442.109989337778,15246.596814129891,195.51317520788689
2025-11-15,gru_mean,15418.951088327811,15246.596814129891,172.35427419791995
2025-11-16,seasonal,56263.895109708596,55636.090039151713,627.80507055688213
2025-11-16,ridge,56154.056644910423,55636.090039151713,517.96660575870919
2025-11-16,gru_mean,56096.439831295102,55636.090039151713,460.34979214338819
2025-11-17,seasonal,56618.063112041607,56050.215238182835,567.8478738587728
2025-11-17,ridge,56536.472576958164,56050.215238182835,486.25733877532912
2025-11-17,gru_mean,56632.887268293336,56050.215238182835,582.67203011050151
2025-11-18,seasonal,56119.006836328474,55709.5121774121,409.49465891637374
2025-11-18,ridge,56189.774657543399,55709.5121774121,480.26248013129953
2025-11-18,gru_mean,56126.506836328474,55709.5121774121,416.99465891637374
2025-11-19,seasonal,56679.219287183194,56240.987204824931,438.23208235826314
2025-11-19,ridge,56642.004305726674,56240.987204824931,401.01710090174311
2025-11-19,gru_mean,56639.200549070039,56240.987204824931,398.2133442451086
2025-11-20,seasonal,56998.071544125538,56493.959094040816,504.11245008472179
2025-11-20,ridge,56880.94794885804,56493.959094040816,386.98885481722391
2025-11-20,gru_mean,56959.607170546427,56493.959094040816,465.64807650561124
2025-11-21,seasonal,15780.992337318676,15476.155463250228,304.83687406844729
2025-11-21,ridge,15783.85097722341,15476.155463250228,307.69551397318173
2025-11-21,gru_mean,15816.973960581599,15476.155463250228,340.81849733137096
2025-11-22,seasonal,16249.128955323486,16010.916631346929,238.21232397655695
2025-11-22,ridge,16208.97877105276,16010.916631346929,198.06213970583121
2025-11-22,gru_mean,16250.697992197038,16010.916631346929,239.78136085010919
2025-11-23,seasonal,58076.444756086348,57538.605660421585,537.83909566476359
2025-11-23,ridge,58042.357631640341,57538.605660421585,503.75197121875681
2025-11-23,gru_mean,57942.105973960628,57538.605660421585,403.50031353904342
2025-11-24,seasonal,57030.341038702354,56512.725177170789,517.61586153156532
2025-11-24,ridge,57053.33334850987,56512.725177170789,540.60817133908131
2025-11-24,gru_mean,57033.944829878506,56512.725177170789,521.21965270771761
2025-11-25,seasonal,57510.115981932082,56943.535555205759,566.58042672632291
2025-11-25,ridge,57529.547159216512,56943.535555205759,586.01160401075322
2025-11-25,gru_mean,57482.806714610939,56943.535555205759,539.27115940517979
2025-11-26,seasonal,58296.351762639868,57797.274749763252,499.07701287661621
2025-11-26,ridge,58247.975763247479,57797.274749763252,450.70101348422759
2025-11-26,gru_mean,58319.841989843699,57797.274749763252,522.56724008044694
2025-11-27,seasonal,58413.45868984158,57830.434224572498,583.0244652690817
2025-11-27,ridge,58307.684340541477,57830.434224572498,477.25011596897821
2025-11-27,gru_mean,58338.306185941241,57830.434224572498,507.87196136874263
2025-11-28,seasonal,15761.29197650111,15434.648676472612,326.64330002849783
2025-11-28,ridge,15785.054976828196,15434.648676472612,350.40630035558388
2025-11-28,gru_mean,15764.804980299506,15434.648676472612,330.15630382689415
2025-11-29,seasonal,16476.134336871874,16174.14883826671,301.98549860516323
2025-11-29,ridge,16488.984906741025,16174.14883826671,314.83606847431474
2025-11-29,gru_mean,16483.064654906801,16174.14883826671,308.91581664009027
2025-11-30,seasonal,60170.548913979634,59670.012777274635,500.53613670499908
2025-11-30,ridge,60182.078962692947,59670.012777274635,512.06618541831267
2025-11-30,gru_mean,60148.188923105772,59670.012777274635,478.17614583113755
2025-12-01,seasonal,64030.748882449494,63251.984173994861,778.76470845463336
2025-12-01,ridge,64552.143752436401,63251.984173994861,1300.1595784415404
2025-12-01,gru_mean,63962.025946841561,63251.984173994861,710.04177284670004
2025-12-02,seasonal,66142.984296879469,65913.213676084357,229.77062079511234
2025-12-02,ridge,66791.687111535619,65913.213676084357,878.47343545126205
2025-12-02,gru_mean,66259.845146085703,65913.213676084357,346.63147000134632
2025-12-03,seasonal,74999.115244617336,74555.452717693115,443.66252692422131
2025-12-03,ridge,75484.092531743168,74555.452717693115,928.63981405005325
2025-12-03,gru_mean,75195.806855814619,74555.452717693115,640.35413812150364
2025-12-04,seasonal,73818.592496024605,73517.570168088656,301.02232793594885
2025-12-04,ridge,74911.440036145563,73517.570168088656,1393.8698680569069
2025-12-04,gru_mean,74115.759861245257,73517.570168088656,598.1896931566007
2025-12-05,seasonal,25014.630148300319,24682.725825877907,331.9043224224115
2025-12-05,ridge,25058.462151786312,24682.725825877907,375.73632590840498
2025-12-05,gru_mean,25009.976317912289,24682.725825877907,327.25049203438175
2025-12-06,seasonal,24848.770034941757,24596.328480989538,252.44155395221969
2025-12-06,ridge,24905.082070483873,24596.328480989538,308.75358949433576
2025-12-06,gru_mean,24921.295301743012,24596.328480989538,324.96682075347417
2025-12-07,seasonal,75607.238991264865,75375.584352719598,231.65463854526752
2025-12-07,ridge,75938.531673051533,75375.584352719598,562.94732033193577
2025-12-07,gru_mean,75931.829633151152,75375.584352719598,556.24528043155442
2025-12-08,seasonal,81527.051107049279,81299.930424523467,227.1206825258123
2025-12-08,ridge,81450.946686160241,81299.930424523467,151.01626163677429
2025-12-08,gru_mean,81501.963452802534,81299.930424523467,202.03302827906737
2025-12-09,seasonal,80039.529911444522,79753.692315046457,285.83759639806522
2025-12-09,ridge,80067.42259066469,79753.692315046457,313.73027561823255
2025-12-09,gru_mean,80033.311034686907,79753.692315046457,279.61871964044985
2025-12-10,seasonal,75260.85252231927,74896.43292793975,364.41959437952028
2025-12-10,ridge,75231.723504340771,74896.43292793975,335.2905764010211
2025-12-10,gru_mean,75249.352522319256,74896.43292793975,352.91959437950572
2025-12-11,seasonal,74518.154850530438,74150.64799774962,367.50685278081801
2025-12-11,ridge,74394.920099469309,74150.64799774962,244.27210171968909
2025-12-11,gru_mean,74514.341160455922,74150.64799774962,363.69316270630225
2025-12-12,seasonal,24232.83489803438,23765.161082747138,467.67381528724218
2025-12-12,ridge,24181.495319213733,23765.161082747138,416.33423646659503
2025-12-12,gru_mean,24258.03389097983,23765.161082747138,492.87280823269248
2025-12-13,seasonal,25401.768556706331,25133.752820550144,268.0157361561869
2025-12-13,ridge,25461.070800815542,25133.752820550144,327.31798026539764
2025-12-13,gru_mean,25454.749848235839,25133.752820550144,320.99702768569477
2025-12-14,seasonal,75921.154662489105,75729.994443879026,191.16021861007903
2025-12-14,ridge,76159.974065687682,75729.994443879026,429.97962180865579
2025-12-14,gru_mean,75936.047967413353,75729.994443879026,206.05352353432681
2025-12-15,seasonal,75425.404772193055,75110.901501350701,314.50327084235323
2025-12-15,ridge,75512.696951785329,75110.901501350701,401.79545043462713
2025-12-15,gru_mean,75385.231091335474,75110.901501350701,274.32958998477261
2025-12-16,seasonal,75211.062015636038,74888.227246873503,322.83476876253553
2025-12-16,ridge,75153.076304450224,74888.227246873503,264.84905757672095
2025-12-16,gru_mean,75197.516602953445,74888.227246873503,309.28935607994208
2025-12-17,seasonal,73801.669269097969,73487.452213989061,314.21705510890752
2025-12-17,ridge,73793.461875845038,73487.452213989061,306.00966185597645
2025-12-17,gru_mean,73789.134709109552,73487.452213989061,301.68249512049078
2025-12-18,seasonal,71987.254263827577,71659.387224551261,327.86703927631606
2025-12-18,ridge,71961.633521054915,71659.387224551261,302.24629650365387
2025-12-18,gru_mean,71988.475335744617,71659.387224551261,329.08811119335587
2025-12-19,seasonal,23501.059461641591,23042.840447935196,458.21901370639534
2025-12-19,ridge,23379.386294635482,23042.840447935196,336.54584670028635
2025-12-19,gru_mean,23412.765581327563,23042.840447935196,369.92513339236757
2025-12-20,seasonal,23319.311960800933,23020.808461326931,298.50349947400173
2025-12-20,ridge,23451.662464258767,23020.808461326931,430.85400293183557
2025-12-20,gru_mean,23369.164224908767,23020.808461326931,348.35576358183607
2025-12-21,seasonal,72995.630302723061,72814.112789857871,181.51751286518993
2025-12-21,ridge,73096.453725813801,72814.112789857871,282.34093595593004
2025-12-21,gru_mean,73032.37705914714,72814.112789857871,218.26426928926958
2025-12-22,seasonal,73813.905854804412,73497.041631979169,316.8642228252429
2025-12-22,ridge,73885.303183758311,73497.041631979169,388.26155177914188
2025-12-22,gru_mean,73905.403506095099,73497.041631979169,408.36187411592982
2025-12-23,seasonal,73123.159642171493,72787.001825786952,336.15781638454064
2025-12-23,ridge,73004.536805432319,72787.001825786952,217.53497964536655
2025-12-23,gru_mean,73109.179034742425,72787.001825786952,322.17720895547245
2025-12-24,seasonal,70913.874376586129,70445.003297421033,468.87107916509558
2025-12-24,ridge,70990.942315769105,70445.003297421033,545.93901834807184
2025-12-24,gru_mean,70918.441590472503,70445.003297421033,473.43829305146937
2025-12-25,seasonal,71068.386253414996,70772.527317618355,295.85893579664116
2025-12-25,ridge,71086.126148831259,70772.527317618355,313.59883121290477
2025-12-25,gru_mean,71055.149517635218,70772.527317618355,282.62220001686364
2025-12-26,seasonal,22303.547408052291,21997.197315569858,306.35009248243296
2025-12-26,ridge,22446.964551805155,21997.197315569858,449.76723623529688
2025-12-26,gru_mean,22497.810015278501,21997.197315569858,500.61269970864305
2025-12-27,seasonal,22010.608568342224,21466.408773091935,544.19979525028975
2025-12-27,ridge,21979.648576626427,21466.408773091935,513.23980353449224
2025-12-27,gru_mean,21986.094238115413,21466.408773091935,519.68546502347817
2025-12-28,seasonal,70784.893479805934,70657.071596376278,127.82188342965674
2025-12-28,ridge,70851.527576006076,70657.071596376278,194.45597962979809
2025-12-28,gru_mean,70770.77883947044,70657.071596376278,113.70724309416255
2025-12-29,seasonal,70510.570194574786,70266.512517208699,244.05767736608686
2025-12-29,ridge,70593.939102848803,70266.512517208699,327.42658564010344
2025-12-29,gru_mean,70510.570194574786,70266.512517208699,244.05767736608686
2025-12-30,seasonal,68657.839452008746,68346.093510191713,311.74594181703287
2025-12-30,ridge,68754.048725948756,68346.093510191713,407.95521575704333
2025-12-30,gru_mean,68657.839452008746,68346.093510191713,311.74594181703287
2025-12-31,seasonal,69069.339971188238,68860.072180838528,209.26779034970968
2025-12-31,ridge,69066.684576170286,68860.072180838528,206.61239533175831
2025-12-31,gru_mean,69102.401945213162,68860.072180838528,242.32976437463367
